"id","utm_x","utm_y","n_examined","n_pos","prevalence_true","ml_signal_true","S_residual_true","elevation","ndvi","urban","rainfall","temperature","pop_density","river_index","north_index"
1,544752.723598029,874434.274116984,194,41,0.17734108983415,0.205555291621958,-0.74002202006584,255.503697462524,0.798483909306945,1,1725.74004807239,21.9279453806396,170.309145676751,0.902977759033985,-0.728694140083868
2,899077.783540728,970439.114831995,89,11,0.0814790157292217,-0.312419360165432,-1.10999987908887,281.711579926743,0.61962157407303,1,1562.98020357275,22.0917777088766,270.552782414845,0.0722849068521048,-0.356633159984286
3,6066.05793878675,1075425.17060589,105,21,0.219030731081671,-0.0813682107923008,-0.18995554535143,332.483681125957,0.661443550289954,0,1492.67765306844,24.5437060591925,21.4561162829403,0.15613977145109,0.0502339783507297
4,155792.949581162,1016323.74895029,83,48,0.602227214108231,0.620670165980489,0.794083687646556,265.957632837011,0.610915858743275,0,1730.64354896876,22.4433226508842,27.8085025666555,0.44652167561274,-0.178810023000589
5,238734.33288879,935994.441746049,175,79,0.444568367367751,0.630167642794631,0.147190679747507,241.685485995541,0.643982776837369,0,1682.59814893831,22.7409380912848,79.7305175816972,0.628831004457252,-0.490121416744269
6,166573.431498909,1484051.41823268,146,106,0.708815162414161,2.43636517037043,-0.546728625877484,252.414467293746,0.264593118283796,0,976.589216423134,28.5525606499249,10.8874424676914,0.808292369038117,1.63384039917431
7,940564.538847908,1422561.97312551,99,35,0.475611901340473,1.04925434604327,-0.146884214169914,238.900457808791,0.294465761678249,1,1053.30029634242,26.7198364554144,95.0592986205685,0.00983758025268104,1.3955417567104
8,194590.048230846,852900.931233276,169,54,0.391676272978508,0.0671133912747372,0.492615087062022,275.453367971073,0.7080411294026,1,1872.25173852685,22.6685214616662,69.7014908073692,0.441670455369739,-0.812145313987853
9,175724.74821416,1422708.67659076,70,42,0.624650351775275,2.18395415018545,-0.674620080977849,204.627909303375,0.299448437519085,0,927.801993206334,28.1876432391179,16.2792879425487,0.792508917730668,1.39611029715749
10,164798.177063162,1311643.42094703,66,49,0.62512443579863,1.75795983089425,-0.246603245803982,294.603985330064,0.381300619795131,0,1135.70180922978,27.4028053102546,23.9922600653562,0.685329129541351,0.96568358573277
11,-100306.339613281,835955.88100768,113,12,0.114639415776389,-1.06030661618482,0.0161033017056807,262.709761769196,0.816540333894064,0,1860.62900642106,23.0925664064079,41.4994822390034,0.0238078904003387,-0.877814835939219
12,197685.321026702,1470077.17166577,183,117,0.691749238766058,2.48209374394949,-0.673783837305359,233.706462041059,0.262737422251586,0,1110.72497382413,29.7622310373545,11.3106144692026,0.874498708947063,1.57968404794125
13,685633.934700798,895509.060494737,157,24,0.201489706923444,-0.317411035795911,-0.0595985244752787,246.510208675049,0.75618444750673,1,1788.44362703559,23.3031571180964,124.55009886398,0.50856036073803,-0.647020074310742
14,282035.07799984,1286172.22001954,66,35,0.541846772432102,1.85379144039572,-0.686011872785918,327.471571695115,0.383633368136269,1,1250.81025051092,26.8388509198503,33.5010454214972,0.947161467004708,0.866971480063791
15,251834.527636296,483660.362343214,197,7,0.0291183219926971,-1.3524787869206,-1.15435822034347,278.599418207388,0.880285361440512,1,2262.37610929456,17.6009049668532,291.811135579677,0.351619668817988,-2.24311490813128
16,894087.484966474,1308709.13553584,133,46,0.309413973236233,0.550306587825985,-0.353167039618699,304.263405131643,0.362992456146383,0,1105.99106862777,26.8481688253594,26.0193128439937,0.0278230010054154,0.954311939284009
17,588501.48172049,1149115.10116359,139,17,0.12606533428506,-0.032372623742488,-0.903832697297125,391.135423721263,0.628000190069728,1,1487.55056211959,25.6571163966049,63.2012503415001,0.608657129965395,0.335814867632685
18,883122.484109281,1065711.38046408,62,6,0.0942059154843551,-0.153879025676635,-1.10944999806583,309.511501827674,0.547361227698585,1,1503.94895883792,24.3636429394217,121.883548734924,0.0662959879471678,0.0125887694870259
19,343188.12577253,1425096.42569636,133,91,0.679677591739651,2.44102122941376,-0.688730687867202,277.992598184818,0.310902466073568,0,920.200126302387,28.1651965462977,30.0975948071346,0.990804221291145,1.40536387505884
20,899096.196529459,1201192.55328745,139,14,0.0758543956151609,-0.169382261801039,-1.3306717223944,369.513614425767,0.443377095269214,0,1403.63764938836,25.2846752535739,131.895614378882,0.0366952279166338,0.537637897950613
21,503779.025363533,1052888.70291539,69,29,0.29375199755424,0.831276024007477,-0.708506612448847,296.717072719154,0.684941589127432,0,1474.07269131939,23.5110785728564,37.831154545797,0.896301940608571,-0.0371047453476124
22,495256.176552473,1184238.54580262,162,48,0.279303706781784,0.908829619403471,-0.856747693464397,353.381904298488,0.587647248533137,1,1356.64900375423,25.1008897076427,71.8504244263036,0.842676257257778,0.471933662680387
23,350338.41762867,1051195.4515572,132,62,0.482154423525549,0.920654665437171,0.00793269516066208,350.143130488475,0.594112247949538,1,1522.07636810494,22.1066388030039,29.4108877513743,0.961315761604748,-0.0436668390419391
24,471129.81851707,770916.48296752,192,18,0.106388808667101,-0.338758912869067,-0.789411469005102,353.532633666587,0.829850145158692,0,1812.46515477352,20.660333405832,79.1992011776051,0.99950201635267,-1.1298711072656
25,354787.107178986,1156592.39926272,89,34,0.380108511637542,1.3233261863645,-0.812413861418128,347.084132785619,0.516395612772617,0,1517.96165576073,24.8854281507231,61.5975964440027,0.991333519880447,0.364792686235791
26,467370.071638956,746197.143123379,105,15,0.144239026486381,-0.190442121446474,-0.590077149542164,323.800815041244,0.83919473799133,1,2030.9975658899,19.8313957947971,227.548133331636,0.996827460559336,-1.22566942057281
27,-96560.4358174721,747941.118000944,173,12,0.0632037947150018,-1.54418428294951,-0.15191713629606,315.877589997945,0.854266858197194,1,1929.22948419492,19.6047218847881,88.2462202358015,0.0186400826451105,-1.218910750933
28,497213.381386406,896708.150594685,137,36,0.276889456972846,0.448543398211074,-0.408487149365989,237.128972680888,0.777179926623442,0,1722.76934864582,21.6971086314708,70.4118452027175,0.969878144382201,-0.642373072821111
29,744020.366457976,770569.131492882,175,21,0.131884387124808,-0.889004959254261,0.00460574259292479,292.878358792143,0.794233781550417,1,1944.13700353114,20.5116842583485,236.31925650675,0.431708630306194,-1.13121724699283
30,236069.237102323,658346.694758474,149,6,0.076529149888629,-1.01807554358427,-0.472391978428581,349.99717133625,0.810627856338925,1,2012.72945052722,20.6833220865069,133.561486558882,0.423125932240936,-1.56612854406494
31,77005.2491414095,1309258.72830818,141,72,0.477592489986844,1.13156301893882,-0.221253135308411,335.556971592233,0.439923465782413,0,1069.0002117627,26.4816575791195,21.8313368457465,0.429848985875455,0.956441852984322
32,893528.760100866,1455189.99418998,179,91,0.471951981704353,1.03200542542785,-0.144315402007617,240.444505683049,0.265675647730811,0,1029.6738465913,26.3642461959528,22.8132352532833,0.0171913144010023,1.52198968793494
33,363299.706044954,1395922.26584845,53,32,0.647100485028395,2.35705467320739,-0.75073643787562,260.729514394661,0.342114996881242,0,1167.47828840712,27.7585336416787,22.5108797297863,0.980477829234186,1.29230117503502
34,440760.57005476,1124914.77058925,55,14,0.352114353793327,1.1050855309722,-0.714843748277471,336.531291949559,0.600794160569191,0,1467.93783545935,24.5567805461514,47.7011604265852,0.969662855014874,0.242027943502992
35,1035942.82224048,1431314.20001448,97,46,0.456744122717927,1.22572120168699,-0.39917831194521,215.793112766885,0.338022935531752,0,941.455192480795,27.0239127048005,25.8227565188928,0.00207527124539091,1.42946048507982
36,775950.782453665,1349720.70415662,173,58,0.298825359153957,0.707906168397217,-0.560803835774718,262.26520326209,0.369766861147459,1,1143.30485929631,27.1838243058874,48.6357130629453,0.0989027854315558,1.1132498043211
37,494260.079205598,1381117.2528806,103,36,0.465590731373478,1.79430056755892,-0.93215554424253,253.501221241467,0.435851011999782,1,973.473053318768,27.0560171505894,14.691451631208,0.715615842519658,1.2349252386324
38,398995.488254251,1154753.91901784,104,39,0.344789610661739,1.32741245534871,-0.969434437661127,335.807249813777,0.548705942314446,1,1415.8363826161,25.7039538840554,36.6837212560119,0.996725174724385,0.357667766734754
39,283725.011982173,1406645.64242503,96,56,0.643049642758368,2.44652623562753,-0.857901026223112,267.633625523824,0.300300889332601,0,1032.01431015017,28.4931390531111,35.4970159282051,0.984673017313379,1.33385897534327
40,365475.8718167,722022.49450293,161,21,0.155448146540446,-0.142395373189476,-0.550098549300641,305.893415330934,0.808662117658648,0,1921.34552382669,21.2304310668033,231.701520371399,0.832843685253085,-1.31935681583642
41,492898.674465635,857234.579541724,141,33,0.195965777868035,0.353178480176377,-0.76488027201866,250.149782393398,0.796345505039911,1,1761.23483738025,20.3107619229436,181.780079736911,0.984169388826914,-0.795350520881173
42,-48708.8180974833,1415868.68093073,63,27,0.515831113941302,1.23209099669616,-0.168745367341516,240.577672167811,0.424179790440455,0,932.276729567624,26.6400179153583,14.3421552082798,0.20418418969957,1.36960230578754
43,342889.936465737,872562.813621806,55,19,0.329982752499128,0.598851648913913,-0.307114715565711,241.05464093346,0.714313290074343,0,1744.29471854832,22.3569769100967,100.163891441974,0.867620506171749,-0.735946872559312
44,213250.189003497,1147756.30503738,59,29,0.498246207046381,0.81694427497282,0.176040524442901,372.140656065943,0.487538244753149,0,1492.63663348195,27.071469022967,23.8602951016529,0.707749985117057,0.330548935053589
45,21327.1540630953,1427263.65294336,112,75,0.667257182159072,1.56242936643861,0.133376312815731,227.316335231481,0.388075511217046,0,947.087760844473,26.6357591611767,10.7053789943729,0.360782233464978,1.41376283377396
46,767163.73565912,980153.833586546,131,19,0.132977207714258,-0.25835572338656,-0.616531798761999,255.447797595247,0.653809339594865,0,1802.44732397663,22.7785585116405,132.190459929835,0.251320694320576,-0.318984352337809
47,-150544.146880463,901085.734404634,57,9,0.141808312167585,-0.885676800654577,0.0853255450607046,262.80139821605,0.772363729228099,0,1618.51277867773,22.6363848765363,31.2636400252416,0.0149222801605692,-0.625408010323563
48,690874.616075166,1196233.33522856,89,15,0.118575192705269,-0.197160767197368,-0.808831633206895,380.319773319964,0.546146952981666,1,1364.25517297148,25.5588783933377,66.2096887069877,0.300050008745673,0.518418746939314
49,434041.370967469,670592.712468412,92,7,0.0782048894861636,-0.887521427104442,-0.57946937789182,376.442842646904,0.857970487289821,1,2192.66187161784,20.8810784092313,95.9565195005816,0.945986255693783,-1.51866983971688
50,489974.502449119,725735.98786206,125,22,0.121279394793467,-0.471339418933132,-0.509030641220477,344.998854864331,0.853908507712173,1,1963.41514606641,20.6964139989686,143.461280298662,0.999984433106232,-1.30496539589862
51,-110562.013795962,917787.970365764,160,21,0.16124107029019,-0.762526415427399,0.113503656845459,245.015366293789,0.773907479621449,0,1821.18870986809,21.8971761725566,40.5359049637039,0.0271832590686562,-0.560679500435196
52,861156.007760033,987743.321338938,168,20,0.107033600773625,-0.266688436764587,-0.854717705470025,268.943327671895,0.608309987631763,1,1561.28106319581,24.0962519024232,220.197181881029,0.103789935281549,-0.289571749488013
53,153339.393309937,634821.093657212,124,7,0.086373895762445,-1.22963718033188,-0.129098733321479,323.432189728624,0.837475400429094,0,2117.40131244884,18.8660225527675,138.646577965617,0.219075045295811,-1.65730059474466
54,-105219.550065218,938480.641893769,78,13,0.152536574395768,-0.709376849862823,-0.00546643343558158,221.326293865376,0.763386034700584,0,1736.43058020251,23.4026573508962,19.2430444405495,0.0311319470868042,-0.480486297756568
55,86378.1541994152,1329277.40021754,168,72,0.477039055942573,1.49119484592549,-0.583103264624708,285.851552108582,0.417972724218614,0,1179.19490157255,26.4373444947046,13.7629533206487,0.469514020141423,1.03402301071985
56,812715.751693969,932384.240755405,112,19,0.156932705803789,-0.444400915186203,-0.236828778662826,251.782641808272,0.663001288950362,0,1513.67303809454,22.3823018303984,92.8687246694029,0.188807465783115,-0.504112533326846
57,135288.781665176,1465567.33823428,116,86,0.787954350081397,2.25130088193229,0.0613376935821078,247.878722640652,0.290759213275489,1,969.034360408169,27.9301045290446,9.89790149508925,0.710364815655266,1.56220645999765
58,405751.583526207,852516.557923981,117,25,0.21793750728187,0.468922430193936,-0.746648723659575,284.438656959358,0.759941725470858,1,1823.49237613281,21.9448677218161,85.4934995626055,0.96894433758263,-0.813634929606347
59,504409.238637192,1272443.2251087,59,15,0.320068712976114,1.1831268780264,-0.936582921803161,339.662657856271,0.524213119843814,0,1111.482349589,26.9566124583049,36.7557749809266,0.762625496451787,0.813765586858116
60,-41044.293734524,1311138.85659911,91,31,0.353849801437022,0.789676930193824,-0.39183637909516,303.074357872485,0.503120762168987,0,1229.87115532644,25.4619426617875,28.5689176270654,0.173476732202203,0.963728176980312
61,672804.672003237,1365991.44423467,186,37,0.225535545956778,0.927253655520431,-1.16094764070601,269.883963803299,0.427301913372194,1,1189.09223734353,26.2973857830011,44.744162050931,0.248486835336858,1.17630607789334
62,134681.378374609,826223.79593093,56,13,0.263150871258765,-0.281476262134955,0.251820623563261,251.479543711357,0.748770923822207,1,1887.18537450161,21.4773594874535,51.6605083985996,0.277049582475034,-0.915530945721817
63,593677.973170128,1392755.88301315,125,28,0.257337348221804,1.29570097703353,-1.3555550202211,267.861539594395,0.441388064697133,0,1007.64549013786,27.3889646708546,33.8494740107374,0.420673738259376,1.28003004899283
64,329783.09349464,1219296.83463965,137,68,0.549070394529014,1.24687994720233,-0.0499645326167689,378.615947187293,0.452979284823881,0,1170.25385408884,24.9733389343871,18.5248220159742,0.984301389055014,0.607799950340169
65,266196.368513018,1284847.72482079,50,24,0.55382770746445,1.81606984633281,-0.599921388868404,328.538122417793,0.381519728626349,0,1065.6075411099,26.4960225446919,23.5617473053727,0.92006737567345,0.861838478663904
66,829417.204390552,1049571.75569733,76,12,0.144693260155815,-0.14902801678513,-0.62781609336408,288.432357433556,0.570609206867968,1,1574.10298745894,24.70665088079,121.129679189628,0.122611458761704,-0.0499593745902541
67,196208.514959262,1254403.12138011,144,71,0.447192172646706,1.28526092719655,-0.497282940355092,358.241124053935,0.410682853768835,0,1190.62272361783,27.4192566099491,24.5419136363268,0.734494968824195,0.743852250984954
68,701253.360419305,1246261.05725014,171,22,0.141215747118969,0.204055852954184,-1.00928474025556,346.81355215863,0.50018410331438,0,1229.69329018257,26.1335577511183,51.0768999293626,0.251050824078214,0.712298171652404
69,654302.763550761,1130072.44188986,198,38,0.147378518489766,0.105644542263839,-0.86095600860157,339.392575638453,0.618508375443528,0,1298.26315086978,25.4638196950517,39.1035921193089,0.433057918179663,0.262016188104484
70,357158.826377771,948463.240517625,65,24,0.343932600170075,0.913235310371559,-0.559053129242555,230.611184515408,0.671959283182305,1,1636.87285580867,21.3431088332952,94.6434110720334,0.933219020006849,-0.441799337804644
71,336085.646248122,690116.969838978,146,9,0.111080410301164,-0.532890602064037,-0.546861822899965,341.072891576648,0.812459995930224,0,1947.13954372906,20.6575530530592,216.888593405663,0.73402066580332,-1.44300475575957
72,-6368.08567033408,1168602.27697287,112,29,0.223344867387205,-0.326448923058706,0.0801695833911617,394.456379995818,0.59997794102027,0,1395.2489223113,25.1619059958377,33.7445973880537,0.172374786723706,0.411336244231786
73,944829.119971639,1195251.19454188,196,13,0.0875159298264335,-0.50051356930339,-0.84383622670406,404.062811842022,0.459495102900236,0,1364.66580012785,25.2972676422248,73.7370256951179,0.0206072490451421,0.514612519839102
74,313778.507380194,763146.849795414,78,16,0.204983474078513,-0.387287533753375,0.0318539936302198,356.489509453855,0.767356922709146,0,1830.2742481435,21.6334637023492,69.4191429412613,0.722214673822988,-1.15998185284362
75,219171.086202732,1364053.73848415,110,70,0.631549091370223,2.2047011115834,-0.665832918391226,264.00433269475,0.326218536138433,0,1086.79743867307,26.953326239824,21.9294088781673,0.863684255205248,1.1687966159192
76,150596.086392482,996042.914818969,106,67,0.558502844032502,0.521824421006996,0.713263711485223,256.428006187799,0.628559960614145,0,1553.00476223168,25.5073841641317,46.6735209594311,0.418644829902166,-0.257407174643552
77,372997.503366936,647749.957713598,87,1,0.0567460159187752,-1.15144983544099,-0.659300297352651,390.68798957345,0.844536567320452,1,2090.8466743065,20.3146703752468,94.9993246189501,0.805381582740525,-1.60719556049256
78,453402.408031774,667579.651105998,115,13,0.0982166633186798,-0.509148062279195,-0.70805033716618,326.672257249166,0.865387161555898,1,2003.07644402582,20.2334607144713,110.109716917649,0.970987405467147,-1.53034677762179
79,671798.235802585,1095792.236108,89,13,0.12157711551413,0.185818733064501,-1.16339809891001,298.432180778674,0.633535242027496,1,1383.45261993106,25.9659325170321,88.0773568070334,0.408839785173864,0.129165314479505
80,135559.378008189,549156.862632703,165,4,0.0369529936985739,-1.4937055889689,-0.766749969625292,292.210232960211,0.875315091155762,0,2160.70673930529,18.6977506504081,197.410501519732,0.154509738566443,-1.98928716455803
81,132981.448296812,1524455.26520349,143,108,0.765676568581639,2.43938589740555,-0.255328397625639,242.927402772211,0.255735307655811,0,852.237136265494,28.1561301033178,11.9160461400919,0.745103339973581,1.79042307554558
82,357212.674382909,716807.805091251,145,13,0.107742420370607,-0.596774005064534,-0.517237470309918,365.16278692876,0.807743564769874,1,2013.76529414804,20.4409986123289,116.25825701656,0.80886378158893,-1.33956603069449
83,94518.4887209596,956947.135994074,197,82,0.41604314454158,0.0970170830893476,0.563944782175001,251.086557299736,0.689831824815298,1,1549.62057788351,23.1672107889528,44.5569358938765,0.260680095755326,-0.408920511669198
84,-87209.9504640879,1027654.93242979,131,9,0.142131945943591,-0.309673701221669,-0.488020780338394,267.489060269142,0.712136158606659,0,1371.37051952231,24.5864990789999,26.1366624619723,0.0510996686498063,-0.134896703633861
85,-74898.7789102895,764898.397315344,115,11,0.0857009908120098,-1.39794040043504,0.0306471258862024,306.026070535248,0.848457615306444,0,1879.25102692379,20.4952012913469,33.3805143344836,0.0263831689653081,-1.15319383588424
86,894859.188135118,1441830.65877282,183,85,0.472886567123539,0.971641045863194,-0.0802012699679587,221.097773835779,0.273900023376663,0,928.66081044254,28.5049556298293,23.765435074679,0.0176705570809735,1.47021638784122
87,893923.038235775,1040187.02358219,164,20,0.124706928598193,-0.0751211859819924,-0.873471169763948,261.858832480627,0.567110949432099,1,1462.29598676694,23.1184205172824,189.256484077026,0.0630077998838971,-0.0863293388829571
88,125644.098085225,1038607.31675473,81,49,0.581741224105946,0.55513005617584,0.774795338497691,278.977562303359,0.612452851483871,0,1678.22956260532,23.0609419603901,54.2995178239143,0.380756911525741,-0.0924513975845513
89,698948.055395293,780891.425678693,111,13,0.107652178369139,-0.881765863123156,-0.233184668747079,321.51967075884,0.810017273043539,1,1826.46855390957,21.0327238535867,163.807676008361,0.552534113313833,-1.09121381734234
90,165346.024104411,753906.984241956,126,27,0.183090196611198,-0.605798767255099,0.110248987332452,310.156832824547,0.776260743032398,0,1839.71653049584,20.8271863723971,94.2442888723711,0.305346063972953,-1.19579039549839
91,420706.712979828,1242225.38855264,168,60,0.368586596106983,1.38472989017314,-0.923015014675282,353.485105242001,0.496992722063178,0,1305.62531577036,26.2829325810484,45.4310474495083,0.958174902690561,0.69665818058774
92,296424.379703641,828012.167766339,105,28,0.279855974697758,0.281757693478198,-0.226933825872885,283.499883225949,0.723929197810856,1,1828.01905166367,21.9301258207579,104.997600262317,0.718649227669533,-0.908600218344851
93,736562.013058574,899885.593512578,53,8,0.151753687049618,-0.467461365410255,-0.253450965078431,219.812553663505,0.725403781978937,1,1751.94943537841,23.0072905517901,189.862712264748,0.366923871678253,-0.630059084094742
94,592937.121008709,1043106.60781701,159,35,0.205155417007695,0.462523712889696,-0.816902491694767,257.891744125154,0.700377414958656,0,1501.64613150318,23.5089661402916,102.309599130513,0.672951432509207,-0.0750146659581086
95,460437.502130668,616959.905128518,99,11,0.097736394074021,-0.937445639345784,-0.285187085940062,359.893612570532,0.884506256280197,1,2023.9808816531,19.720210257771,291.713510619909,0.964320014215322,-1.72652055553243
96,873107.273583249,1383903.42369205,189,65,0.354336145595787,0.827550223418823,-0.427583216140161,241.906277049645,0.311236906706462,1,1068.2255867114,27.3567615265501,28.6282824724514,0.028674221238354,1.2457228758673
97,410384.547670375,1139264.08128999,143,28,0.188107830577725,0.491002245612766,-0.953354415372132,412.498508273611,0.568803762235666,0,1326.46069849982,24.3758038756602,56.5238112335384,0.993095427971047,0.29763783320555
98,456264.201714668,1074804.84316806,65,27,0.393011318932366,1.16539700550032,-0.600068736241786,275.947277498,0.646954512832281,0,1476.92791449024,24.0485183362109,54.6163668977442,0.965968864266183,0.0478299367129888
99,-170833.649681045,887504.236009682,74,5,0.114705779201211,-0.989850823593654,-0.0536988108143742,216.869633979837,0.771958651331079,0,1731.65582765151,21.6855300620023,27.490390610417,0.0106152158295114,-0.678042289662111
100,174552.825664355,786626.197704661,91,18,0.187502418587564,-0.438370191842437,-0.0279510011729197,312.457280071181,0.754793117766564,1,1886.69816587126,21.5609836495374,76.3761759923682,0.346466308128186,-1.06898905362482
101,-126087.115063884,772457.699577485,134,9,0.0862543891472973,-1.49332151658169,0.133070252254611,313.427427487129,0.840542894749393,0,2018.99876739292,21.082208587807,40.4103679235022,0.0134209661461867,-1.12389821508455
102,473265.494660356,849562.410311505,58,16,0.190397245519391,0.21779259017326,-0.665223635531456,311.881092088062,0.793428021938916,1,1904.78376387605,22.1720451771434,70.3268886582871,0.997278548253458,-0.825083550820348
103,-60572.5781531153,795213.654195503,97,6,0.0737645329235082,-1.49355958082204,-0.0366908732025262,347.249378055141,0.835559072793656,1,1732.68938953425,20.8479613384025,96.3285905123744,0.0349459073121442,-1.03570888301312
104,45986.9430562965,1278171.16475552,122,44,0.35747931599055,0.814437943019189,-0.400759449190029,342.570561262529,0.485863217639672,1,1214.57375925492,25.3200129165109,11.090086191256,0.330529606110996,0.835963872101586
105,148372.531678297,1031923.38528369,160,106,0.608909495271676,0.536200499139281,0.906530142399626,306.603520642084,0.603502891777983,1,1728.53501600541,24.2061098298936,37.8456108212304,0.436769610062143,-0.118354571586103
106,577753.865051563,1182003.18187449,61,11,0.17424581706781,0.626418230695133,-1.18224831656616,332.379654353432,0.60519707720358,1,1379.30608961198,25.5442577016093,36.1196698166112,0.616288120043351,0.463270644359791
107,242539.556252864,889817.269087724,80,38,0.403304910185558,0.41011264072201,0.198173990510555,275.756276422944,0.675980746766539,1,1692.63054247445,21.8305643589018,44.5059646729078,0.606243695680223,-0.669078269227207
108,330757.768140496,686782.507106066,90,9,0.104585733886731,-0.523680304891521,-0.623599018445959,333.877233862557,0.812215137134415,1,2055.70115965083,20.9585725462571,105.665898716655,0.71660823794241,-1.45592726532548
109,493352.073503886,1004608.36068476,139,50,0.326981731589965,0.80297780382722,-0.524845975204263,277.957355313151,0.712501883119287,1,1644.32080685295,22.8946346243997,152.180625840524,0.937637944045293,-0.224212304884055
110,981135.144111218,1197525.12328384,135,15,0.165072942995218,-0.339124495207751,-0.281832413975319,396.854965506189,0.475963353079542,0,1468.72280802089,23.7906042684775,98.1705114957325,0.0122991629382526,0.523424993773818
111,696240.989190883,1133975.38786154,108,10,0.105485071803711,-0.207886658274327,-0.929825489994276,363.170527438556,0.589793019534586,0,1332.34278800255,24.5945558362957,66.6112876427405,0.323404406775242,0.277141820235955
112,652041.408849138,1362073.35991746,105,19,0.242299552972688,0.980009733622243,-1.12012306965111,275.965078236719,0.442502569836814,1,1111.94461100792,27.5181074416229,74.0755661411451,0.294808008423266,1.16112177801516
113,352801.157553926,826419.12876619,87,20,0.227484282637373,0.369782816631342,-0.592354022600634,283.296992256613,0.747277276200564,1,1895.64965619126,21.7870983333752,121.73624899432,0.864135753745623,-0.914773945079021
114,1073964.74660382,1360098.32923824,154,76,0.529887374465812,1.14535923080673,-0.0256670426438543,259.077679653081,0.415683372888193,1,1276.51256043291,27.0666264926864,51.8910871564627,0.00145805075441227,1.15346766552704
115,209262.560580616,1199060.70626027,112,55,0.483094547096768,1.16460728566737,-0.232254882876954,354.182466735464,0.448907267673215,0,1352.87548721135,25.7386097747688,40.0591548196143,0.732581077622371,0.529376053147285
116,77131.4025947581,1501546.87807279,166,116,0.73688843145426,2.0571456100931,-0.0272872686059437,286.847574172145,0.301955379385878,0,904.465283966811,28.5868478874145,10.6583333877974,0.566192977082291,1.70164300044863
117,146822.352338677,1068070.82460078,198,113,0.557819395650295,0.662721900029974,0.569594940505215,310.873638023018,0.577310593950843,0,1581.04048908064,24.2566706364289,52.3767992249449,0.45725498063264,0.021732653185529
118,-147768.918372579,710357.491718943,103,1,0.0304048631869958,-1.92299904787165,-0.539276982893401,341.938941236936,0.860381386476296,1,1900.25294474381,20.0445746713677,47.9292639530063,0.00777117978271349,-1.36456383181969
119,407791.703373744,942719.135276855,190,58,0.332381992547111,0.844523642894349,-0.541954920266974,226.881246428413,0.706553683630149,1,1599.40099492461,22.7914499723395,65.2846336408042,0.991285696955935,-0.464060271834211
120,950586.597795363,1301613.9019773,75,10,0.218737685688249,0.257188978261573,-0.530226711850418,361.831212793947,0.381677688967601,0,1117.34280822669,25.6904064511358,79.8811328900115,0.0131620136344097,0.926814788805317
121,371630.788325806,590591.333193667,74,5,0.059038064034063,-0.861708189422289,-0.907012109720636,330.665963589602,0.865968638740388,0,2072.18139889965,19.9776583044837,184.238186217151,0.764063357065849,-1.82871036851311
122,-32653.1953318453,818386.674644422,58,3,0.101433269711087,-1.0535266177313,-0.127873213278428,298.651783692495,0.82217467010629,1,1862.09228025643,21.6950720282019,46.7286191629962,0.05270948222648,-0.945903237423992
123,989701.304941623,1370643.85107234,178,72,0.374768801672822,0.996698136240383,-0.508510327931868,273.769801329943,0.351598746384991,0,1054.45756848463,28.120733610902,54.5535615870838,0.00566464950244955,1.19433620048875
124,173918.920840765,899305.699761979,200,77,0.428259939315081,0.210927615319322,0.500118282028715,242.868787777299,0.684858692590785,0,1808.56802054256,22.3896965560658,80.0846006630609,0.416802975736729,-0.632306427411959
125,-173715.283490359,959416.366840575,177,17,0.124011030027838,-0.744055799551262,-0.210927186463417,290.112150186342,0.728995558240219,0,1724.92883394531,21.6234674713444,24.338882149008,0.0131872069655533,-0.399351156186713
126,53320.2111329009,692242.981004712,88,6,0.0389019158085262,-2.0788702591353,-0.128162710353927,401.839399608305,0.85065278617724,1,2082.24080723169,22.1004739054948,108.241486960697,0.0970167158885744,-1.43476552748593
127,151967.730347177,1266946.49764321,144,81,0.532135702322266,1.24954867018201,-0.120828425457904,346.273389372651,0.421390684154769,1,1250.69445150968,25.3302499597073,39.5072393041676,0.615172933930734,0.792463350502967
128,285087.971091221,635981.612995459,186,12,0.0360631679856105,-1.26552219251116,-1.02023150590174,380.802821472369,0.824186213951413,1,1978.04173809127,20.8137743147969,81.0968590986589,0.546075971485145,-1.6528030719198
129,-38032.7542187589,1179415.74063335,193,47,0.257860257615842,-0.177659567612279,0.120539811158362,372.886138468953,0.60296764666902,0,1377.73163283814,25.0769265616057,20.2483132325861,0.131005452985367,0.453243171609882
130,548068.764017501,956691.608136424,79,23,0.243332393344692,0.416084363566561,-0.550580045149017,233.263382281801,0.754660097266947,0,1586.3636194092,22.7336298317735,68.6951212847948,0.851371194226976,-0.409910794497146
131,302415.542050049,627897.278491679,68,4,0.0466896646119943,-1.06499606546436,-0.951421600008714,361.32352527723,0.831095671652812,0,2094.83315092861,18.8855859644122,114.676842055645,0.591109517698948,-1.68413342356174
132,25985.8998865167,840324.512514965,81,12,0.174352842409223,-0.674749285962271,0.119662849572124,256.515482124035,0.794621505517932,1,1741.88937067417,22.6108170751091,60.9838345951691,0.1070001736691,-0.860884467551655
133,707042.788652135,862100.766564014,196,46,0.223673575451809,-0.475786238706861,0.231400893363913,246.846054320819,0.764065832789029,0,1779.93062316517,22.1437095797857,132.094655891962,0.471210236654978,-0.776491906051162
134,852388.340606235,1434719.47200921,84,37,0.451255433550722,0.929771523955935,-0.125371035925097,261.901160172528,0.281227725238849,1,1019.96327135192,27.5757522205115,55.8604741118284,0.0318291815857889,1.44265741167673
135,129007.012083343,947493.562621864,53,22,0.420653041065707,0.216141663288267,0.463765163796687,255.01882739646,0.675037862668807,1,1481.36025392964,22.7054674522386,54.2360534168665,0.332811834603092,-0.445557266108993
136,245907.555214619,1170895.64735143,125,71,0.561815984545432,1.16044777356052,0.0880876443253495,356.441794907944,0.466009718258984,1,1268.48149530338,26.0168295703403,37.1556324944327,0.812421202074457,0.420224063058679
137,259739.466296255,655928.997829983,79,5,0.0482561747075687,-1.25844981234428,-0.723322302345225,383.754354692478,0.812061784196393,0,2084.02928289299,21.4051189476961,210.534796540227,0.487177397061743,-1.57549818295084
138,25589.8699439246,1102972.99720487,72,19,0.245620635641622,-0.255299474139203,0.133192310993287,376.489557862473,0.631738596040415,1,1304.67802110433,24.3647743890951,32.738765022341,0.198297645406762,0.156993921783728
139,907142.45063943,1019508.55608692,157,15,0.103326089780899,-0.196440097362814,-0.964362257384086,292.426087233035,0.584160549818106,1,1535.09972563999,21.8089557318253,160.302736647505,0.057393569133303,-0.166467494687856
140,108014.091050261,1472240.01706012,198,144,0.710427636153727,2.06405265859314,-0.166590792678761,202.636049251102,0.302072255799306,0,877.837713681968,26.9844796142266,5.88613638210187,0.635804055819124,1.58806602505023
141,404805.701804801,787376.283841526,142,18,0.164086653672648,0.090572557892893,-0.718702848551347,313.048198192252,0.794380257766472,1,1859.55886495824,20.961098420081,83.1789124580031,0.945598951291249,-1.06608213996127
142,141658.290629829,1280732.35577242,54,27,0.465842359019988,1.11337167568043,-0.250215387373697,362.929704320836,0.417054842575949,0,1233.70508885096,27.0792114206282,24.6169273475227,0.594841975125844,0.845889613687868
143,723084.789074273,1094518.18016953,68,7,0.138300358341849,-0.0736361791844158,-0.755842757491977,321.714694120761,0.600512496743434,1,1296.47099242843,23.4896199798598,64.945429267839,0.284509657968557,0.124227787396113
144,631767.858106193,1163919.18948395,70,13,0.192662997580418,0.352144149813285,-0.78494279382328,329.48660939112,0.604437507265971,1,1329.86680130056,25.2575791728036,57.4903761947227,0.472248334061722,0.393187220619631
145,538295.754853044,1141637.45486565,191,45,0.217651783121802,0.668600237604688,-0.948003708587516,340.284071232664,0.632746746504509,0,1357.44494683953,24.048145274658,24.2621919063227,0.758729437698293,0.306835699606093
146,101991.073641647,1196688.74505824,91,43,0.452286059690037,0.663141611895191,0.145420099254858,356.017150439211,0.508560146297095,0,1268.93647073769,25.671165874853,12.5151202733818,0.421854491845658,0.520183660315736
147,-129747.252943106,992004.655324142,122,12,0.152131296157581,-0.521333489293375,-0.196648365632214,264.133029236685,0.726365246960479,0,1386.87321743418,23.2300404064229,24.0976631036654,0.0269123268488209,-0.273057206187294
148,536886.109486751,1143645.36269858,98,18,0.18366902192515,0.335273859268822,-0.826958398429626,380.217531704531,0.631039050940494,1,1600.50670298882,25.8250518152027,65.7181261963081,0.761226802355744,0.314617225524015
149,199678.662335911,635203.851125813,199,12,0.04820627376271,-1.24482524989835,-0.738033913656876,349.559634990505,0.825494798870959,1,2083.18975711187,19.5134350294607,112.248320434873,0.316616949918291,-1.65581724121949
150,406873.358205091,695651.189517287,160,16,0.110431424485681,-0.775856329368347,-0.310485533796529,378.10674358565,0.837806830431548,0,1928.90665094221,21.897469418825,197.866725502837,0.909644255493739,-1.4215572205909
151,153237.669817243,510574.812351616,120,2,0.0271499924209641,-1.57113507130032,-1.00771807718189,214.397113324365,0.883397494224684,1,2126.54060926689,18.873530229393,191.879531562015,0.166616414638042,-2.13880957754182
152,74437.4531806689,1088607.73924692,158,76,0.481417743970889,0.428066434082744,0.497570292306666,305.468565737975,0.610674708991442,0,1428.76611398428,24.5870976222323,43.2876859474016,0.287703717977532,0.101322229446026
153,281092.899171888,961743.004454638,98,44,0.512754964369547,0.861806380994905,0.189224547973865,263.98939235593,0.629651129288256,0,1521.92220552367,23.3386870020801,47.8668317157892,0.768350957646212,-0.390334412191539
154,354131.859365612,1376110.6146061,54,29,0.616386390034176,2.31950244062607,-0.84526423914385,233.213917720136,0.350538785589918,0,1080.7031558405,25.7526503734126,13.3166879319987,0.991582779781098,1.21552231343051
155,423050.292273126,521620.332544536,159,16,0.0633436324233001,-0.879869638465226,-0.813872452182657,273.571797614363,0.902815449624525,0,2195.72804194522,19.4321739203612,179.701053519486,0.851663057773447,-2.09600332904351
156,1053541.47056897,1254318.15393379,165,34,0.262997837251331,0.562483447034053,-0.592928464984184,329.419832059141,0.482099277383489,0,1359.5157208318,26.0082096556067,95.6711166594194,0.00322939163096158,0.743522964762323
157,-153791.188028491,776276.041666995,131,8,0.0672404027758424,-1.49028503527578,-0.139588167298396,309.707480000772,0.832311578712094,0,1833.88888602071,21.0018030070015,40.125114028822,0.00907905974352863,-1.10910046020471
158,981020.678164428,1128715.33917462,153,21,0.13191277379388,-0.0604155752094027,-0.823735725855974,345.613980157408,0.529177378259052,1,1260.55404938757,23.5938228612576,43.151125135269,0.0157083065202971,0.25675681823761
159,774525.573162135,1122931.75141173,110,12,0.129730251881811,-0.184039716768375,-0.719306192965355,340.572081587281,0.543294530822638,0,1334.31140506407,24.9488257547071,143.954043928778,0.173968564989763,0.234342872070675
160,155655.942523407,534758.086389164,84,1,0.0384528508480525,-1.53725188522702,-0.681858878183289,302.291568520193,0.874845329334347,0,2111.3232525506,17.6475335215354,99.6897794189302,0.179906474223571,-2.04508875499355
161,929099.273651524,1457882.38378849,173,83,0.434299247345334,1.1090417504634,-0.373373176785508,241.762620433964,0.26914261910063,1,1056.61176035608,28.116985673908,45.6238467563203,0.0102375747372162,1.53242388172528
162,258456.66296575,1350956.99576676,121,70,0.578617433327856,2.23346469038525,-0.916364298598195,276.115325472663,0.333614330380933,0,1091.50546896511,26.6419102658357,19.2891228800937,0.935214618316454,1.11804097802372
163,631326.812163314,1075090.32529213,184,30,0.192358420853215,0.271624176576153,-0.706382139471734,299.881960395137,0.668226628992494,1,1472.70884740672,23.9977106948843,48.2605045735896,0.536773588907146,0.0489363054970173
164,234153.14119183,1483810.92909358,169,130,0.742461466861696,2.61395905182657,-0.555157431142859,235.154390829522,0.248882816894404,0,943.593049361857,28.4809070898511,25.8318029665574,0.948922716969569,1.63290839799468
165,880604.288464592,1145812.93690524,150,10,0.0609260883348459,-0.483140350531964,-1.2520923758771,381.837236253536,0.485489104434227,1,1248.95647678546,26.282964125737,61.7971634887406,0.0542558239439763,0.323017528860397
166,349873.508901232,1116545.01145757,119,53,0.413239484425412,1.44270436260194,-0.793293828560781,304.114211575734,0.544187441625316,0,1515.37390400003,24.154830795096,24.9067884973803,0.979361438747386,0.20959144589998
167,387815.682480412,1287200.39779194,128,74,0.536691205789914,1.99279952349745,-0.845770404075611,280.364747476766,0.438351461549327,1,1098.21572049155,26.7892672047976,18.9488334092054,0.982747320998958,0.870956121117965
168,246217.745354441,1037732.70233568,157,79,0.538328935026426,1.04659385032087,0.10702326947833,283.198675966276,0.568734284261739,0,1694.00187523682,22.98187950981,59.315114346758,0.723877262657412,-0.0958409131083263
169,474753.771787692,1383367.43545572,198,85,0.377454281561109,1.89738813730273,-1.39775575331262,257.430390888348,0.42412844642653,1,848.377720922966,26.8327808764045,7.48768496066948,0.768415794840669,1.24364568572726
170,394288.796429489,1103551.65131818,154,44,0.306579722461742,1.18569681608986,-1.00185526508506,334.081147424253,0.584284174975195,0,1481.09260675823,23.8016115463074,53.8078275370914,0.999992942180239,0.159236460961252
171,401529.109249262,834077.396314225,65,8,0.18541840830183,0.360169417922552,-0.840229077060342,295.643659866663,0.768008829528798,0,1653.93372770697,24.0705752291164,76.9505489142114,0.957699106957458,-0.885094790272185
172,64505.3848452619,1412891.2059813,150,112,0.727569937666959,1.70983835067025,0.272489848831212,222.317880207906,0.371365763159926,0,1076.92043711218,25.9406378318125,16.1461335604427,0.466366916686244,1.35806328088363
173,882452.184975227,1163335.01177289,189,8,0.0471995151769057,-0.411760692824839,-1.59326121319345,380.421686293208,0.471879847573326,0,1264.91918378331,24.5892673568413,92.2651963220773,0.0504231030002102,0.390923275071558
174,687231.630520833,1329274.9781913,113,16,0.179423183277021,0.670427647345468,-1.19068800732245,310.410605964424,0.445883869129413,1,1068.3771711471,25.4073479766432,46.6346211298293,0.23790993907431,1.03401362430297
175,68195.8697114376,710375.071421332,110,13,0.0865614787822342,-1.47894596060209,0.122584786153526,355.916133842327,0.837671711199031,1,1969.10328604061,20.4651873171011,103.961309135996,0.118407026109142,-1.36449570274149
176,774997.336442629,1399935.32962857,94,37,0.325226783041147,0.833504305045364,-0.563358231632437,254.772915246977,0.334828837111585,0,1036.71113912206,27.5635554722557,48.1685646102838,0.0875385251500596,1.30785356210334
177,968118.541616233,1453566.8214957,169,85,0.485317300919185,1.15808839344234,-0.216836080214998,274.803141272052,0.285080151860426,0,987.59904846626,27.9032505031781,30.5386765147288,0.00575420610803067,1.5156991798834
178,437276.666665002,717218.76914091,63,6,0.0951809563584935,-0.611280033913363,-0.640675054480319,368.540596081318,0.840650968927973,1,1853.18731400285,19.4681295730135,174.360798507953,0.96646667872084,-1.33797336426264
179,361083.115946647,1053634.96456551,187,87,0.500435326421678,1.22676822382596,-0.225026917699261,300.702197713505,0.599018562472454,0,1507.94116846554,23.6875273008292,38.050539795964,0.974860259561816,-0.0342126532521882
180,703834.480726159,904368.03150513,182,42,0.186129742853292,-0.386026536541719,-0.0893304547366462,281.687384750261,0.741411760449374,0,1851.44254029818,22.5308330507672,131.529688209267,0.450880063766625,-0.612687665525391
181,669127.098824241,1104823.775187,64,8,0.114462246876943,-0.0643747099618098,-0.981575334135467,346.82590172655,0.628586434592537,1,1426.50769616181,23.6832960710558,72.9962863534284,0.409983963794472,0.164166500425082
182,721913.103512102,1042064.38313503,179,20,0.152747356157066,-0.050337188319384,-0.662876453060888,280.511786614298,0.639610377213882,0,1497.08254534192,23.8623907700271,50.6991232881842,0.316676762961484,-0.0790537449646669
183,-29037.8539404321,813756.060590706,181,18,0.102135066239013,-1.06321217908637,-0.110511353918342,299.109013977676,0.823615398155884,1,1945.87074881145,21.0523673832395,42.5779592822273,0.0542629695298662,-0.963848903397262
184,154131.430508077,1287268.24451393,68,31,0.609739627459632,1.61539751608187,-0.169179628528557,296.961730475578,0.404903457619455,0,1218.88104181036,25.7713087355339,28.0450297951204,0.636424131846931,0.871219057004244
185,564317.79720428,728070.396133321,114,12,0.121797696145966,-0.639934582843566,-0.33558095862341,337.172085418608,0.862560231966504,1,1771.2899692476,23.037296166077,117.2112839733,0.933763541394066,-1.29591853718932
186,2424.87569785721,1505302.04103902,189,134,0.7121172951277,1.76314641321144,0.142543102552122,248.440175732091,0.341747884197862,1,941.36236226988,27.3340991059114,7.89707593516942,0.361950309405576,1.71619590843999
187,73838.4336725461,1424880.76845999,83,70,0.724769634666572,1.82864597680432,0.139599443151238,247.180199962421,0.356482872180895,1,991.158429864286,26.8755398104492,21.4164799359064,0.501282310031388,1.40452810842319
188,411780.325427828,1029378.62751534,198,85,0.401365433957492,1.13738814962526,-0.537167169239475,281.726352624368,0.650618130595916,0,1610.99735851516,22.3317470395537,65.3914696859163,0.999966219080507,-0.128216627107025
189,458578.694684854,1078838.59218733,66,20,0.357925274272309,0.953670009572952,-0.538050468173588,328.379223646984,0.645453237335551,1,1484.39141413308,23.4521945805369,77.0298751909078,0.961750482373275,0.063462488180277
190,13054.0117329785,1152800.48608167,174,76,0.34059593290027,0.256914272283677,0.0824460563898242,331.85125285532,0.602206485627976,0,1290.37671552534,25.542726969432,13.5639960234801,0.198003453024615,0.350097354999533
191,383152.845937721,1398898.3123154,144,93,0.594865909506121,2.30578444338524,-0.921666525360395,231.652332983286,0.352601367726813,1,1035.03387152486,26.6142339478391,38.681829936905,0.956344072368389,1.30383466394109
192,544276.653458185,901185.915040643,178,30,0.182956722017411,0.279961329731807,-0.776403761851058,264.091882065199,0.784759537897254,1,1831.87075893091,21.9800704461186,146.404136954328,0.890422622391164,-0.625019766300208
193,25342.0783721151,1112299.38681437,141,53,0.363716326679758,0.194968597466119,0.245761152900143,324.806652897016,0.625128933439688,0,1384.69684780604,24.1154728213142,19.2058577178917,0.201908348806626,0.193137783208395
194,739649.880374106,1030686.62007362,122,20,0.135080433746388,-0.0789990775890636,-0.777767031483625,262.65065636249,0.635730070404337,1,1535.88316117496,23.7623966915761,107.442394856259,0.282924529385062,-0.123147580696751
195,597562.042595835,826865.65320686,118,25,0.205706170599015,-0.165156248368045,-0.185848412381208,240.095679560407,0.819887232992592,0,1881.70918801911,22.6714455155171,180.331894569596,0.808860031727195,-0.913043466492768
196,534322.501431671,1373204.64878568,109,42,0.368266621687874,1.56498007348015,-1.10464031756514,257.215823007922,0.455813276959285,1,1249.19678958634,26.818461462377,31.5925441705201,0.604417755170325,1.20426041785078
197,18145.6686611537,1314832.22629807,58,22,0.462704142526301,1.12910731583547,-0.27856835483109,279.377221748458,0.475188850717538,0,1090.30357521736,25.1377329437604,9.11972357109397,0.287379346116523,0.978041608884702
198,142430.921514617,776144.282497708,119,17,0.123457435847351,-0.725305331066679,-0.234783485959536,331.408492959505,0.77339776912779,1,2001.48110512762,21.4068702008934,83.7443751019085,0.267053339991839,-1.10961108493256
199,522969.764892482,752852.382022008,193,34,0.157917503299106,-0.18732208326312,-0.48648313760843,291.198525268539,0.849965394614915,0,2001.15764206256,20.7941345230903,69.0327961234537,0.98041019729496,-1.19987744290815
200,285648.219974328,603825.96164442,80,8,0.0612623433597457,-0.950942343149134,-0.778428357761694,327.693233982628,0.838254649236237,1,1984.87821566105,19.2806313125632,189.653935646384,0.524466304305515,-1.77742036275957
201,-19597.7878746974,809115.237744708,186,22,0.10319113307874,-0.962746721699734,-0.199513107722385,262.593056409069,0.823779308545483,0,1929.16734571639,20.7583103067092,40.6469234496165,0.059764325140711,-0.981834132930387
202,-130005.794801298,922341.392586929,109,13,0.12667007286677,-0.762148115407121,-0.168579437698972,244.979706211219,0.767071673761566,0,1811.40235209516,22.0041705628026,126.840290655591,0.0213125055977961,-0.54303298676155
203,680007.14406021,928767.690898676,162,32,0.217588604370082,-0.227679874635726,-0.0520946649578138,227.721200440231,0.739600224635995,0,1577.72863447942,22.7831903920437,103.226408442454,0.501012783470697,-0.518128254557696
204,503800.112970783,1166255.30107931,68,13,0.240974454529554,0.781415492663807,-0.928759996169557,357.490952804155,0.604711217495377,0,1375.42894626797,25.7128389457622,60.0318077784655,0.832776201865984,0.402240680458907
205,846222.752295655,1314381.18246002,154,27,0.230686546128689,0.524510125687047,-0.728948778582881,302.09273287776,0.363785766357202,0,1234.32008427529,27.528241276693,60.5958721228887,0.0496734269176123,0.97629361564602
206,58850.5330906786,778237.089376337,77,8,0.0990895848181729,-1.03611661027714,-0.171264876061572,328.978275816503,0.811149298015853,1,2012.53001420407,21.9195888113179,135.999289082131,0.127591487528069,-1.10150053787449
207,640825.503389823,1388215.9795794,106,33,0.286226283785853,1.09780040971813,-1.0115836977239,254.874336758766,0.428371778452688,0,881.222457568459,27.3776086855397,25.5598320930341,0.305522314900145,1.26243592656591
208,827190.268387089,950606.069809297,162,18,0.13509176093481,-0.427649233449655,-0.42901992768156,278.549648548877,0.644432949822665,0,1788.26686627496,22.5479906129476,76.327520853115,0.158798270934452,-0.433494931896483
209,687430.641575986,1403053.92917977,176,44,0.256361530060598,0.956660453939886,-1.02162676814679,223.660269060547,0.390169040260259,1,1100.54613138565,25.8348005502084,39.9525611338715,0.203400148299459,1.31993950690483
210,43263.8861649594,1412118.54962303,170,119,0.68086965126431,1.57463175640601,0.183139487537535,211.173818673747,0.385929782513105,0,892.691562869683,27.6845508711241,14.9928842187531,0.407764647289552,1.35506889768587
211,68389.5063898541,995973.051270052,95,43,0.42865262325473,0.132376591231177,0.580272873425505,262.785162936837,0.680264811408681,0,1509.22042653434,23.3532586632605,29.9427909722972,0.227889558838663,-0.257677926621159
212,861833.412844116,1104868.28664153,86,6,0.101546940599728,-0.149476871261903,-1.03067642976404,324.937500783374,0.519145358084352,0,1401.42539600411,25.0247556064723,49.8418040878483,0.0754702003852703,0.164339001887252
213,301127.983024624,665310.968146247,154,4,0.0508702324361363,-0.959546703036731,-0.96672089955632,367.672080657066,0.813879560086747,0,1949.38480671074,21.2084527150795,87.8225694337086,0.614714864408674,-1.53913892184341
214,349017.405943939,742393.336413087,171,48,0.214339008898793,-0.143035668436434,-0.155930806614138,316.645971396908,0.791676801925784,1,2002.33805132069,20.2575166380297,92.6435778407341,0.8041133615551,-1.24041084446561
215,301056.837374885,1336279.66519221,121,67,0.57374491745904,2.24478799723083,-0.947641046730899,271.386952574686,0.353216629496266,0,1051.63749954735,27.4635237924516,25.7989302300294,0.984561819796044,1.06115986704908
216,122066.92335293,1255436.30924996,64,28,0.512613216957754,1.06361947800028,-0.0131559038005998,346.790831170577,0.448969117445426,1,1137.47760027864,26.7309717363953,28.8714188510704,0.519070196925178,0.747856308370205
217,711811.555294663,1201382.17541457,141,19,0.146573063685843,0.0375268800574534,-0.799262781475945,350.094485898691,0.527309663830301,0,1480.04573612538,24.6468319900063,41.574120335055,0.252230734297167,0.53837276708782
218,750717.245173108,1400585.0118361,54,17,0.269303157594265,0.84528860014151,-0.843449532660455,269.550183400785,0.34935214329766,1,1032.72761959738,27.4521964872988,65.0576760490355,0.112648233736487,1.3103713663837
219,767597.14250644,1079112.43530184,147,21,0.121556691223844,-0.1316945602638,-0.846076065044147,312.406050145147,0.581236239730682,1,1345.93510932653,22.1951626868434,112.24551478751,0.203807014198716,0.0645237506835068
220,757138.084187614,1363810.45904592,132,34,0.295255013576637,0.760855081926644,-0.630851662198808,238.680045920352,0.371441498771815,1,1138.71004854148,27.1066348262843,60.787112498333,0.115781449232723,1.16785380110326
221,391418.890288932,1344713.35362351,187,119,0.609215139598845,2.1280198185476,-0.684005525629319,279.925716484351,0.397549721184236,0,1109.04406034292,26.0241026496603,10.8091056815575,0.963271125401797,1.09384411880384
222,144869.897681195,1119184.18140979,114,45,0.447624029221809,0.76358046251797,0.0261442761557539,328.312473097083,0.539424998317822,0,1352.62652061412,23.8149608526321,29.5615541141534,0.487468313593481,0.219819390155272
223,356317.547257556,678020.932380427,97,14,0.0948274298930074,-0.694837343965742,-0.561229554485398,357.715860144662,0.825393506752573,1,2084.71004684487,19.8773037287382,182.42410406927,0.781305636404831,-1.48988222067313
224,61490.5088011438,823648.419716241,96,16,0.150165138821466,-0.704014049413958,-0.02929238623032,302.090421517233,0.78737330691281,0,1789.10999090941,21.444648153952,101.852740882345,0.146046079171797,-0.9255116611881
225,816582.61974172,1082459.34917774,55,6,0.166951181071113,-0.071558801241725,-0.535832004600134,291.248415623213,0.550852998661374,0,1483.54940690241,24.2391384010711,58.7787552818169,0.128425875501019,0.0774945139044172
226,313760.536788818,513308.43587503,192,9,0.0561411936538226,-1.05324090279643,-0.768865849814581,271.718071399869,0.877396198662261,1,2208.8530570467,18.4548045642387,291.811135579677,0.540897691163759,-2.12821558415805
227,1058881.23760731,1391987.12425097,69,32,0.414829576917781,1.21708271569908,-0.561118064154973,242.789422721556,0.381585356821796,1,1106.24539115221,26.0819917631108,89.6552778966099,0.00165300286198929,1.27705077069409
228,314415.375009077,983522.037898376,148,66,0.510906329359689,1.02936193797178,0.0142703003029963,243.076786970663,0.625129788450049,1,1614.30235857997,22.7617966801361,61.1974529271878,0.865506844693259,-0.305931079314263
229,292551.848785798,918214.513399726,104,41,0.411457092963875,0.69593988217271,-0.0538849705195691,230.049540628354,0.663531921151673,0,1591.52842674396,23.3907094973824,65.0800624940866,0.770129783587947,-0.559026458587631
230,152784.774492682,1288032.19020216,164,98,0.625823335381805,1.65973268120763,-0.145392612961403,280.978230202572,0.405080736288905,0,1157.92997368205,25.4815109036926,11.7875706515107,0.633016085484519,0.874179682524691
231,662778.306196432,845626.585203495,90,13,0.206081382697891,-0.457776786060551,0.109066979580748,293.617632123978,0.793368227262931,1,1742.97730149768,23.0170128229413,105.172425279253,0.611738055356286,-0.840336604065171
232,538800.309802757,1178574.87175847,150,41,0.249587195790098,0.690695024027413,-0.791510148491798,349.820098865915,0.605846386539987,0,1167.29715948746,24.5196775212542,27.1495207146304,0.73183691163934,0.449984434910847
233,51523.3699749391,677694.127856738,59,3,0.068182713370642,-1.81926372162131,0.204318033625906,371.959343680912,0.85690969978455,0,1962.06479096487,19.6375782138771,82.7132564705287,0.0916235565553556,-1.49114873192901
234,988143.968452835,1188394.64320611,52,8,0.262784894878197,0.232744800095788,-0.264288708211365,333.316173860234,0.48728416833717,1,1305.73902834527,26.18359946139,110.616929482669,0.011482269233487,0.488040367944579
235,230263.83013925,1267959.72492394,140,58,0.467274384414088,1.47858385957323,-0.609673726610141,354.700032704376,0.393192025729787,0,1318.63118003793,25.6890465242564,18.1800042481614,0.833529812933225,0.796390051826805
236,198485.960293438,1106827.21715348,143,82,0.532726046388782,0.939705933173542,0.191385664488716,330.299185383926,0.523323954751001,0,1536.35396337588,22.8026930223345,54.108993877696,0.635164315100757,0.171930719146427
237,286757.8245871,1060108.4322906,185,98,0.548165183367373,1.2591038373632,-0.0658438294447371,277.868637473565,0.557727062980868,0,1471.79753442571,23.9193513751772,46.197023243291,0.845393048607233,-0.00912511882682649
238,440368.099218816,1102506.38107389,186,67,0.33421213746172,1.05367649447768,-0.742871656100722,334.125425559955,0.617077620884281,0,1544.57464893072,24.4594996975692,48.107903356749,0.97625250534145,0.155185579061313
239,-111127.337832092,1055400.27894901,82,9,0.149372570056347,-0.303698536611556,-0.435832038298602,289.242009600364,0.690677563387372,0,1526.74506967755,23.3156404840326,33.7459479962509,0.0416035397554612,-0.0273712836418741
240,185534.675023998,489341.196516398,191,5,0.0266649058245198,-1.52451403800188,-1.07286606543002,266.540730500478,0.88357865936582,1,2194.51870224012,17.6733964122568,132.494388081564,0.211890490565627,-2.22109917731483
241,200815.375206838,1134712.37032343,78,42,0.526133661885096,1.16580961510975,-0.0611796194346949,311.287575860809,0.500987300110123,0,1461.76248205972,24.6085684041434,35.3621690539816,0.662329068266627,0.279997951396075
242,-129675.617375852,739395.433470305,178,10,0.0447428188220305,-1.76512750080381,-0.295922144492132,338.646104641311,0.853152540626376,0,1980.44396904106,19.78796068107,99.3449620420138,0.0113206240745117,-1.25202903682787
243,239845.24875138,1077589.66034119,182,81,0.536527946094732,1.11831306263434,0.0280594981609857,303.710911262529,0.538302237231133,0,1393.23201321278,24.1820981378359,61.9714336239423,0.733805940696964,0.058622328004061
244,-67286.9498053756,1191132.93680653,199,44,0.181217360057374,-0.163795856892813,-0.344325599764899,365.83622162607,0.598738199697058,0,1421.96698529233,23.8261107332788,21.3888343435178,0.100332809728402,0.498652459930584
245,651978.280923325,1038722.50537857,168,37,0.184064561051701,0.185100609144187,-0.674149270694684,265.539596779568,0.683873262672042,1,1614.55654968478,23.8749759520363,82.4278887282875,0.503135419829147,-0.092004991007907
246,768025.07748405,1187652.73441273,133,16,0.120279183888758,-0.325490130498556,-0.664298899216642,376.608959817996,0.497546228098241,0,1243.79246434616,23.8498758823317,78.8716890323161,0.159294538816788,0.485165145083376
247,494753.326196865,1359018.88297198,53,21,0.351151462820366,1.67580505349842,-1.28978671580206,293.184060940794,0.452995386327667,1,1016.50496853512,26.3870846309706,43.4084322374425,0.729763487776563,1.14928433651155
248,866467.17502038,1306316.43283763,175,50,0.257627842479492,0.58573925740521,-0.644073862285052,283.870422335451,0.365682396677776,1,1195.6408829002,25.9549048492495,63.4142197271636,0.039803867744175,0.945039164032755
249,457551.155241287,1129753.95324569,112,27,0.279982656387035,0.932911645688876,-0.877459285984275,352.374242402053,0.607932409501876,1,1364.32507527827,24.8049091118208,34.9732081279556,0.945184051441836,0.260781904539011
250,-25082.116449813,1056095.27954011,85,15,0.167957528515285,-0.135399156121457,-0.464773189868779,307.239160322759,0.686631802579993,1,1511.0711698803,25.0540818779323,21.8459476228648,0.109760616868304,-0.0246778506944545
251,872283.792448927,1401449.36690589,198,72,0.343064631105159,0.869259847318982,-0.518926629603969,259.393211554403,0.299760932673067,1,1101.58904609523,27.4876636281591,29.7326004826135,0.0273864119826289,1.3137211224171
252,730661.089348788,1421183.51876074,137,44,0.305593602903006,0.917196544270263,-0.73799779581898,231.984281100345,0.348084566899602,0,1060.96692446417,28.7415750193136,23.0379843954128,0.130792633234729,1.39019963981128
253,628870.280823529,878546.941093107,167,36,0.206971600071942,-0.211869495639085,-0.131407952497907,288.004095279912,0.788151502893418,1,1692.80033839308,23.1027960204735,119.134633595704,0.687214622271255,-0.712755746826159
254,474997.531197331,1308155.7913861,120,45,0.378589459011185,1.62014709768041,-1.11568666141863,304.367338425995,0.481980504885739,0,1010.89036041886,26.0003695886555,31.0303154485648,0.816797286733015,0.952167487346482
255,895259.358463211,956969.335464309,63,5,0.0849029026278,-0.347029660115442,-1.03049223535937,255.417017141774,0.629115878454661,1,1672.67069360971,22.6838996260091,90.2612723473592,0.0782493631936219,-0.408834478958847
256,617059.810181226,1180023.45930938,159,25,0.154873673002659,0.257735850128281,-0.954612193987066,356.345950206543,0.59814550626988,0,1398.2717167093,25.3887529443462,63.2173474712608,0.502705054315279,0.455598348750385
257,460019.506530913,1198974.24292217,171,59,0.357225402418129,1.19006441269467,-0.777491565525702,342.719152010252,0.557323922174084,0,1229.42927646156,24.8371268524168,9.92559376413229,0.911142200955478,0.529040969686111
258,174125.127061214,1347093.85028095,174,125,0.680033410614339,1.99645348724809,-0.242528139201604,260.605458214324,0.351489245531636,0,1098.09768997793,25.9418082222623,19.8219026659365,0.737078062065939,1.10306959027897
259,-46301.7472725063,1065743.63408172,135,17,0.168501847143056,-0.111305073859785,-0.48497729130619,292.84641581776,0.685245008349205,0,1533.00672813753,25.6653495699577,23.6281729959421,0.0901530273883823,0.0127137664403235
260,435839.703338691,1085655.25233207,71,24,0.356718841180503,1.11533344947401,-0.704967427362374,317.818782621988,0.626391052709769,0,1653.37728040429,23.2201219538134,52.2066147499262,0.984483550307068,0.0898800441656692
261,158073.24213934,1388155.49187176,78,47,0.647529998988293,2.0340203006777,-0.425820692811307,284.51933647083,0.330315926893724,0,1057.65939196342,27.0928084268573,27.068467401331,0.720543376695522,1.26220151009667
262,1085924.83216862,1330147.07987894,136,69,0.437198516190941,1.01271303199008,-0.265252631297669,290.848243066382,0.446592345078709,0,1130.32588117216,26.4428394095367,56.7288900353101,0.00134613359543981,1.03739340188745
263,557268.67852673,869014.836624065,121,23,0.197305841449217,0.105458166926874,-0.50867691525706,275.294414903942,0.801995482195026,0,1748.54520946811,21.1844976694318,135.138636534487,0.8797669454228,-0.749696843803664
264,371825.721538119,664432.539401413,78,7,0.109362239806711,-0.554331862472312,-0.542940254869063,334.902361330992,0.837178685623822,1,2155.50882021587,21.8086710934702,234.961802023884,0.8129888699171,-1.54254321955712
265,56565.7604545055,1096339.64452147,117,49,0.473347320542889,0.351769737749944,0.541518395175965,310.451409739746,0.617216363325073,0,1512.64044206211,23.970103830431,36.1450372242199,0.2537530760801,0.131286762828508
266,911902.877340693,1159939.40533075,141,17,0.10709574474438,0.0728645251654002,-1.19362063828214,325.393813170227,0.476955258392013,1,1283.08395888334,25.7204144666784,114.491266503696,0.0355318904849839,0.377763806741782
267,132942.200630712,1294241.12944041,171,86,0.520488806837337,1.28403393624945,-0.202032790516896,343.678558861292,0.41231439383584,1,1220.81402234676,25.466329216368,30.6330826487165,0.579026679650798,0.898242052725586
268,140885.630006619,1461462.31502725,162,123,0.774042423653534,2.26065417131995,-0.0293747546808505,250.660800939963,0.290436546278799,1,923.227707325399,29.5431190548914,8.39477678588718,0.723396250012619,1.54629768970687
269,734223.064374872,986575.599613846,137,23,0.133993191020602,-0.211341431201963,-0.654762354511596,228.043449433831,0.670292625602559,1,1532.03707165379,22.6689625934118,80.7822642464966,0.320102819378632,-0.294097184729461
270,1082718.72703196,1313232.60844715,122,49,0.40542354126774,0.899890018538277,-0.282807034979689,305.606126964468,0.457410086983374,0,1194.90332553403,26.7720608816027,43.4420322669388,0.001533590075466,0.971842386210447
271,642536.392536123,1131564.36767601,191,29,0.162229819535467,0.137315089798899,-0.779044935990104,343.050862080515,0.623348324359865,1,1291.13349942147,23.4565742856875,101.410686466321,0.464559294827568,0.267798056665426
272,211729.518456536,901425.137776991,71,29,0.416571363447029,0.36835524749319,0.294780398392899,241.940333068217,0.671563739454981,0,1812.35852707918,22.7987907593911,24.941291306494,0.524292981181692,-0.624092672988196
273,32364.1087193191,813569.107822501,129,19,0.12281067696766,-0.82748532938094,-0.138593557518786,291.179071701203,0.805329542549818,1,1885.96698065903,21.2287452393101,41.1516003442545,0.106711997165115,-0.964573427594717
274,422993.278812209,1183536.83947265,60,18,0.266482820153507,1.07976149886523,-1.09230274110109,368.500581847982,0.544027445604285,1,1276.46735935856,23.7974645616977,47.609091794964,0.97332078910546,0.469214242045677
275,511752.015037819,1206279.19748515,66,20,0.269480375647776,0.911612655531637,-0.908873180571411,349.064455289023,0.577757395639825,1,1278.54714648915,26.5042726505456,39.5713102757232,0.787070037870306,0.55735088129104
276,717820.621397641,845989.251229612,183,24,0.161068455138229,-0.654004421242997,0.00370477126124538,301.854185600766,0.767384713264699,1,1747.02966078841,22.0140068853938,161.040556244412,0.452272526743154,-0.838931113715717
277,718253.788498092,1387443.33387774,138,35,0.244496103252206,0.839949945693168,-0.968135514063097,218.425006431964,0.380749671348496,1,1053.78554804293,27.130779454191,55.7681145625353,0.159572216948211,1.25944158466722
278,782664.60532473,859583.099653592,67,6,0.137399924107628,-0.657303216356998,-0.179752128395826,273.278173715532,0.724983556788481,1,1725.63384752047,21.076761529942,126.908989243147,0.281723031134483,-0.786248972583218
279,291268.747764488,915967.599928063,123,42,0.41419840484746,0.708756288526054,-0.0553923481595776,257.020577934799,0.664712816989629,0,1691.28190415961,21.8917559897135,142.876787538075,0.765128530515576,-0.567734236468829
280,-5927.0930726662,793129.43308144,65,11,0.104750958335994,-1.10160532677353,-0.0439109040842709,305.71327991444,0.827592359781687,0,1872.17059629014,22.4133414280041,26.2115507017332,0.0667793817836782,-1.04378615645753
281,557146.001709559,870482.348098213,162,35,0.190000411238049,0.112097078451963,-0.562104581848094,269.009716820948,0.801267393464519,0,1572.71355875642,22.1910289022066,71.7764812818173,0.879243030821564,-0.744009591438967
282,-8150.03002477938,967408.571659382,183,34,0.210006682856859,-0.295266610780196,-0.0296185219935893,256.962498321192,0.737377246457851,0,1617.641682971,22.6236625327752,35.7113375856138,0.104171647904304,-0.368377847592107
283,75093.069811796,805090.723304563,65,11,0.148907943772349,-0.670227127612354,-0.0729648813106907,285.710409356133,0.790382372890879,0,1811.15649573777,22.1222696478161,83.9294947627111,0.15899196408374,-0.997430896342246
284,83011.3662352703,876282.513593561,168,48,0.260214197827888,-0.314528882418651,0.269673324292236,274.72008465357,0.747108847399725,0,1724.91970321998,20.4624150005041,74.6921755562192,0.200320098916836,-0.72153139926796
285,55138.192323579,1469405.79258385,184,125,0.730845795867051,1.88103223715555,0.117885785853021,267.261249713703,0.337410342413084,1,901.930663762558,28.8515689045825,6.39310126597283,0.479488916562925,1.57708215873048
286,3875.01651766038,851968.231802214,182,32,0.182593956197004,-0.706310584714193,0.207439488696273,259.194080860128,0.79690916204931,0,1700.01804693898,21.2435413109682,88.9367318074757,0.0874158566539621,-0.815759934478598
287,289948.829963168,1049180.6332792,90,49,0.522288365594705,1.19363563927423,-0.104423054555869,288.581352866634,0.56701552117329,0,1629.38223570426,23.9960454970337,46.4144665706268,0.846533560206409,-0.0514751459736967
288,795217.93378576,1180716.25844145,170,18,0.143270616267722,-0.38534300126825,-0.403043832516651,378.342925990825,0.485928810047946,1,1307.28546621489,25.6169467042138,47.794133591439,0.124643230761139,0.458283250075874
289,143039.17587591,1270070.30233277,74,42,0.564960840562984,1.35643200900885,-0.0951116377337205,326.244329946229,0.424272530514091,1,1181.56414781841,24.8458322660413,18.6175200710474,0.591108906343673,0.804569467504774
290,-11683.3617382697,1245362.24784716,64,16,0.263430029106164,0.28587101772802,-0.314087465196925,360.846571118705,0.54409233383479,1,1194.56232909381,25.2497519039604,23.8587334874434,0.194958467372783,0.708814889925111
291,996865.825866394,1187758.76330161,83,13,0.185927356527682,-0.108221509504994,-0.368472053987206,375.328550523553,0.493337885004012,1,1374.33407140603,25.878619946957,87.5586677559975,0.0101285089575896,0.485576053658606
292,-8193.78934678657,1184461.80913819,144,64,0.386765846190205,0.22655942505461,0.312513193141041,341.510136745158,0.588923796644953,0,1179.8975051105,24.4960463712282,30.7851555131677,0.17571753753014,0.47279890629551
293,-2970.54265902782,838341.388010409,156,21,0.140445235169417,-0.787747208509474,-0.0238497038472403,263.674387186302,0.805797252089829,1,1827.92939904489,21.1559139223702,91.2477172661128,0.0782214683334763,-0.868569947172571
294,428970.497824105,990084.118872302,195,64,0.305101410917526,0.99096060294456,-0.814082306718655,264.865924924343,0.688596740689892,1,1618.9517010977,23.8286869227453,82.5678920448925,0.999608630340771,-0.2805001295781
295,302560.42396467,735254.890020456,181,39,0.160078178966779,-0.436927661928793,-0.220718840937697,343.386052971758,0.77916267695977,1,2043.54956618244,20.7870208515905,51.2005161031917,0.669946550617979,-1.26807546368116
296,369162.735033566,660743.157755891,66,6,0.0796844608644877,-0.773454640888241,-0.673187351218446,358.013013234144,0.837730243485953,1,1985.18820191933,18.8222207289762,89.935991683577,0.803806221311022,-1.5568411960005
297,335640.612903997,847604.157114381,82,21,0.295508501429389,0.43951378046012,-0.308292438327649,285.628687800184,0.726471009812143,1,1841.75004631792,22.7622149606101,132.992144582597,0.836097869996115,-0.832672643186724
298,927019.270287496,1424398.48561348,165,80,0.445397028120525,1.02237554235645,-0.24166195170581,249.684575433984,0.289534755679031,0,990.302928328416,27.8265546170975,36.0465548959584,0.0119157420962887,1.40265905028797
299,19287.9778739494,832589.397120097,106,16,0.138639976051245,-0.798031319116878,-0.0286007715272561,290.263720083496,0.801090099671759,0,1713.26972295582,21.7721236689128,32.95819631645,0.097834624308534,-0.890861441562175
300,477042.942337972,1019180.43162957,127,39,0.319390027455851,0.928185595724587,-0.684761997711038,237.353511211018,0.696025580170513,0,1504.96712869852,24.8737963893185,60.2482783420322,0.956828538761508,-0.167739121267208
301,7679.73647462644,1069093.26118215,155,44,0.226301422455399,0.0692504904182416,-0.298565015135367,301.782441470193,0.665064394234756,1,1470.72124153426,24.2901477006762,50.9942343573521,0.156201595187248,0.0256950445995324
302,1066495.91056383,1314241.45214042,158,60,0.365042122447706,0.898645917009766,-0.452191828248622,302.618968958141,0.445297357497703,0,1131.20273682061,25.8634717124889,77.4941371355222,0.00202272222797595,0.975752099205038
303,376426.657401436,1316213.91184857,84,39,0.459242383610555,1.96584307878538,-1.12923608883239,314.853182929053,0.408431586116125,0,1196.53306852208,26.156359715535,22.2740258758962,0.986286913835844,0.983396248049579
304,-158922.984162272,771434.986915365,188,10,0.0502364394086152,-1.52327498771215,-0.416197434313139,312.130141022073,0.832896584941294,1,1906.18868497235,21.037505999593,45.2304549214033,0.00825628590790704,-1.1278616764329
305,646737.61119906,761697.518016035,124,13,0.121869839666645,-0.834384778170715,-0.140456463645497,334.895650778714,0.8377831091028,0,1861.41369840725,21.3148966036024,185.272875656832,0.719177587349071,-1.16559865089577
306,-69714.4595107816,1290866.20922874,129,43,0.314927911768908,0.528333800264357,-0.305514110175137,320.084716655151,0.522849142356586,0,1133.46849956373,25.6816588319945,7.27449686187056,0.125912161275635,0.885162752636556
307,844015.146879871,1166242.74882236,191,13,0.0932765229863105,-0.00319157235511874,-1.2710775078855,327.854182986278,0.475724590556617,0,1351.75032162419,24.8977120656159,57.2235202369735,0.0776547385475334,0.402192034942847
308,645211.140739999,1103595.56550644,95,18,0.17716950866348,0.076371708173856,-0.612014972923658,338.952766659571,0.642220625228947,1,1286.70936811471,23.3119290526747,59.6951433868425,0.476556731290747,0.159406647753957
309,115184.494357602,616931.872275117,184,12,0.0649484709723992,-1.64155690869287,-0.0254505291076898,351.615374409438,0.857406855412094,0,2174.7503031625,18.3542853520976,137.181791992855,0.149407309727644,-1.72662919516803
310,703591.822864472,831188.458778166,70,15,0.184601263427706,-0.581631390872436,0.0961523161284741,274.427390720176,0.782602875556889,1,1848.52653018661,22.518908894012,103.555990158312,0.502827750941953,-0.896290693761083
311,1020451.45139486,1340557.05126599,171,38,0.318830945383309,0.67538109822777,-0.434530607700108,340.227971087977,0.392783958153899,1,1059.20594402193,26.8631226061141,54.1102362188308,0.00390915258640055,1.07773661925266
312,46572.8611031829,755219.774756647,146,6,0.0731000980633339,-1.22412223601411,-0.315893634820064,335.401677243404,0.826807732724237,0,1990.33424562146,21.277188245082,96.2172643796196,0.106412891118816,-1.1907027548969
313,-119325.43080802,901887.822111563,58,6,0.153157442692841,-0.857135806313311,0.147087441198541,272.374112367249,0.780736678379156,0,1826.52078814082,23.2373450815747,33.6243333033954,0.0229792497407349,-0.622299567706051
314,194765.652388389,1474838.77835576,124,88,0.688994436653075,2.47990363554424,-0.684481239681573,227.864703253908,0.260651994451598,0,1015.24380159091,27.7385059611486,12.3434929101804,0.870645233122834,1.59813736798981
315,902929.631232549,1168583.77584476,196,9,0.071316202511536,-0.189182216333151,-1.37746255004844,362.388491523216,0.468874228268642,1,1280.16893014577,25.3428068369276,138.259168769313,0.0386957930174841,0.411264544223683
316,-57202.7688265777,950749.271212451,145,24,0.20765188163109,-0.522078484832237,0.182940677780452,236.366326142942,0.758004319925303,0,1683.79928752405,23.4934256382425,45.2402494550372,0.0580896973031821,-0.432939963480182
317,94383.1243278116,1364667.93687963,133,78,0.546735241931472,1.7008008169473,-0.51331255976005,265.546573106639,0.385954864239387,0,1077.17161623896,27.0948835806068,13.9624494168751,0.51740904403197,1.17117690482228
318,315088.281620264,960735.248479891,180,85,0.43972317204776,0.935626515486796,-0.177912138226695,249.700387555773,0.641820914570057,1,1636.0399615539,23.3243693119699,50.1091951002903,0.854048642082387,-0.394239909798461
319,470169.908538029,919207.924079583,137,31,0.217277054001502,0.596666472940249,-0.878271984044683,219.933575632292,0.754460737855256,0,1736.73560542699,22.9876886702899,110.113815787167,0.989844010920513,-0.55517655530738
320,898630.285279948,1432363.35893305,126,50,0.409971169763393,0.99115530276353,-0.355239863701567,249.21919980301,0.280021146545039,0,867.408362523197,28.5244457545885,45.3327234522331,0.0173262159998893,1.43352643730282
321,194953.366522036,548236.622275134,128,8,0.0417382537275089,-1.2564843005025,-0.877218597861906,272.22466278037,0.861755579385437,0,2417.86437102253,18.0496176777664,132.810925743264,0.258604993475122,-1.99285350065957
322,-36692.194579942,1370961.33799441,62,36,0.491905077096968,1.12173283547995,-0.154115356562678,236.857092842743,0.455756362779163,0,1125.03757811567,28.0905872600975,12.5371915237195,0.205731790045564,1.19556660194054
323,660605.647105868,1168983.52442347,185,13,0.111432767481868,-0.278806950227184,-0.797381937385222,390.082486976401,0.586135540779475,0,1367.27372191235,23.725316162808,53.2403037823615,0.390474467753993,0.412813745773121
324,378092.321458747,1057653.94029037,111,45,0.45481675394159,1.22983335245685,-0.41106072266678,300.010804898637,0.607279938146,1,1620.55800077639,22.9391278240481,30.875379720646,0.990520056597436,-0.0186373547979466
325,986957.156150892,1417365.77121139,105,44,0.365648634032227,1.0747376643181,-0.625667814251759,210.875696459432,0.317842164815489,0,913.651767166411,27.0956531616293,56.2164265950958,0.00492707559814367,1.37540418903602
326,81596.1637695636,1511529.0598494,174,122,0.754301700561079,2.1657513084247,-0.0440632452912882,257.298367661901,0.292748570670343,0,950.18007955406,27.3443205258546,15.3490640918707,0.58663415276221,1.74032834493415
327,650625.921569057,943103.770540691,122,19,0.19496046840733,-0.0656093392536103,-0.352485232631978,245.299896006429,0.744797261179183,1,1740.98196026662,23.1406154708508,85.8627962373753,0.576222625145744,-0.462569641026661
328,9103.01644768543,1273462.62777568,142,49,0.425866454498311,0.741094377633571,-0.0398305945321321,325.635573577403,0.512314941400046,0,1202.88734306787,25.0704478376831,12.5227841628468,0.246650865782905,0.817716220519596
329,852811.400935236,1148451.31851555,90,6,0.0737789882903367,-0.327205125104939,-1.20283377506043,365.044755852293,0.487191924789616,0,1382.35461720029,24.7519505097181,106.680531041355,0.0739837000207497,0.333242417944085
330,210385.636085542,966214.803920588,86,24,0.416994607202756,0.621162827413706,0.0437140255452354,222.393184893495,0.626140394268315,0,1687.61435658261,24.6793215431254,35.2504499660456,0.567351544138597,-0.373004222591523
331,598100.691573716,767400.74793949,166,25,0.13410978301809,-0.581659162568428,-0.283440226947525,325.62909979354,0.845462778301327,1,1905.84443241373,20.7149710203379,81.3290416075936,0.844131289505762,-1.14349612669751
332,288854.217194231,1384093.47902308,134,73,0.571438917959552,2.39610265888532,-1.1083783379712,246.617947093966,0.316475230947994,0,1049.48208569747,26.3871957052412,28.7934978821181,0.98427647836138,1.2464594238602
333,268033.863320634,1168870.15956829,66,28,0.484850039926892,1.07217496771557,-0.132793363501769,371.438163729194,0.469444282564884,1,1320.02938522557,25.7882379598167,22.9223255381453,0.864642428217557,0.412374407102115
334,647911.259190523,1290364.0812811,187,35,0.198524458289071,0.730392540810892,-1.12593468865148,304.251854714347,0.500071103965983,0,1206.54856348633,26.5146822256956,20.4747477231764,0.346341658536546,0.883216786006714
335,128786.227291154,603395.814443096,96,6,0.0531383214014782,-1.63922904332677,-0.241025624862022,351.089470347557,0.857963179833611,0,2111.00818502441,18.1962173287979,164.402606390459,0.164454490830316,-1.77908737234075
336,627124.436767723,1154931.23052063,80,9,0.130597210140071,-0.228410582208581,-0.667278090543175,394.053658602111,0.612988898367689,1,1362.64578122377,24.9959002205974,60.1858533409173,0.491728458805066,0.358354926788568
337,562881.970682814,1366643.24611789,103,22,0.288993972779077,1.38495641291893,-1.28523148733098,270.018397576516,0.464272446353124,1,1180.21806399013,25.6560662781474,13.9676671230094,0.525393874540305,1.17883209684919
338,-95899.0539179744,797573.742933683,58,7,0.103936317745474,-1.24311031442033,0.0888772122469779,287.146703889215,0.834102985027771,1,1920.15272167769,21.1088588989254,59.3397492619217,0.0222334106296994,-1.02656250120039
339,-24403.2731910996,1342686.22249073,126,56,0.450863635293744,0.98669561023945,-0.183877475334321,298.149412831645,0.473759152307671,1,1062.53039004368,25.9442145391153,15.2721006830261,0.215264712603932,1.08598809414469
340,272285.841178348,1163942.38646321,128,79,0.55826753713458,1.27160813598529,-0.037474242458823,348.533455592428,0.47400882724989,1,1427.02674830973,25.5925468909009,65.7992006481462,0.871449671713055,0.39327711911612
341,733248.783686467,1043871.5705927,165,17,0.124165456404613,-0.039618680781237,-0.913943513114338,270.050238142932,0.630585499053895,0,1549.43353061739,25.1065182070187,105.274817773192,0.289820610473239,-0.0720500987764652
342,389499.762898851,1199412.24851192,109,49,0.449883368362665,1.41851381853373,-0.619655764046895,345.073076528832,0.507302022054043,1,1392.65590803677,25.9623848135096,31.94858992706,0.996071810061791,0.530738433978517
343,334656.311900174,612618.914162392,135,7,0.0643867712553062,-0.805601600969536,-0.870692376237796,329.410188826536,0.845937814633237,1,2196.20526099173,18.937972457277,226.419554413918,0.674785930484149,-1.74334380466687
344,291528.713694553,1064909.77205714,148,77,0.55090888799095,1.24003208454096,-0.0356884358348094,295.096498313837,0.555502799380984,0,1464.76907320988,23.1444485103539,62.0690253660833,0.859369750838083,0.00948218436774803
345,689607.752845613,1385919.50242493,144,31,0.222261268199856,0.936425474784739,-1.188962548584,258.938116455632,0.401439507589571,0,1256.49256910282,26.635641782751,38.2103240427316,0.207089424474205,1.25353606761603
346,996461.384242426,1373412.45952939,81,29,0.363243931129798,1.04074418026234,-0.6020562299194,257.939696638064,0.353589675553616,0,1162.74254318699,27.0679746286528,69.2532134792084,0.00503795439498089,1.20506577587651
347,211180.166712433,894160.135122974,197,97,0.422070124548716,0.258745477058203,0.426973456525641,205.01785988524,0.676627330610347,0,1682.61548439662,23.0479655565139,45.7906902865303,0.517481897814738,-0.652247753375274
348,195035.20052866,608515.755367869,177,7,0.0371450660142812,-1.43212111891291,-0.822950692048151,357.654831503071,0.837935680454998,1,1953.56676840964,20.4202889958959,193.843946738629,0.290913205774307,-1.75924534953923
349,446942.284254786,939262.967026404,153,49,0.29675279718859,0.766934195869676,-0.629743206191912,253.022106900647,0.731307212555784,1,1697.96580433816,24.3602280160771,64.269371841392,0.998539754088643,-0.477454443805905
350,462917.99834671,1011736.5886198,73,28,0.348508941526085,0.931327607517385,-0.556927392417948,278.792740566452,0.693828039749895,1,1620.48410159745,22.8361746607808,58.5912594151633,0.976229147238878,-0.196587286685663
351,966854.74512316,1298935.85469974,168,47,0.260563380700604,0.626672765184623,-0.669715200523669,311.843547874629,0.39110541061217,0,1178.50304350397,25.5586203502763,60.6032011403688,0.010495669546639,0.916436177816323
352,939647.4475983,1400519.7878813,59,22,0.412172683702597,0.961450804077506,-0.316441632340083,278.791732115102,0.308566255714563,0,986.015786687043,28.0431867162225,83.3306076824244,0.010807507095491,1.31011859487375
353,250308.155283371,560705.043604167,173,8,0.0461273350272438,-1.21150825470411,-0.817616207988053,325.036145642677,0.85270912673162,1,2205.82434461019,18.07303205683,291.811135579677,0.396506669199863,-1.94453288447579
354,387959.363821199,662192.851364628,97,5,0.0811261267060994,-0.729279617694962,-0.697864188371836,355.478607556975,0.844264241641496,1,2037.98430680567,18.3759643400911,94.7228789426767,0.851185299976154,-1.55122299570046
355,809457.099378219,1040564.66860022,157,25,0.136015123173608,-0.114462863476418,-0.734326322141538,257.191916511943,0.586060013508813,0,1436.58082517261,23.2915151691394,135.433475736716,0.152094440717658,-0.084865798352135
356,792103.413485858,1072006.85168888,86,12,0.133075493212076,-0.268366222406845,-0.605669091196736,329.568312598949,0.571488744265745,1,1371.30991583654,23.7312842352456,125.523692408951,0.166272530482537,0.0369864891920173
357,1042690.39270242,1382664.56383695,140,44,0.36927904591764,1.15135210982917,-0.686663066232271,234.995989051016,0.377195901616068,1,906.525964222415,28.240543167746,61.3954699642852,0.00227249046985905,1.24092174908598
358,868481.286011644,1184138.35624479,73,2,0.0527117773836824,-0.448944727100846,-1.43981976277697,388.66618789249,0.456848654410284,1,1341.90247247431,24.7693777724065,144.057217841341,0.0559417437279044,0.471545384081057
359,791105.412266791,1102664.42392424,98,9,0.139654698192112,-0.145650105438239,-0.672510782507425,322.611458469854,0.548650296673591,1,1437.11690026931,24.1342865224669,77.4868357140976,0.156360658061308,0.155798064612695
360,457981.041304668,724851.28286484,175,23,0.123280618452031,-0.304570276670469,-0.657153481424178,330.162995296787,0.844889920734074,0,1941.3781929951,21.2706746147992,161.630099433589,0.98863463833344,-1.30839401685058
361,384488.135744151,927066.487720786,200,54,0.287946361087273,0.828738635709812,-0.734117663270572,246.245541386922,0.702465110797161,0,1763.20906566986,22.8971864821972,55.7585271541937,0.965591559186141,-0.524721165050544
362,473547.704930325,1323056.69210768,133,63,0.443750301695523,1.70102406060632,-0.926979331046019,295.133445404123,0.469629145429692,0,1196.40342653449,27.490977366846,51.5760055858653,0.811082466523305,1.00991503096562
363,595552.509482121,1008044.91852751,142,21,0.215022477803259,0.342176255683745,-0.637088768326863,268.805266504218,0.722249341631484,1,1621.63947224875,23.8271503950498,108.019192005134,0.690626171892977,-0.210894131866739
364,990731.656658881,1409382.60617864,104,37,0.387160851917874,1.07534470364697,-0.534606959271982,214.282606577643,0.32529834356633,1,1043.19119324651,27.8393308651222,74.9625505326182,0.00478869643007428,1.34446591358805
365,487654.971728874,1246587.3812347,169,60,0.328781326541354,1.21443428471424,-0.92813639167356,338.55399215577,0.536462597439606,0,1282.84336411054,25.3896779700992,30.7590785456236,0.823390197091438,0.71356282060783
366,436196.964802339,806710.363701694,52,7,0.173114173612814,0.199693496320991,-0.763408784343165,299.927773804426,0.799407692650254,1,1814.43430465505,21.3213650504536,114.129961361755,0.987541973394618,-0.991154077495638
367,29108.6215527672,1383487.8946446,156,98,0.614298593742987,1.43157778234827,0.0338398254225352,221.467840290334,0.416112526922676,0,987.341949169443,28.3531310516542,9.05898210752648,0.353094971376658,1.24411251806137
368,209012.856858909,1332666.70215486,138,78,0.636650781615243,2.05058231854038,-0.489725442746022,274.895459551178,0.34999573104113,0,1001.44200357745,26.5193013225491,17.1459159308234,0.820654129944703,1.04715804632079
369,527514.185796682,1386169.11585955,172,66,0.368341701856545,1.6159186569106,-1.15525619235138,266.811829381146,0.444221723426761,1,912.697333966318,26.551810298005,11.6828469892164,0.615016867439629,1.25450342945361
370,815077.602028683,1311311.91511998,162,31,0.228292629085464,0.437480147889359,-0.655457305912075,316.760440039231,0.376928419745589,0,1124.86007988493,26.7310685858716,90.8040054796426,0.0718035635424526,0.964398854858741
371,326351.902838083,490635.479707271,169,9,0.0477474211557303,-1.20385027686057,-0.789054978394873,296.265641641976,0.887267403405592,0,2219.83289388633,19.5061900394761,228.492151588626,0.561286991269642,-2.21608326073253
372,234698.17626597,1056132.56704673,74,42,0.502782549399574,1.12920172289781,-0.118071410395441,259.075766154217,0.555076914986672,1,1410.86438141073,24.4981263874992,88.9287208390461,0.704047052992,-0.0245333452074791
373,498799.787949477,1253266.27138191,65,22,0.333692006149533,1.30159534848831,-0.993128935089366,319.131006277291,0.536613727654992,0,1107.46663210629,25.7278847144561,67.4324836171171,0.790483692812514,0.739446457262391
374,654172.02424874,911756.590458633,99,15,0.180920120572763,-0.16572858242478,-0.344397418498612,229.313939455161,0.761400378736769,0,1713.07960383366,22.4818912199205,203.563834274672,0.588700416415854,-0.584053750138516
375,170483.616164731,1206866.0373681,164,65,0.535627445860413,1.21687034872342,-0.074118641478624,329.907092340564,0.457423681686171,0,1312.72907717353,23.836773091123,33.8267677990518,0.625808570086735,0.559625143925996
376,489486.404803641,799847.766593885,200,29,0.15136403485073,0.0434271262614177,-0.767369677616934,301.125385179829,0.822714457762481,1,2007.43826147353,21.8112104549981,80.1385196661675,0.995710487928905,-1.01774965941571
377,45717.1842944156,730678.327572726,200,18,0.0769876937608276,-1.48309939786274,-0.000897581628456465,355.598429177677,0.837751744163874,0,2015.80675970687,20.6518061278087,72.7315675864569,0.0990070456702762,-1.28581165590968
378,-31971.1795659743,1245128.7615931,162,27,0.235665787278511,-0.0260979148199645,-0.150492584168773,384.256732383461,0.551636083118527,0,1204.43541440805,24.8844958215574,18.1456198651784,0.162199094862349,0.70791002800484
379,312338.562853689,1135121.54901782,158,86,0.533128848754375,1.27256539482162,-0.139855569569769,342.940673325078,0.50939262463514,0,1281.80304334295,25.5444303062056,56.6518506316342,0.935738925885344,0.281583698791069
380,239553.46270942,1343607.6920768,160,101,0.590424667376389,2.19734821701364,-0.831627012638532,260.459781951232,0.338229577246048,0,1204.769896119,26.8653852748505,42.8738469467774,0.89674048011606,1.08955919404729
381,649708.529869409,1412638.33211721,140,35,0.234807379361747,1.11034023924455,-1.29170231731396,234.132220501807,0.405482566731223,1,1024.22833967405,27.053364813405,27.9132589188169,0.272427735239518,1.35708328344793
382,311198.842723126,515944.641304798,86,5,0.0421442399553706,-1.2449761444647,-0.87862303929608,318.539458460982,0.876012712615663,0,2263.83125468391,17.9839443565542,99.8642096028608,0.535336406800457,-2.11799912873103
383,710880.239268567,786495.67767701,195,23,0.108310737255802,-1.05302544011998,-0.055087978887544,343.856766994596,0.801922975945745,1,1858.74900368264,20.3516909443162,137.417966983919,0.513773841657075,-1.06949487613386
384,692598.698350622,1437276.78327364,56,17,0.31711775921009,1.03295843336932,-0.800007678365313,267.753526086126,0.361928357602821,0,901.243793473918,25.9900965134999,26.6266795722878,0.180242032116274,1.45256811751593
385,275134.298865025,810036.144264821,137,45,0.30621209325831,0.125804591122437,0.0563070820434631,288.608632955935,0.730171597135942,1,1893.64777200135,21.9652827535726,77.2855484433558,0.643963625276249,-0.978265215156017
386,775321.326130159,835724.478742025,57,4,0.122804203854413,-0.718409726419792,-0.247729249287548,283.775179002346,0.74306964906547,1,1798.88084279622,21.6412537588699,291.811135579677,0.311562468352282,-0.878711621487903
387,-151623.830348226,729438.691519309,66,0,0.034751643216841,-1.7325971594141,-0.591561415646062,323.837261334672,0.852169067304848,0,2049.04991379129,19.9588805219657,71.6644056921274,0.00787562546688398,-1.29061579080086
388,235274.306079766,537462.720441835,141,6,0.0344455367946251,-1.26520461608871,-1.06811846048362,304.996384991264,0.861653917118735,1,2165.54898214764,20.4345389960127,217.174456323832,0.343730752071334,-2.0346071085583
389,626160.374753078,1260536.93468274,63,14,0.195039326965174,0.454266679468583,-0.871858887346688,351.372885284966,0.533470833005444,0,1270.57942015922,25.5787329998169,34.7140873810997,0.421568753017163,0.767623475145418
390,66199.9028367765,794016.568035408,107,14,0.142106050602305,-0.724235500369048,-0.0736713752928529,272.309991467036,0.800188407377563,1,1732.62425258516,21.2742725929857,61.0899090872651,0.142393038151876,-1.0403481183545
391,1064273.27038278,1287402.0604105,78,27,0.299251689664418,0.848049814164603,-0.698913602231039,296.95699816839,0.464336116142115,1,1282.35820051813,26.7759246327362,139.23204360431,0.00235325777781606,0.871737652454864
392,160362.80296809,927918.819151455,89,33,0.371159747371543,0.273457277711173,0.199298024067388,248.360459880605,0.671528552394458,0,1710.34106490064,21.6207852973597,46.3313515950049,0.399637744964279,-0.521418005906667
393,664279.282856431,1383149.33760598,94,18,0.231060528016562,0.999291194928402,-1.20162374905702,267.108340592107,0.419509384319533,1,979.051355472579,27.7769306824004,60.5193381882072,0.257193871176942,1.24280046064145
394,232011.540970866,1353429.29943669,99,60,0.606517944024856,2.21074840748797,-0.77804955908852,253.609934283432,0.331899708570604,0,878.249449529858,27.6904807701869,16.1504616984692,0.886126251160467,1.1276222420484
395,608687.40191711,924765.888685575,79,14,0.193922935384781,0.0176566966184593,-0.442375208363043,215.675154956395,0.768561449257274,0,1713.28958529222,23.6379993388643,128.11430448291,0.712281760293916,-0.533636998101063
396,832298.775044041,852503.194772752,61,9,0.101895810280961,-0.701160441167087,-0.475174821194087,268.038344992255,0.709092916567088,0,1618.22322542055,21.6787790699899,161.720112438019,0.189213918877784,-0.813686717694393
397,335546.187894623,1264347.74328676,86,56,0.593130804331581,1.8601434108453,-0.483220202734358,318.498864047971,0.421778608222493,0,1252.01989655363,26.1528570692579,24.9707305472879,0.995456971627045,0.782392034455804
398,19194.3610138669,1219347.19756881,200,77,0.344428665088368,0.496239340211626,-0.139859461629828,338.844618179109,0.548411927333634,0,1273.57358665622,25.8328792835354,26.520345223712,0.240002682848722,0.607995128839985
399,415044.123410386,1029794.74366809,90,26,0.378369712948825,1.10329860112906,-0.599772329139273,290.686185656028,0.652499173788202,0,1704.15834311269,23.5310306322755,50.4631282575782,0.999966646014938,-0.126603994009824
400,501894.580945014,911860.836222693,79,18,0.238718015867293,0.482449447860882,-0.642170275850445,236.819323760058,0.770408371458613,0,1665.78812774506,22.5756758703516,82.2007078726263,0.959262648782286,-0.583649751956147
