"id","utm_x","utm_y","n_examined","n_pos","prevalence_true","S_nonstationary","weight_north","S_smooth","S_rough","elevation","ndvi","urban","rainfall","temperature","pop_density","river_index","north_index"
1,893972.161817324,1019309.2166111,64,6,0.129307492854701,-1.50358874504557,0.518330464667363,-1.73132028335901,-0.370479532560727,257.567573115174,0.612143718596946,1,1599.08320916411,23.7383208294444,116.463164881771,0.116576205611607,-0.299786952589202
2,385228.820511976,1248126.57184809,77,64,0.829524771213963,0.432136103909924,0.751314569297418,0.238596837264622,0.451837857597009,357.659310023857,0.457187506236014,1,1196.83515562175,26.013154305399,28.7126772820178,0.998329582569929,0.651278395535152
3,42452.3485328928,1112786.52610478,78,55,0.654022535570127,0.637090720813342,0.613509989983768,0.401437809442888,0.519005518811416,319.436410968055,0.650185099759616,0,1400.23638195832,23.0324603600378,24.483259264797,0.174782347030088,0.0887457695168533
4,854048.831097804,1362723.8636759,96,69,0.631282230823375,0.0313743992251162,0.867998670474436,0.0189121830250694,0.037858073415392,297.319298048543,0.347968659007286,0,1194.34858457296,26.9167789702166,39.303227026775,0.0667808761951923,1.12759503302726
5,696651.077436115,976439.920901887,103,30,0.241356010163816,-1.12951732884093,0.474680521827201,-1.4350556210291,-0.194271863385653,225.483841526748,0.744119327401833,0,1643.63384546584,24.2696454564576,149.805007924905,0.560128942050488,-0.477970559358445
6,-65187.5870349917,1377116.14086939,72,44,0.608754993442603,-0.229724591793314,0.882653030114417,-0.0614925820868106,-0.501964118220425,242.490965764533,0.461674728157679,0,1225.64607066517,25.7149504233971,8.66050727637599,0.12491510700412,1.18741565329948
7,614246.631460884,876223.873446097,192,73,0.371616028964228,-0.537985040800321,0.372639546561723,-1.31988648811012,0.338015966166035,291.633157971932,0.819616950563124,1,1896.83070670781,20.5664721946246,78.2865007864655,0.857688537511201,-0.894512433826271
8,741064.381074362,1269821.20314193,62,23,0.483675512535042,-0.55892855026938,0.773404258438516,-0.421559550622833,-0.395349846121071,333.986122989443,0.494301244440803,0,1212.9951737853,27.6324759456856,43.784516546403,0.248985890644659,0.741450804190653
9,589540.804324097,967093.454967432,193,47,0.239286565775195,-1.4306772824605,0.465163857346315,-1.42004455724584,-0.631956310939886,252.873436337923,0.77048314055539,1,1735.54493268218,21.3136492763356,120.309770513758,0.857899871066453,-0.516818573611902
10,688726.56322972,1072365.24193287,109,60,0.502711162838508,-0.203403013259552,0.572352636814311,-0.54380733592089,0.318082006300208,260.106364130159,0.682655950885485,1,1665.96815141999,25.2675551853547,109.474778194408,0.508629984223549,-0.0792628269586005
11,416960.35329707,664246.624538242,145,62,0.475378921370143,0.594277962430734,0.156802205519182,-0.213525430784199,0.739258789839845,318.018408339633,0.864707965176867,1,2045.38550552242,18.4297621107853,192.317128972382,0.803845179795388,-1.77558290952592
12,392304.961298231,653414.007961151,84,41,0.414525725343031,0.435122862816291,0.145772327687581,-0.0841716944746869,0.505558644688155,308.824077982109,0.86103056488089,1,2141.73913885139,18.0024850031634,418.087411938698,0.730537234917431,-1.82060801806857
13,-125558.921747397,999920.003622124,198,97,0.508979324883946,0.524901421962663,0.498588175350895,0.262575014250369,0.479442256289486,257.905071910693,0.736161261061934,1,1741.95310121996,23.983028468558,30.1052637685312,0.0190243284214523,-0.380377031004
14,843708.524737566,1078934.37164008,61,9,0.148752966423561,-1.56755430916198,0.57904138995302,-1.99307244360557,-0.0784978337480706,274.853017985601,0.583323778169271,1,1377.27018025123,23.6086139586326,105.988843953616,0.161204624422627,-0.051958640939193
15,602934.335803668,973281.816028364,170,60,0.319313468597305,-0.997055543881818,0.471464908066071,-1.23994246510273,-0.200370373322692,206.247516276141,0.767255199474459,1,1613.22203662881,22.5142546968046,97.9292833460424,0.822300145323335,-0.491097029192166
16,458923.363612844,1011304.83474743,160,101,0.581728915501554,-0.177605900920378,0.510180323522295,-0.565517913530374,0.323382453054299,255.060858599652,0.694548445670595,1,1637.98218811406,23.14453138575,94.1596924224124,0.999924717908479,-0.333056676451714
17,50219.6639059331,751269.596175411,121,26,0.290522061901701,0.250956610291106,0.245409859899827,-0.0437951703407613,0.313872671632867,360.832374337313,0.858647015103478,0,2056.37123847028,19.4824973858908,55.1715527011391,0.0713720958896482,-1.41387724812974
18,290011.041209778,899740.513322876,107,55,0.476300048156146,0.142330145252873,0.396584422945439,-0.108619333885519,0.271284218082916,251.503530134726,0.698426324250282,0,1917.04933630154,22.0966074830959,53.098050361358,0.629491268576347,-0.796766957885606
19,371857.970557776,1415316.89339072,129,99,0.690848084260586,-0.764434368524001,0.921549415894066,-0.682667074917484,-0.389488521351203,238.747502684738,0.318709920071647,0,1124.38763203144,28.8383021748958,10.7562456810073,0.995553785307971,1.34619474572315
20,522515.069320334,753469.420282284,81,30,0.380597115013479,-0.297087300367988,0.247649742662882,-0.392680267561685,-0.117217479534343,359.187985000699,0.862770397617874,1,1903.58774322964,19.8924791594052,192.06792812341,0.999115975626698,-1.4047338137174
21,637905.572930761,859328.049608957,199,86,0.421957016639233,-0.251839532292482,0.355436050853952,-1.23895537716697,0.606350043177599,292.394022467246,0.825588354494643,1,1794.32992469212,21.2958910997053,259.374402173696,0.812130884238259,-0.964738892666658
22,411457.731606659,1348208.55582681,86,55,0.64752845129938,-0.785237800717473,0.853219039798487,-0.463886619336906,-0.931160901424205,268.690758474465,0.392991760550526,0,1263.13993742819,26.2483618821669,25.4804998808541,0.980861072869021,1.06726304335659
23,500802.731090119,1023072.52594227,92,53,0.589004984704557,-0.187598168163773,0.522162303620583,-0.81101975960839,0.576414533192859,285.437149812634,0.709671686232966,1,1612.92241316223,23.241283666893,105.834711064858,0.979666227894489,-0.284144987426866
24,233225.381819729,1134403.8748609,182,118,0.628851453137234,0.0726822152052105,0.635520989277081,0.0176300148346339,0.0971104963307072,317.855482817587,0.520814428650352,1,1459.08105492296,24.8622000988772,23.1301832136941,0.649030538434103,0.178596958029047
25,637126.657121666,1328147.92410338,53,20,0.433253949849226,-1.16835687853466,0.832793105255387,-0.758201636168782,-1.1651506048577,318.026294550538,0.499130797572268,1,1060.84809424064,26.1844431691453,69.8516075951297,0.459482161019697,0.983882254019719
26,1018262.01002349,1290258.49773973,169,95,0.505809420075445,-0.239399592754781,0.794213714862829,-0.389996472817096,0.23842882389682,313.112360408928,0.412007446285588,1,1129.91814829843,26.3154178072668,71.6732376395748,0.0105808739879078,0.826397169737318
27,114195.265973122,1476636.34288731,126,108,0.758099031372718,-0.210488393087192,0.983985488641145,-0.259916902147304,0.374077172992403,260.530897675155,0.313992736713536,0,880.725186993025,28.8745055253503,8.51428577718958,0.572945866298144,1.60106528874585
28,279991.634500381,1059866.72656224,61,31,0.533167751999025,-0.179486699203385,0.559626524278768,-0.444969583451611,0.231141512543227,284.466270858081,0.575689963386648,0,1466.42745669698,24.226917780487,38.4699313843126,0.72438329060794,-0.13121214199065
29,985595.593521367,1492032.27127496,132,89,0.676457701454003,-0.0495423447392165,0.999661775899295,-0.0376994160143272,-0.644303649908493,227.358129675143,0.252037915393206,0,907.681937899511,29.4244256696942,22.774899486942,0.00766941989350609,1.66505752384765
30,486980.760919248,1394312.02037538,169,89,0.516514515860649,-1.33302176070524,0.900162045485563,-1.02022959712416,-1.15535709763634,259.511274188708,0.407266843043259,1,1166.83501882237,26.8042497536541,17.2877713469109,0.826977736074787,1.25888927518332
31,381433.268266794,643951.165066021,167,54,0.3126312910479,0.060305870256097,0.136137167029013,-0.0979995686709521,0.103787566880144,345.057644439555,0.861512903195253,1,2156.8039315454,19.5828652673529,335.687941069648,0.69294071787478,-1.85993974604428
32,146962.329866267,1397441.78137095,103,67,0.647681867568972,-0.54344403201395,0.903348799228538,-0.511846340887008,-0.183221755244333,272.672194073835,0.351748251650412,1,1126.66745594442,27.0187398306844,9.26845361004114,0.605653112810551,1.27189793542116
33,333970.93385309,1314755.1130271,108,77,0.709865832153163,-0.391720605445272,0.819156411946631,0.102954172810012,-1.14025520994579,328.122743427565,0.377950881044605,0,1290.68694975402,27.2483124875652,33.2258365140543,0.976890902096034,0.92821585356055
34,-159875.330464845,750308.332794844,110,65,0.55702334447907,1.43993254643768,0.244431091974626,0.665457504045848,1.27805594707087,361.262013999624,0.855506000552835,0,2019.0698908358,21.5319774955082,99.3459402938405,0.00430135844991185,-1.41787268060352
35,549759.437781411,1391920.65793276,55,23,0.531341707070401,-1.12567679047649,0.89772713648593,-0.983277216901784,-0.606741565956986,266.882293237865,0.440924735763814,0,1044.3604271774,27.4106581024928,33.6302442858473,0.659300793465755,1.2489497233883
36,740100.737850283,1102831.74670631,163,31,0.203288484172447,-1.49896408169865,0.603373934689619,-1.45823345912291,-0.581549798034032,310.919692413165,0.630689459358788,0,1431.33383196573,23.8745156888507,79.3676432824099,0.350919389033494,0.0473693375398989
37,1063963.64711247,1361680.83578231,66,29,0.525264104766554,-0.348958758378319,0.86693664910967,-0.203342032434398,-0.437602948298979,249.416020509046,0.382919205906084,1,1129.10251992875,26.6822162917688,38.916064327886,0.00395533271924366,1.12325975135386
38,413507.155594824,1420557.5229934,167,115,0.682409586726632,-0.795482849254159,0.926885477026382,-0.693357992109019,-0.473204976834588,234.054976128731,0.338586125456478,1,1043.631907964,27.9161412099197,22.4951757748378,0.956042466294684,1.36797710227695
39,901196.922975126,995484.417574826,168,19,0.111241047033707,-1.61256698657717,0.494071817565582,-1.7207842202199,-0.566612339290018,228.318099132325,0.629345652818898,1,1658.81192954399,23.1916635505031,239.703680378696,0.11568916378687,-0.398813273236762
40,862450.016650706,1322504.14497385,138,87,0.556711259064414,-0.168372192632932,0.827046553269145,-0.312282972748189,0.278025902059118,297.886094532958,0.375316479518166,0,1216.49914161706,26.6415391465,59.3480018691827,0.0686490600076662,0.960424231104429
41,836606.653164616,1095884.0887209,189,30,0.155293076512373,-1.57258441085838,0.596299760296995,-2.13743624175495,0.122689032064658,272.928523511084,0.573349749686154,0,1667.53471587294,24.5174481000363,133.065195880659,0.164924164719039,0.0184918218737691
42,486224.877671539,1035155.44535181,112,53,0.493309492513008,-0.593454020419031,0.534465252219182,-0.788642868313449,-0.0247689043823778,249.298043893653,0.69360057199569,0,1662.81955782985,23.0992574016222,37.7059061673398,0.988994328012671,-0.233923071599338
43,584114.689783732,978803.903023087,153,52,0.325802802292372,-1.0465647632699,0.477087551911519,-1.36700494517382,-0.141543084398185,249.587500007608,0.76309242514493,1,1668.25488003322,22.2522626186701,181.972202774709,0.862972652165375,-0.46814481219547
44,-91606.5042679127,753840.935018823,111,61,0.500616883383526,1.20207143431541,0.248028022658994,0.155213459942181,1.29707005120788,307.074396630119,0.869611921255618,0,2090.99610451438,19.4230924684913,83.1808531287634,0.0121154425695281,-1.4031896354278
45,594731.931369665,1229031.85970384,170,72,0.432878522158042,-1.10068419019849,0.731872143667209,-0.714539012662637,-0.945132090256575,343.450138531216,0.5845752236915,1,1481.06846923136,25.158592967745,32.9091030521586,0.656851098124793,0.571912391876928
46,808043.699612753,964528.124969641,158,28,0.134120312826435,-1.48196523843421,0.462551812853462,-1.73709400415865,-0.409963044729029,218.416068899469,0.690543748986226,1,1664.83045447052,22.1687446438517,72.4798736987098,0.281338461843773,-0.527481210914371
47,221079.173280167,894472.33537117,58,13,0.343102553533987,-0.207573087190667,0.39122031181043,-0.00808733114767192,-0.259553195305872,254.014858435617,0.710396864018957,0,1810.02880891324,21.8307983056867,72.5221795757299,0.430820697002646,-0.81866381746792
48,163570.499876791,1277252.77270161,94,61,0.689592872114618,0.0118123680517591,0.780971156404215,0.301675398411787,-0.544408386408233,336.47474876361,0.436359379433581,0,1242.86710174431,25.1770224926526,21.0572788535238,0.559611664710125,0.772339668730985
49,565962.724383776,1340115.15378019,176,111,0.605139435011606,-0.686890427530329,0.844978257418634,-0.618074386369028,-0.301578167089338,291.601173502664,0.488619774690819,1,1096.31316413374,26.0135100577343,36.1826677249431,0.653061863049658,1.03362331254595
50,181338.242100984,1097202.02563863,131,71,0.573792227301881,0.102823958902003,0.597641696761643,-0.212578467674441,0.421181409013909,329.510466949275,0.574286616225603,1,1471.32424740512,24.3775349254365,20.7287287831473,0.47199942606524,0.0239697460992781
51,49432.6938896927,774794.747716088,109,36,0.311379205451398,0.271905132984453,0.269363402944296,-0.0163206286463236,0.328011801514273,362.352781646503,0.8491215497008,0,1983.20280668639,20.6986708321358,69.5934809592312,0.075850576008804,-1.31609639397845
52,300817.370721838,637695.683667924,144,42,0.272249701258293,0.161133887469476,0.12976777371505,0.578717500687099,-0.0507462003065342,308.720481109787,0.847704347497142,0,2170.37543795941,17.8025958961138,167.037381725299,0.458326328155961,-1.88594027204199
53,33465.7314782213,892834.566579734,62,31,0.47482417000983,0.614360534803485,0.38955271935413,0.200255164037879,0.626348276186197,305.428943836711,0.797467615175587,1,1784.49844386122,21.9612675750216,45.1948742886914,0.0899483954843036,-0.825471103323318
54,357419.710519948,616777.873487405,191,44,0.227053965933318,-0.172592418776174,0.10846905155002,-0.01281515318493,-0.178320440355923,304.080465087479,0.865798603108879,1,2042.93920160582,18.314737372143,215.053431921848,0.602788434320408,-1.97288387123152
55,-70479.9494952298,802040.701568919,126,73,0.530350778506164,1.14670723919343,0.297105503872868,0.0814952019360554,1.31476868755627,343.445748003498,0.852687695659699,1,1940.35132552292,21.8001514130946,148.367944196565,0.0194062531846328,-1.20285025249069
56,-7493.35384738853,1143476.37599713,137,52,0.449809590211526,-0.256423838197146,0.644758700078305,0.34177924391216,-0.890676111187344,361.932351926026,0.646412647107883,1,1548.72777761395,24.9426190077074,21.7307447124385,0.118262529226593,0.216306254347734
57,140812.477166662,648190.966487018,63,16,0.220291049826633,0.151354721999056,0.140454174962512,0.700259046431577,-0.1198153880621,323.312135642111,0.869558404995759,1,2189.04287420882,18.5103558519652,143.205721920708,0.135658800225437,-1.8423172706413
58,696960.677099634,1305228.80551046,186,89,0.508655554091328,-0.646385367445899,0.809456630979858,-0.627991080687379,-0.186439002964734,306.625111522134,0.493378369394159,0,1022.01788895799,27.5801258624769,79.4145097697069,0.323232638680626,0.888620338765489
59,251302.070075313,1275041.86595978,79,65,0.789757648189889,0.330326652252336,0.778719989192122,0.210156235592491,0.307977859274282,316.418005487556,0.400965422027992,1,1211.10959540182,26.8698440519632,31.0957205536432,0.80328573060409,0.763150170023963
60,319262.918119198,720561.960883163,148,71,0.4304353361713,0.471527290910622,0.214143040534395,0.216363222410186,0.418962104148233,389.435217059584,0.811213393839974,0,1933.94923466205,19.2496241460408,193.103137679931,0.573754502163744,-1.54151165688798
61,368573.663487586,510248.71116472,56,24,0.390997048065514,0.981269809676645,0,-0.355313529266879,0.981269809676645,244.839955566818,0.903987796662064,1,2322.04587440584,19.0957470464304,418.087411938698,0.551725809277628,-2.41566582168665
62,790644.620931228,990476.853165871,107,13,0.155612123699936,-1.41966084888261,0.488973065729257,-1.71682516008444,-0.3065534191354,225.122000920022,0.682224557730129,1,1674.7077835939,24.1923245956288,124.962375767211,0.304027666368627,-0.41962690856143
63,664948.897393608,1025417.65254086,64,26,0.394142485395379,-0.614209698521244,0.524550134824424,-1.05205060056894,0.214272025667276,232.938341064858,0.724539969656303,1,1710.46803298762,22.5875766995854,111.311547462167,0.613378569393208,-0.274397612090902
64,-42071.1835315245,1080196.71298134,153,63,0.415551459139854,-0.149650766506705,0.580326718449315,0.405387602387203,-0.707712526418555,291.27619794893,0.697771874348221,0,1393.29215136455,24.3111637737797,10.2477839662719,0.0689050159566836,-0.0467117963283837
65,722117.118286749,995708.095775008,75,29,0.278504848706777,-0.883321423966956,0.494299568931473,-1.30871113822873,0.0517303480257488,209.523428015489,0.719197034476031,1,1568.20769156723,22.6963725092804,83.9787894090155,0.473365682894904,-0.397883568472437
66,412865.815245906,864689.340132782,195,100,0.498663846039496,0.00651729982059019,0.360894970135058,-0.0955728750800785,0.0799712597007469,272.960898643594,0.764398961857953,1,1957.69337582309,20.9825671486077,84.1063208132851,0.915041783320397,-0.94245501637084
67,444208.020883536,1332903.97101268,188,108,0.610486044991729,-0.887184577740753,0.837635759474483,-0.599280255380698,-0.840583945691517,281.81617625159,0.427966968247506,0,1255.04702296252,25.9295223175652,28.7176175416654,0.946052097488283,1.00365047223376
68,894892.183987731,1166747.49507628,185,64,0.340327052387626,-0.64884228541268,0.668453584746386,-1.19387077650053,0.568347115507774,343.92847956753,0.491305467183224,1,1349.23273661215,25.0723124767523,109.356575209836,0.0763650307740721,0.313031238103162
69,1004175.81458336,1492364.44648633,148,80,0.573267300336476,-0.492562732201385,1,-0.492562732201385,-0.791564970841585,207.760358814044,0.257914930900875,0,944.853672659342,28.055832356044,49.604907616411,0.00578531173540642,1.66643818980592
70,167449.975176121,1143902.72597282,88,52,0.646066086439713,0.284778330614541,0.645192813859769,0.245275501201227,0.147338994488592,294.788858392758,0.54428239516016,0,1480.38111481376,24.2538150920514,37.7597900237759,0.468585067579914,0.218078351956491
71,459949.898694848,632228.007382434,101,39,0.390468026312212,0.25455171814846,0.124200531394367,-0.128169328543574,0.320269243296588,313.981788344912,0.88942436067395,1,2122.16776313617,19.0121360362874,220.725831494748,0.883757341158095,-1.9086663342522
72,516804.560728739,1099733.15978818,72,36,0.457153200037579,-0.899146513448896,0.600218922702046,-0.488923541046854,-0.822984876694689,320.469580227854,0.662679467394068,1,1501.01994812,23.0515394188246,72.5368056273135,0.931024815952028,0.0344902504491209
73,111042.256490181,1187840.3342607,191,123,0.613537760779172,0.102303364228944,0.689930523182274,0.240411638012934,-0.174893491719269,339.764158034968,0.54683509189106,0,1401.11484731684,25.2852322436029,15.5939046127258,0.352757335829643,0.400702334646877
74,610081.899389495,1307720.51661669,161,82,0.514509106671356,-0.871310182518525,0.811993715985848,-0.630102789925759,-0.70000541083138,303.26261616146,0.520004313183426,0,1124.38907919793,24.8354385086476,34.5871887975011,0.55104905377729,0.898976983645939
75,409918.522985645,1176415.08877876,63,40,0.632129209298749,-0.430920461834382,0.6782972247114,0.0887905815601142,-0.888676932034378,357.65005483524,0.533003801022376,0,1430.5746740368,25.1313922825087,82.0689727644974,0.999465361756804,0.353214000292034
76,172759.431404148,1024974.13128386,103,55,0.543256820914614,0.273794018962991,0.524098537073721,0.0789615570011669,0.314022113459008,248.151470056484,0.636426956383554,1,1513.76348309292,24.2831279080072,32.4901570653922,0.396816629819912,-0.276241081080626
77,512099.011840456,1334318.27771023,74,42,0.644420862149983,-0.643004027272345,0.839075820606476,-0.483087315670115,-0.499785715833554,307.358258121503,0.471280036334945,0,1053.79806224051,27.1316736163926,24.2495535832515,0.804971607583316,1.00952895155747
78,993830.120050214,1441328.86638473,183,113,0.564627487040515,-0.388732339011817,0.948035065251363,-0.366803858753784,-0.138560882563685,239.038800520614,0.287833422119114,1,1035.52163181592,28.6386914384751,31.0927596093762,0.00832081772026264,1.45431192121156
79,133718.659494276,1081686.30571162,152,88,0.61833922104373,0.459858653875596,0.581843436567861,-0.0816158683035026,0.807413490804416,275.870352048879,0.616713596517912,1,1581.96627293181,24.0704763145482,20.3453881524534,0.338160599884702,-0.0405203952123637
80,729761.01338206,1155596.96902982,89,37,0.428922387743666,-0.582619438136179,0.657100008334327,-0.715333991993156,-0.00470904187003815,394.468157630282,0.595878252067359,0,1338.17361220944,25.1576712179841,51.273759094966,0.341414421079401,0.266684758286708
81,186734.688426221,786661.572720083,118,26,0.199966101875844,-0.518480378717413,0.281446322072059,0.286652484285977,-0.791050229671098,328.712669668907,0.789144626098427,1,2054.8740076886,21.3817993256868,139.328195300946,0.277657847317577,-1.26677266133647
82,-100610.50205082,988974.974594108,155,76,0.542961388796235,0.686935976052902,0.487443838044832,0.591193456685409,0.382972190476899,230.450943091495,0.751053764604179,0,1706.08825981324,23.0649131517713,47.8348454999065,0.0254167588382624,-0.425869375026506
83,501671.356375868,1284614.42567712,181,114,0.617035019964153,-0.675676607936702,0.788466864609211,-0.418090286183926,-0.661910225016216,305.852451911954,0.506551643178998,0,1270.41051242415,26.4022878948972,15.5044752013973,0.862106073385901,0.802937929263578
84,289123.907281817,522170.60139256,122,14,0.109614370187958,-0.473705187674169,0.01213898708581,0.589506527134246,-0.541954724689961,220.811728494036,0.89041422335228,1,2298.31515121665,18.0699884361087,291.561983124667,0.347388665817729,-2.36611321380821
85,860815.849261624,1379436.56840123,125,70,0.566426923452483,-0.276142997226056,0.885015712483089,-0.221988284854188,-0.198490811714983,287.951807767761,0.332712442392964,1,1153.42084716641,27.1347813191158,63.910766871026,0.058828878645993,1.19706036847452
86,271159.527864369,1347305.19753489,121,101,0.777830667629335,-0.0150516034526362,0.85229923140989,0.0996531058476195,-0.278548607065044,272.560767240206,0.34291052273386,0,1178.74570100769,27.4093747210145,14.010761563325,0.893827084184952,1.0635082898437
87,184032.30433713,640310.502752198,87,25,0.236967622175226,0.210890486530683,0.132430208487482,0.615215316887219,-0.013948684907091,359.999692490273,0.859657959880827,1,2247.7176495547,20.1009473977492,109.470570759254,0.196893165645256,-1.8750719363771
88,1045178.74967258,1416555.40058611,66,39,0.569163287803997,-0.319232161159661,0.922810476226208,-0.244091534799599,-0.305044239364035,257.319047644178,0.329485976241626,1,900.183155820636,27.8669122452903,37.9324993489656,0.00420854939027657,1.35134252516372
89,989690.561706619,1306431.97387336,64,32,0.541360121930939,-0.148143746157867,0.810681708961636,-0.253069280585948,0.183206407890331,338.171414694578,0.385982159763381,1,1161.20608449648,26.9623378345096,104.508996845901,0.0148861370940792,0.893621234509297
90,412274.123959526,1064022.03339337,173,98,0.502637469673911,-0.609042785182225,0.563857498981324,0.0757113064084353,-1.00830374694341,271.542143975298,0.62538901919901,0,1576.08559469232,23.8874000772337,44.2110691982076,0.986205167341752,-0.113940863184822
91,490353.792112592,1177177.58714957,192,111,0.551271279126391,-0.739543868003807,0.679073608128732,-0.0159537945887284,-1.28224591161873,350.40034831985,0.587931772227956,0,1539.52793724985,26.5463267550733,30.2652585726487,0.939941576989785,0.356383278154378
92,-121699.348197404,749548.393747175,151,85,0.593886284858276,1.59243575788109,0.24365731448554,0.541765776826213,1.52356238588646,351.996312712359,0.865994310797497,0,2167.28089109242,19.7428536494842,41.2927302964351,0.00769391421037407,-1.42103132079572
93,484558.32728661,670745.168524787,57,17,0.250022760731025,-0.604378386714329,0.163419087575773,-0.660419868379294,-0.368888171160511,353.619156944351,0.883331483218376,1,2101.25749898912,20.4845425495339,277.655473607602,0.947008729750252,-1.74857210873913
94,831391.701657198,879146.924303563,148,13,0.0964150281574477,-1.60791899598458,0.375615825988209,-1.88116788230057,-0.575815930073432,234.824181977518,0.736554546767428,1,1710.84189473577,21.0936867868509,76.679908601768,0.280864261121245,-0.882362951640088
95,690982.214899051,1433429.95059181,73,45,0.664396636454411,-0.265728359603869,0.939992310707436,-0.324738802898807,0.200503621642611,243.2814198774,0.391872062048252,1,995.054235466434,27.6131717329179,30.1836162045714,0.260576325931484,1.42148056062434
96,743104.615890027,803922.38250431,142,29,0.233492219010521,-0.696534892197982,0.299021450097653,-1.35426727095988,0.0525737626342153,344.135132519758,0.820632383906159,1,1924.14102429243,21.6508645612138,210.517011627471,0.560916874563447,-1.1950291607207
97,124372.366645277,1286024.82263498,72,47,0.691591982218888,0.0772374649972805,0.789902944805405,-0.0856472709603918,0.334576736436809,354.222198922899,0.455841912041394,0,1109.3865084068,27.0140104711826,15.8963579002235,0.456031368861591,0.808800157993287
98,424862.010000214,1426981.31427379,145,99,0.67244994642024,-0.854219463257532,0.933426245134822,-0.808365939740345,-0.283796650294138,262.830986869281,0.341013958301042,0,1064.35136142785,27.0892569709275,31.0883962984079,0.93647483125759,1.39467719801065
99,542019.685327147,736390.636439118,109,36,0.323390341019487,-0.496905666845665,0.230259955259086,-0.501883910553983,-0.291873381225096,334.385777033567,0.873323460011864,1,1897.41990622449,21.5900503075295,233.529834780724,0.999582066976434,-1.47572073463744
100,757735.503952565,948098.766583862,98,25,0.247420928464193,-0.841323270724674,0.445823276903064,-1.4618175520646,0.180987076795269,246.615992127281,0.730940010384992,1,1683.93105275097,22.3247727907134,64.2697181564219,0.412168147792841,-0.595768834623892
101,422768.61392236,570710.431281849,126,51,0.430289632083484,0.768047453387909,0.0615627241705171,-0.467884587451562,0.912677904358069,283.48106612241,0.898664012784101,0,2386.16414458841,20.3483355753405,133.952768081908,0.752587828074462,-2.16436037839177
102,1015140.03488362,1437331.20141772,56,34,0.608593873829561,-0.197673536313407,0.943964603061184,-0.305949566704825,0.420671303493113,231.726671090001,0.299118987096573,0,1053.68763115348,27.4409790028784,32.3069617363305,0.00614417629451609,1.4376958711764
103,111561.311526725,749862.756297526,98,23,0.23574310912059,-0.0957211084047379,0.243977401557812,0.19651888525363,-0.221726000051066,388.209411144429,0.837906324734168,0,1986.18870109044,21.1599761034688,157.377377504966,0.133457040331786,-1.41972469207397
104,846641.974835267,1361223.51569188,163,89,0.586609515379464,-0.154215986085915,0.866471001249664,0.00311034728544516,-0.429951477855209,281.269030804674,0.352440283023241,0,1114.70961693127,28.1918206196719,26.8958945385672,0.0727791767343736,1.12135892835659
105,847872.311311074,1419608.62352025,109,79,0.700017817184252,0.194785001953589,0.925919298154559,0.212803136535449,-0.0366825742174448,275.976305724028,0.308961005032928,0,1132.71692911774,26.9256430622295,17.3801071804332,0.060220047803239,1.36403305962846
106,740253.543674838,1173467.94182087,87,38,0.461219340963377,-0.437658238992792,0.675296410396044,-0.88552681370593,0.508988959490867,308.115407142481,0.574410968403204,1,1496.47405581881,24.6912656645068,75.4028196752367,0.305881285462803,0.340964364137574
107,6577.56585427368,1400065.1145974,106,67,0.632826507033244,-0.31820282911881,0.906019903185135,-0.111677782511999,-0.691222097872525,276.068091435821,0.433344505199095,1,1044.61377490632,27.7937389836078,10.308762806656,0.248924703663916,1.2828016595975
108,-29775.7107989006,1332855.49827016,53,37,0.565546806410467,-0.335226450182907,0.837586404046432,-0.0821664676943829,-0.645221409223321,301.629006712691,0.498032322356548,0,1136.4732633285,25.5308451334946,9.57955040099976,0.155911225827059,1.00344899824292
109,230033.547140234,1094777.85865601,56,31,0.584736873067023,0.0356780132700014,0.595173385853423,-0.283261210040025,0.399533141400258,318.223500284933,0.55452473349642,0,1464.59046505552,24.0410481367301,25.0601713877306,0.608814923542148,0.0138938442392241
110,358055.841126488,712188.320016395,166,54,0.308636337987775,-0.117308879638566,0.205616916203411,0.0122642817876626,-0.137857780808491,351.076655785587,0.824675311887739,0,2007.16624902217,18.7534318187644,85.2389254449289,0.679035155203575,-1.57631618322197
111,893555.03660294,1292288.63255184,154,66,0.438727793994597,-0.560332446070094,0.796280818299926,-0.674569688440122,0.0922048575190841,363.28993791679,0.389130492243112,0,1326.20866074936,27.5361628067929,98.136647803165,0.0529826395940398,0.834835300970062
112,605094.693917745,1429012.68302315,80,45,0.600791494724709,-0.755451763452927,0.935494604979079,-0.775650283074927,-0.0206130539628747,239.855123347548,0.420048095615673,0,1078.62304659927,26.4847035793749,27.5356950786855,0.472425003441941,1.4031204580281
113,793847.365319576,864711.428575928,92,16,0.215409816067132,-0.754470541749882,0.360917460807339,-1.62255424629766,0.275574770541953,284.693645262507,0.763730659293401,1,1815.5314824418,23.7461245868033,152.23491272394,0.377454175072886,-0.942363207107301
114,855944.714691725,991473.000118287,102,17,0.169000045687403,-1.16913028124537,0.489987352453917,-1.57024535404273,-0.0979801899980466,216.234713729402,0.646322805663,1,1669.58976660989,23.833843037805,106.82488147561,0.178673350494564,-0.415486484653891
115,-14070.7015799021,1145275.64087883,82,34,0.428932718942473,-0.342447229523847,0.646590729458338,0.0847702521265972,-0.690704643182398,367.787194585466,0.646609276684492,0,1461.58713139754,24.3812213624086,24.3680563759617,0.11132562102934,0.223784788829138
116,782777.600599233,789804.742962953,71,22,0.238982905580568,-0.539083541755662,0.284646729243868,-1.36973792091374,0.226656808138239,354.361065354794,0.810545808136334,1,1941.87551753624,20.7865762552269,418.078108346902,0.459926600453941,-1.25370826638202
117,338966.13405514,1139263.0131499,83,54,0.604567945841383,-0.314888366811108,0.640468612163315,0.305545652178413,-0.932964686652017,311.458539482304,0.523266859820141,0,1473.87803221054,23.5672224883444,39.6610439236834,0.915904831094616,0.198793669260298
118,866271.838346584,1351806.45362798,164,113,0.628429584246905,0.0598912812682912,0.856882455088327,-0.0323246778221537,0.237408097473584,296.185918201997,0.351301847353876,1,1085.7471173979,26.3785569513979,40.4747259146953,0.0601962878689095,1.08221748560701
119,164756.507095259,1092354.90925395,181,96,0.574202379520478,0.164605666247524,0.59270631469784,-0.0463165696889973,0.313796560344087,306.133797749414,0.588029678658086,1,1439.99835067159,24.2372443906045,35.9507380271337,0.423578675910241,0.00382300317837902
120,807938.375931467,1459457.25424614,136,96,0.680982355505632,-0.026570729891809,0.966493569895396,0.0348661411085515,-0.332415004082673,213.442859010226,0.300951300510201,0,967.379200176386,27.8643866296521,29.2879156409661,0.0829182292833092,1.52966145706512
121,192409.552299543,1120877.51430349,103,60,0.57617867348545,0.00973797526825163,0.621748314559698,-0.128505537530053,0.180588589875584,296.044078710579,0.548897514097038,0,1551.37683385285,24.2667096794277,45.4541828141483,0.520971508389749,0.122375467316237
122,779377.53932606,1037720.4551554,199,28,0.157763007449703,-1.53597344345394,0.53707697068712,-1.94613332924407,-0.161290001496338,238.703063470116,0.654511281689227,0,1597.42940038272,22.4332989889605,76.914402386766,0.300616826721905,-0.223261765164481
123,-8432.27432531456,863318.376131368,100,57,0.565225522177388,1.09197646864245,0.359499040966928,0.127997101099646,1.26854319823587,303.119831299978,0.822870937488257,0,1973.81813977683,21.3644795989668,84.4671267969769,0.0518618969900379,-0.948153344427822
124,478093.368410049,1016651.60277912,126,56,0.522281003879989,-0.453750794208745,0.515624455857604,-0.890760046156972,0.267076137268355,258.610636993821,0.702024004510272,1,1644.31634185037,22.2516127675938,219.152657996934,0.99630208984808,-0.310833162006651
125,701860.472457282,1308766.53307207,50,28,0.47240621103798,-0.788113826462996,0.813058780333931,-0.664464811141416,-0.437053294996491,333.337242437833,0.487594465092644,1,1160.65115225335,27.2522106443471,31.9252982068305,0.309818326254303,0.903324687093744
126,811161.431355685,1159931.60319936,170,59,0.322645927159237,-0.822629293977513,0.661513575914644,-1.54005330332077,0.739004442920074,312.855857343543,0.536111374557548,1,1458.08344471112,23.2015054624162,56.2843468501568,0.177340715089854,0.284701400211312
127,394745.052808937,1157405.73094085,104,62,0.633086835935651,-0.348170632112536,0.658941707683982,0.315170366997238,-1.03426173856823,337.898736344407,0.538522158995709,1,1432.22564743758,25.1289071255149,36.0330282039957,0.991631707685294,0.274202766589897
128,703424.073942568,1370215.71747617,130,75,0.570681906038592,-0.507807571947412,0.875626950452883,-0.560875835356794,0.0482940668522272,273.471223389572,0.435935468721527,1,1197.03261920981,26.6675800605763,66.9294601246385,0.27022611959725,1.15873446532807
129,825540.056352706,1181881.251081,73,27,0.312956234770161,-0.908649337821319,0.683862925479294,-1.44571069167639,0.510253799123624,377.131677327741,0.508851669911382,1,1367.54881703713,24.387062014157,40.3748734692483,0.14738702579804,0.37593376972342
130,386741.40527388,1208038.92829644,173,138,0.773118261278529,0.181248905908099,0.710496932322567,0.365739835632968,-0.236103765239513,365.951164818118,0.491357519448955,0,1334.22977583737,25.2172714881828,71.0225491127214,0.994770650383378,0.484656555900465
131,430852.477325968,1407297.13873592,127,95,0.670660872205601,-0.797198223341264,0.91338362202032,-0.628471070224053,-0.66787992428916,224.947422337907,0.3598269680632,0,1008.74693053957,26.9961920340694,27.6446583810789,0.935404458573962,1.31286112579411
132,798939.783796628,1020175.07798146,65,7,0.143699640990394,-1.5669104297571,0.519212093317859,-2.12721155170628,-0.0492060694922399,254.072784795563,0.655254577163764,0,1598.06313909283,23.3251553006985,127.554777545962,0.268758352654856,-0.296188052738365
133,820129.821210121,836207.614861469,70,11,0.150978742576398,-1.05223736011144,0.33189459446957,-1.90078870698723,0.0523780207654584,316.355834001322,0.76819619820686,1,1769.12892869383,20.5960378409196,75.4445594854416,0.332264802072602,-1.06083756620972
134,467900.06152405,1009138.46250816,165,94,0.590955285449947,-0.131769298878757,0.50797450178321,-0.620286651797724,0.442405777971149,254.439493721696,0.701397524243816,1,1596.94840934554,22.5763231425541,53.4071663628352,0.999615058816532,-0.34206107022147
135,276811.96283562,995399.180986945,158,105,0.651524703188728,0.546025340225042,0.493985028824892,0.155100153285341,0.614347796844059,287.706326715037,0.626992044584401,0,1606.1122707425,22.5501882057992,64.7640601547654,0.666078656346548,-0.399167553903286
136,322784.536879851,1296649.8579574,168,120,0.756029594213356,-0.0895145238352568,0.80072146134097,0.360966374422126,-0.924087003302032,345.10255642263,0.388538536719964,1,1152.64747170406,27.6224965777716,39.0396596265811,0.957985638876723,0.852962467741515
137,320801.599419733,1200487.26757294,193,147,0.737325307201012,0.124771591885952,0.702807756340647,0.459595640991028,-0.477891383056809,339.779144486843,0.466024579818339,0,1533.37852574231,25.215828494329,29.90194793549,0.912987224818583,0.453268539779597
138,789184.761472374,871443.142587586,97,23,0.190325131142649,-0.940569622739204,0.367771758900276,-1.60601024080724,0.0419835064549245,295.602692820953,0.762045419323214,1,1915.80547562459,21.225093052841,145.349066133387,0.384622788548516,-0.914383249366157
139,-146912.240268066,889669.347050594,125,50,0.497142020079582,0.807090321502723,0.38632986137996,0.763469897588215,0.424514374352496,274.951326154192,0.793594914258185,1,1856.49694117137,21.3242419980092,42.4543195093988,0.00928299397359268,-0.838627144788149
140,507988.300073105,1280050.50346539,94,59,0.595149447532426,-0.755702286989554,0.783819833666126,-0.448589919841099,-0.771154106309576,335.401929480707,0.514040619490426,0,1271.67008079299,26.0064592580066,23.532711800363,0.850549290175049,0.78396826560928
141,125169.321106879,1398795.54435166,76,55,0.705311790571793,-0.224322708322853,0.904727214146477,-0.45418062969811,0.67284069613146,245.104431063903,0.364852018435856,1,1190.02120029378,26.6656545970503,18.4589140839648,0.543882162578356,1.27752476848718
142,407083.761222069,1268938.23963436,102,87,0.828039077658005,0.363542790229236,0.772505216221994,0.256620862598515,0.289314990872206,328.400018499623,0.454309035749306,1,1167.23655799786,25.6849823670798,34.7758146073154,0.997316218358024,0.737780820352087
143,-104771.393267003,1027578.92372967,183,95,0.487593731031291,0.347758923282156,0.526750762623248,0.275013302042857,0.215371670742762,260.123876362189,0.725102648966762,0,1616.41587649399,23.0687640671447,14.7424023758629,0.0275592439375024,-0.265414420525519
144,813964.206533517,1348563.13496678,199,101,0.54999779007971,-0.315609943380431,0.853580075801903,-0.284098521706016,-0.138855952793811,276.218209271162,0.379935612476368,1,1236.03896078116,26.1639907144454,50.8068796246252,0.106365028906397,1.06873682987443
145,689571.169680838,1387529.37194243,112,72,0.62106459155891,-0.365614788619668,0.893255885458787,-0.317378104034532,-0.200949676868712,269.437130047067,0.429529163082236,0,1216.58188663354,28.2823971027929,32.2995954894094,0.289748519097378,1.23069761163401
146,50073.4977206819,865815.76572806,118,65,0.574365663431877,1.09161875036637,0.362041907868327,0.51597037392116,0.978011156281287,283.797428601516,0.805895848934876,1,1859.57458257477,21.951650549501,83.1716704437924,0.0990384291442962,-0.937773097248931
147,630842.731044341,1241144.84490255,123,63,0.535259717359291,-0.603657393663521,0.744205705551073,-0.656196340788126,-0.0742922832465028,326.906987877052,0.572294766249266,1,1306.01419498641,25.4704380051766,43.4665182956322,0.543228923790231,0.622259274319041
148,332710.006351317,1377129.47130728,117,85,0.753449168108752,-0.3298806742832,0.882666603298728,-0.137807237971294,-0.585071892167635,244.127438447586,0.330140882469905,0,1105.92661664858,27.5948761201564,22.0441970093682,0.990015040980907,1.18747106044961
149,183560.68484344,1209332.9698547,180,120,0.699959628621251,0.251374762131357,0.71181453829477,0.348311843808326,-0.079155199318379,339.149218297985,0.480368297253261,0,1341.87641895284,24.8363175532149,12.5174596209024,0.564198063844548,0.490035160525162
150,202662.042631545,1474161.69104398,178,151,0.86867063430748,0.339748798884274,0.981465773546143,0.329539132676476,0.0975303379255498,231.152341397861,0.269131009358773,0,960.447890504185,26.7715345254908,21.5362139868298,0.816561433550347,1.59077954964872
151,994464.481373915,1389814.16349562,125,76,0.595332391595567,-0.120848051403327,0.895582282919919,-0.0696673405963641,-0.16995319702962,229.43139830392,0.324416015597091,1,998.281884578499,27.6852198435661,72.6467957508243,0.0101083198284392,1.24019420804242
152,-10302.0822281569,1229902.44988652,76,51,0.645221824489494,0.283937461872172,0.732758587241385,0.303826890060649,0.0461504052747065,340.818493757353,0.579077515134423,1,1294.68055279062,24.5145577402617,16.2543802836653,0.144188881529402,0.575530946747037
153,792444.064047853,1195617.02186614,174,71,0.44744846092165,-0.428015127167158,0.69784882377125,-0.920729293284677,0.620608274672257,345.186685863534,0.519202713497563,0,1354.44263131105,24.5692835187206,96.8380514969185,0.191990774300293,0.433025661245339
154,796359.141450603,981881.395537486,172,16,0.102288965062631,-1.8848461159327,0.480221085367625,-1.85506309236282,-0.831290634607403,281.138823392144,0.684960082718922,1,1613.73694071851,21.9957558840414,139.703370806708,0.296504298274553,-0.455353402704152
155,986662.265356324,1437850.50560324,132,70,0.562518832688917,-0.394144191365839,0.944493363742676,-0.345636711109543,-0.247187461667437,253.40337347549,0.28782244516256,0,930.354739977243,26.8276716388686,56.5239856375276,0.00937208274145717,1.43985432727544
156,-171902.611374522,926885.602285687,130,63,0.430221624943618,0.44849614452904,0.4242238222408,0.414174965322594,0.235548193130897,244.419055906603,0.761314387809312,0,1719.45198968562,22.2718591772647,33.4513571636338,0.00744896171736812,-0.683940055146771
157,602671.553920932,936815.412732368,135,40,0.340289536106479,-0.835712723101635,0.434334453900143,-1.45702626097655,0.165570333281574,256.434073200663,0.788204086068551,1,1871.25787148503,22.8837666809205,105.003372969894,0.846568944521428,-0.642667405091444
158,1063545.93418102,1278533.42731712,106,55,0.59056679808927,0.111037739313134,0.782275131658298,-0.0662533733564942,0.363550756328803,355.254033778536,0.449704748767091,0,1325.39107628253,26.6761816043482,50.9474618857838,0.00565790749717801,0.777662631346566
159,235622.737378053,906049.424773514,101,42,0.374869848733806,-0.149910580216781,0.403008219269782,0.0896691553798645,-0.267694991057572,269.926826413473,0.698435517320176,1,1639.82691574829,22.9841970566359,51.1850642813773,0.478939970569176,-0.770544353140995
160,422929.069879415,817458.71468229,136,65,0.521697442127203,0.217371793045746,0.31280427801818,-0.133923617064612,0.352573508454165,323.258813721652,0.796157639751457,0,1800.9742230671,21.8267921074671,135.327587450952,0.909958191924096,-1.1387662235766
161,951653.093959021,1341274.92963346,68,43,0.557092492860436,-0.158001727366148,0.846159152715954,-0.19446455205719,0.0532352025195172,285.610839691354,0.349024118516349,0,1061.73964886716,24.8208744460625,39.2387307957302,0.0219081856164628,1.0384438499763
162,653023.864537868,1046089.74192629,122,53,0.418524505681727,-0.610224908257545,0.545598661634416,-0.933143980265139,0.117251827051314,273.03038030032,0.71425899731544,1,1412.04709629779,25.120102077936,155.127417168446,0.631666090398735,-0.188475336363822
163,-137052.350149475,1020371.05987911,86,46,0.418285387553482,0.103260152588187,0.51941164403332,0.179585808357998,-0.0377467416582692,266.406394287784,0.717968932475125,0,1735.55549796771,22.593795934482,26.3911826716884,0.0175554812993475,-0.295373465962282
164,253846.40916563,895195.269932166,130,46,0.457809384567672,0.170177791113242,0.391956410963509,-0.0491660304370284,0.257715092520782,289.553551481151,0.702638573536877,1,1642.35198760896,20.9428377756184,105.18114769769,0.52184986955403,-0.815658984162279
165,48614.4160595337,1121229.54998134,161,104,0.603466139809526,0.378616032730589,0.62210676078471,0.337529588025071,0.182834362202921,331.742757846152,0.640537455561675,0,1411.63594525172,23.0548448606852,50.4082808830023,0.188293479110079,0.123838682089262
166,905296.704492653,1008901.34482563,98,10,0.122008764429389,-1.53513592434376,0.507733066202851,-1.83336743299631,-0.326050654064187,262.801778214902,0.618204662692432,1,1606.68493380316,22.4299304413835,144.686875795722,0.10708328061575,-0.343046635372569
167,21274.7791828988,1036203.81221105,147,99,0.597066637065023,0.673910316295845,0.535532709771824,0.606516025235738,0.337571648382181,265.536037450381,0.714526910223833,1,1674.32463504456,25.8102040840678,43.6836052495138,0.117928013037896,-0.229565598841604
168,738297.679522564,1089707.16419378,131,22,0.204405312419163,-1.47244002783837,0.590010354369601,-1.52930296404139,-0.465012973437749,296.873494960573,0.641956041006811,1,1314.7550937462,23.753054119589,139.55485195568,0.364022896836755,-0.00718218729234836
169,77321.5031601521,1198269.79387609,56,41,0.687891362090418,0.440378598955352,0.700549902589711,0.274733348823036,0.38454331088559,378.332683611318,0.561822271481966,0,1375.85189773104,25.5456120778886,48.4091933064643,0.282075101882903,0.444051745925536
170,94260.7427487924,1143184.42580155,150,97,0.65471753591282,0.454468344726159,0.644461433488349,0.522011839166171,0.0593787932620137,357.774950324335,0.594977122414236,1,1372.78286854925,24.4622461695484,25.5408333733647,0.286417140723117,0.215092781208388
171,60393.953837305,1036434.65587165,116,68,0.62540958265127,0.762369319137053,0.535767757080714,0.56777716591441,0.508960637954711,236.166622225637,0.696575576089185,0,1561.7080920743,23.3823233332245,34.0126936705619,0.170554715398017,-0.228606111279093
172,102142.736223141,772092.877692751,127,33,0.275083332171413,0.0608228657611609,0.266612332040771,0.296173344248377,-0.107551260876581,346.954872215558,0.831456330460256,0,2027.10068269717,20.9195190795984,139.838087886694,0.129169282464228,-1.32732655154963
173,1348.73386158666,1124487.10588428,149,68,0.474772884859473,-0.0914909860530264,0.625423636572135,0.472996798663523,-0.760677100094992,309.98044107419,0.658249938122808,0,1281.9148700969,24.3229090127109,34.920610810616,0.12263439574805,0.137378514046731
174,361356.394879303,1265635.30462992,160,123,0.794059218689782,0.182638936174416,0.769142134982531,0.564430532497896,-0.650126975332801,321.215554475547,0.429202527800323,1,1364.31614595753,26.6075308266994,16.102380268898,0.988949827147863,0.724052372933498
175,-71133.0319222436,1240239.7270295,191,115,0.583270364477834,0.0440337622049887,0.743284105539493,-0.119722086575007,0.290624016324628,379.809404084677,0.574042863993177,1,1188.18703441147,26.5439729126258,9.38920941791425,0.0804821112226147,0.618497207214781
176,235006.689097456,1150543.93530985,192,124,0.686087975830403,0.252980895765133,0.651954959193742,0.197798627387118,0.158098769748122,360.730136732212,0.506892805630961,0,1330.35675598386,24.9667765924639,21.8619801492952,0.666699050921824,0.2456821325506
177,559763.668391387,867310.552692241,64,22,0.301513050379202,-0.926278054821396,0.363563914807449,-1.09937620807247,-0.330164690928227,289.678930003251,0.820523572736699,1,1722.37968778331,21.2469333512238,77.7061733999221,0.960828024373114,-0.93156010661722
178,-28668.0168031176,866201.334065548,159,94,0.517463834560688,0.907098468506159,0.362434497380561,0.147527144990326,1.02480522454859,296.006047138359,0.823932200052266,1,1683.13500148781,22.2979714226626,41.3673718888707,0.0412032630521171,-0.936170506026168
179,49197.6159533026,894089.812348166,158,73,0.402265475781685,0.313397040962511,0.390830823067662,0.240221008688964,0.209123439795166,262.106471703025,0.791106125088865,1,1749.77663162264,21.86112373861,68.7234692854288,0.106118456701566,-0.820253751027206
180,581891.222751905,1205231.05565404,114,47,0.445576639742832,-1.04803930258831,0.707637928499062,-0.590660450166769,-1.01935135490226,378.922218909576,0.602427527508766,1,1224.36235190173,23.6521891429397,33.9428415524993,0.711642262603433,0.472985804923663
181,417916.906206786,1146283.54703754,112,68,0.586754359283109,-0.535619489333819,0.647616989523689,-0.00887877978247265,-0.890259075246105,353.85929249384,0.563360897209285,0,1361.63973169436,24.1402263866934,32.1185113897862,0.999439657223767,0.227974089158741
182,518159.038562371,997071.729510161,135,59,0.384733535320856,-0.920795642386616,0.495688034349662,-0.973067190033103,-0.331911295545665,251.801514288755,0.734873579404912,0,1458.26681602624,22.5639804453188,52.8294378275625,0.968772245296977,-0.392215708219029
183,147373.89307593,890269.089371917,198,62,0.281277585923816,-0.320990025559089,0.386940524970566,0.0312271318289594,-0.43476745530119,213.357232239343,0.745344038822305,0,1880.09177240511,22.4308948369914,97.3193081965332,0.254338014758488,-0.836134352495262
184,579175.910726805,1141286.13442036,198,108,0.493974302339681,-0.712065272252509,0.642528574342608,-0.698472120370926,-0.254536864487499,314.577784928964,0.651706861659496,0,1483.73701088296,23.8735628246764,42.7431384648585,0.766501880079353,0.207202649135912
185,398566.587544369,1303414.89000936,128,98,0.743934511005558,-0.225312313704971,0.807609684193594,0.121831917037408,-0.763295531876355,307.074714852865,0.420432836150161,0,1273.15545195365,27.1911463415985,29.3308478483543,0.997022264266176,0.881080909880268
186,153519.257726415,1128870.23039213,151,90,0.596196604707972,0.159196477886943,0.629886577496733,0.203844741203186,-0.004250220201785,290.432806710246,0.565585554346968,0,1417.38522372716,24.7533928156916,24.2559446206026,0.420018088370125,0.155596703098087
187,455364.291915208,967771.729624728,185,110,0.566485937139249,-0.107532597770563,0.465854483341706,-0.420865090579985,0.245908270445714,204.587541340582,0.722335117844344,0,1738.34720142928,22.2746406047838,190.808540719792,0.996352241236178,-0.513999366465672
188,609339.726474227,792662.412990284,188,88,0.450996279647319,-0.0254215101745574,0.287556437259488,-0.678620165436935,0.401016796255002,312.045399417414,0.857276449027054,1,1962.80547649526,20.9443250117138,116.745539946365,0.914523211996546,-1.24183053561918
189,382821.065396704,1390296.59404782,189,140,0.706399961545392,-0.638946720245141,0.896073498501592,-0.416143659513816,-0.760044342989646,286.998484099669,0.342901921622708,0,1069.1885217374,26.7803653409971,29.4893649608869,0.993480752308707,1.24219940113888
190,827176.053114633,1371265.43871722,139,82,0.628188399450349,-0.0378244988988922,0.876695787050539,0.134845964143658,-0.467278718701091,295.316569961194,0.35474090170901,1,1087.66823792478,27.5358540920438,64.8480628279868,0.0871039199356812,1.16309756749099
191,540929.1412036,908290.429026545,75,33,0.426618813344829,-0.511187868995251,0.405290032066821,-1.17921337597974,0.310601059506893,269.179587919773,0.79532382835399,1,1632.16909453569,22.2880826956368,139.913352578343,0.970241678217021,-0.761229755968727
192,501353.424742208,1055293.24164667,128,47,0.438728598341197,-0.869869730138297,0.554969756495625,-0.637684180635896,-0.591838081538044,268.462380684433,0.687396167806712,0,1487.04494843192,23.539455190219,100.336012853426,0.969967043296788,-0.150221552438806
193,627857.877317184,1153372.134336,196,86,0.478275796775092,-0.669381907298987,0.654834659543133,-0.534860311180472,-0.402655161513184,338.283351399173,0.642279396317346,1,1437.65869917113,23.689794306618,41.5179031470569,0.620417725817464,0.257437368898744
194,720400.798352685,1081045.65015524,114,42,0.353513947446853,-0.748155332461953,0.581191114714814,-1.11645242721307,0.159130680162391,282.58055260533,0.659538693058919,0,1417.55591166818,23.8479274563061,141.487891041545,0.41564344295783,-0.0431832408654723
195,-146476.320370768,887404.85858528,169,77,0.494746475764078,0.796734823321587,0.384024136724634,0.72418578031224,0.44334976510888,305.911466006634,0.79499188370692,1,1738.58807144296,22.9778445615668,26.2920328999162,0.00925898615588381,-0.84803935265305
196,275856.168715546,762194.233640839,97,40,0.350301067953185,0.129632507404686,0.256533434314251,0.288908902904416,-0.0193649557130446,349.768531072454,0.78495689401964,1,1985.57499480289,20.2731055755126,88.0317359390494,0.482462932218405,-1.36846966039048
197,100828.813013283,1437955.01010007,120,79,0.720512489020025,-0.220450656887488,0.944599771259709,-0.259562411507965,0.135187430217702,208.824463206227,0.351070918045347,0,955.416259894041,26.5798539389385,16.3813481099129,0.504862099409725,1.44028869382757
198,372826.096005922,1296264.22468889,60,46,0.776224768559393,-0.0298769034808897,0.800328805715324,0.184110281844626,-0.435461116199925,347.53641337783,0.410569890286258,1,1257.15241233159,26.6344318131419,20.2445049524657,0.998500041799088,0.851359606636929
199,643582.543020181,1043420.13642504,76,33,0.405087520956118,-0.678233664208591,0.542880442787861,-0.974894687288283,0.0592700474748819,272.027935714832,0.718423735222697,1,1572.23138062351,23.3140529716474,67.8079547437641,0.660937669210098,-0.199571388421461
200,469452.035286204,1422241.07038561,198,121,0.572718655584724,-1.19092121331375,0.92859968170884,-1.06892877558254,-0.602002083074783,230.99014394179,0.373940019771401,0,868.345585603167,27.8971995250713,18.6312662311388,0.850602584260084,1.37497466408773
201,1042684.33096958,1272869.6888376,109,55,0.560824040693706,0.00493243736560318,0.776508256863584,-0.0163372744315306,0.0408859460157091,373.740526023553,0.440482222654174,0,1273.51563573203,26.1304395909418,65.7057128666696,0.00793289667143238,0.754121648613288
202,1035274.17128951,1254527.4231472,198,103,0.524966417988425,-0.0845664599951077,0.757831979688991,0.0216391237208058,-0.210125760284424,363.713608129973,0.450918535554642,1,1288.89988362209,26.2386126614975,66.1352594814866,0.00951545172085387,0.677883142639134
203,-130146.889205924,783999.879138178,100,50,0.538069546080188,1.27220016252271,0.278736159220394,0.327665630616149,1.2942930658903,289.495102812419,0.850041761889087,0,2027.2762408529,20.129614615354,108.070736346448,0.00779571984266766,-1.27783582798505
204,-63010.5732583374,1369648.55788851,125,67,0.586382297755627,-0.308461174951809,0.875049462925431,-0.0742627427207643,-0.676107434132976,261.867771534824,0.468079737524111,0,1024.80784569883,26.3346232492492,8.91963790125041,0.125102829174844,1.15637710117567
205,222828.156119147,1102009.91352524,70,32,0.498925198682542,-0.311751887313298,0.602537135978925,-0.310722308021904,-0.111919216467323,287.81087742319,0.550987853791889,1,1499.77716634098,25.09044585104,55.1451297017844,0.593637748443113,0.0439534381661648
206,795785.399294881,1185936.75620563,83,24,0.396300312611805,-0.606451323374597,0.687992281092665,-1.20665513707128,0.706102733411122,355.701858073135,0.524913068439485,1,1193.71897356837,24.9806328731906,53.0697736620281,0.19079648318186,0.392790228837642
207,693772.533356906,807626.60906663,171,30,0.221665218018779,-0.921465306929602,0.302793130388577,-1.12451428199207,-0.362499157953815,354.228896456223,0.836894405287267,0,1925.33908705732,21.6551875685889,143.458690243697,0.699873201104207,-1.17963276947505
208,-23236.6213934261,1312625.59038179,111,59,0.530027065425616,-0.427632658944877,0.816988110830262,-0.150968277073921,-0.680638436123143,313.970307304708,0.513830563199528,0,1077.54409511939,26.1873476182113,9.04498708364726,0.157436040812587,0.919364622875297
209,587107.331911722,914350.450453448,88,47,0.46016496943864,-0.329376189717132,0.411460406096028,-1.4902919177082,0.816741627584759,236.636837668973,0.799864360295092,1,1792.171298885,22.8892647176582,282.106337021295,0.893782104162602,-0.736041647391693
210,163116.086666365,568987.650187169,57,10,0.1882764454183,0.197788517688416,0.0598085713423717,0.151782674341625,0.165700408643145,240.490022463369,0.89093292709096,1,2158.56013548071,17.4806198769159,380.141728544985,0.136762734284543,-2.17152101268832
211,203801.431960482,1481252.6463421,117,96,0.87123535244743,0.332492020877519,0.988685854686375,0.316329720544096,0.168818591114528,243.847531027185,0.264100673698285,0,928.569443315232,28.2440827283669,9.24998534669032,0.824096961866262,1.62025267183456
212,1064888.32656508,1365020.62880689,103,52,0.50842530364034,-0.433124584051577,0.870337259551452,-0.263743683836606,-0.519521971700547,265.907850618989,0.380907807405331,0,1129.86715287355,26.0583400636309,57.2168428119007,0.00384202988672374,1.13714139687978
213,-37161.8844485785,1359916.28371874,61,39,0.626313883884832,-0.15565411385879,0.865139964665965,-0.0225933260869797,-0.366632155621494,296.785233627363,0.476348757387623,1,1115.38943870373,27.988167992455,8.6616257518792,0.1558300937246,1.11592549857882
214,-115248.190401458,772009.599939968,124,78,0.571036234073,1.41540439697363,0.26652753780544,0.208795164635091,1.5268160429867,376.240711630114,0.858501628658957,0,1918.29248605572,21.1517662491165,81.127716933994,0.0092552870053003,-1.32767269043783
215,718903.515082108,1305677.46821393,182,72,0.449623015307925,-0.823996388504229,0.809913463802448,-0.648591842475511,-0.551148840086504,314.667645765466,0.479565619796814,1,1123.14053688536,26.3175365472846,40.8271414837298,0.274418779407257,0.890485177863164
216,-7151.65171025333,970689.137679013,83,46,0.494322219753645,0.494827998866744,0.468825017209927,0.396742904933576,0.306215148235293,232.895330998405,0.764491707021989,0,1546.69988374958,21.0164833995367,49.5631404283898,0.0729982034124771,-0.501873338245936
217,414901.048181567,656256.171370051,108,46,0.438476159958098,0.45641683233889,0.14866624671024,-0.0528754762640454,0.516761460807316,382.961783195643,0.867119434558165,1,2051.63017186392,20.8936375546539,236.206878855035,0.793053206766441,-1.80879473961724
218,-31396.8052388412,1408271.74370665,160,104,0.597080298254302,-0.435489071689103,0.914375974485189,-0.112991401181712,-1.11902111252844,282.039187089438,0.435900830983086,0,1058.93508746161,28.086899589548,7.73704817800037,0.184602995119616,1.31691201177177
219,191895.89248729,1481810.54483301,83,73,0.849414706400938,0.181340303567766,0.98925391247309,0.152951102440079,0.281808733741458,220.856133584289,0.268380177075841,0,956.656978975187,30.231880038162,15.8088818295963,0.794600305406877,1.62257154280447
220,1073095.26380913,1371642.708771,190,98,0.542239522452375,-0.32543737331765,0.877079927167851,-0.176985376726783,-0.455465628768964,289.479336883281,0.381181270434797,0,1096.06723497029,26.8247329710477,51.0226255418103,0.00327318859523405,1.16466566740484
221,432597.252024897,1347669.75870422,83,48,0.598375077582687,-0.986589283288493,0.852670431214784,-0.683056137354107,-0.927101145621817,289.961047850128,0.407861327665612,0,1160.31422462848,26.1911913380121,32.0712831193568,0.956929785852395,1.06502356605632
222,-61694.0109934339,922904.692744053,183,104,0.527171500280419,0.797697597745351,0.420170420591217,0.460301149858019,0.655745924281039,264.115306713017,0.795455070683784,0,1842.97324338601,23.6208132043281,18.7141508338255,0.0331859126950983,-0.700486462280725
223,385637.503386817,1097321.29698634,57,35,0.588492250335422,-0.333677449531607,0.59776314003296,0.294787669934086,-0.885484006710031,297.516852895099,0.581954853393296,0,1558.73839741727,24.924960446169,51.3116028477363,0.969060117263764,0.0244654901642885
224,675755.281170624,987101.451423763,152,42,0.317944472951925,-0.827203881997209,0.485536198137473,-1.58387169374549,0.385416971340646,231.862309992507,0.745648541305998,0,1666.71559811957,22.4079305485528,60.3526338485927,0.612139823345792,-0.433656559544821
225,615775.881695979,1128194.61815456,171,97,0.571999518871494,-0.270301800765582,0.629198662403553,-0.650403657420974,0.403346559776877,308.908545738467,0.662709028826777,0,1544.41865660863,25.2493237178597,55.9208558052067,0.674805394991857,0.152788562136651
226,125513.706753403,1387692.07793059,99,64,0.71283756393149,-0.162169158706678,0.893421554312576,-0.256120821938143,0.244801454891689,280.661165664777,0.373218106078115,1,1058.55866240068,27.0239754163511,37.9785032402775,0.536267141962205,1.23137388912664
227,11102.2254235441,977553.277765987,118,76,0.626522769369816,0.994444936522416,0.475814152848535,0.587162097936334,0.814114907476071,255.094842035875,0.75579771030701,0,1700.65991272914,23.2019423394518,45.5988938079127,0.0904987909858808,-0.473342959618708
228,191954.507224288,1419219.72536136,187,156,0.815063865943538,0.155274004988662,0.925523318185085,0.201070397126271,-0.139843987007502,228.771084360981,0.311126859766897,1,1000.15028696535,28.014715888255,14.3704678378834,0.749904038292622,1.3624166282066
229,824356.39632353,1148777.88016748,135,33,0.298604662274502,-0.910706536305385,0.650156744300264,-1.54567604890394,0.567407413173934,381.970088058066,0.537022815667895,1,1338.49963232885,24.3589035634837,114.425311949981,0.161844003806585,0.238341632320407
230,749138.437849979,1194206.16741718,134,53,0.406954037811032,-0.704443385249826,0.69641227775308,-1.0598879547963,0.326771395176236,387.065912753557,0.551254811470499,1,1405.84631692275,23.587081727117,81.7875455514677,0.274329859095779,0.427161530981876
231,129078.563340637,1081588.95973601,137,86,0.633223609250819,0.530064067796538,0.581744317928272,-0.0471657339784164,0.875235582548398,280.92497631367,0.619912641067509,0,1487.30709421939,24.3111646886413,27.9657845645915,0.327174942736569,-0.0409250078086412
232,607895.410093057,1229501.58731947,173,78,0.446628116279731,-1.01068300634202,0.732350424992654,-0.688402241081335,-0.814858199711773,341.492756218713,0.584319904743807,0,1224.84628703268,25.8284218128848,60.8296724655808,0.618515890750667,0.57386478599415
233,358987.739964345,1287363.09708873,117,82,0.760428185309771,-0.0840197265866862,0.791265589151296,0.382976061277255,-0.929552299839853,351.809381557768,0.410406926372251,0,1130.5042529667,26.7866331084959,28.7006512685201,0.991286346231064,0.814362613943885
234,-101968.229037027,1272678.49845283,60,22,0.489830589080134,-0.395794169666815,0.776313584914143,-0.479143637248152,0.0557618935878688,362.202606952651,0.539662568819576,1,1249.06905884351,25.5636749555921,23.4880653682765,0.0632061855083046,0.753326977467549
235,-128740.556148032,901673.781459368,141,85,0.554318606699014,0.99572951786158,0.398552895770955,0.369889717345898,0.982829891441262,275.871786517568,0.793555975124929,0,1822.44322299712,21.5917496029463,20.9698353062083,0.0126238328535414,-0.788731447068055
236,428253.345958958,619461.875336181,187,75,0.447023463986664,0.630560514010735,0.111201928900668,0.167686814759156,0.609531095732223,307.105467299592,0.884532963379927,0,2120.47544775293,18.5021302093666,109.104241727557,0.801720162844133,-1.96172798163552
237,788927.509096702,1257551.29849867,147,77,0.507740674449808,-0.329132209568184,0.760910919617063,-0.592017337626008,0.383023000228456,336.282024841791,0.470231146006454,1,1196.550668537,26.0175413894423,57.3362152134067,0.170809269336259,0.690451695670663
238,-127070.599027547,1069159.98375485,161,56,0.342082088519713,-0.372535794188419,0.569089011090025,0.105105720371522,-0.688298607777947,277.831696693198,0.688455855109808,0,1650.73364222183,23.4911560138376,28.3871891503183,0.0238995174204203,-0.0925852866197201
239,171061.853727532,877316.877408827,78,24,0.293811903122029,-0.284476216368894,0.373752454056655,-0.112522779841341,-0.272550565066261,303.818419144285,0.741740731063841,0,1846.90574158303,20.3115273049718,102.250811808456,0.296875774313988,-0.889969429676788
240,589008.901062779,782777.528119269,98,38,0.393859588182301,-0.297934885733109,0.277491549267669,-0.698285055869527,0.082239509273539,352.808312920836,0.861012007491149,1,1897.25717427157,19.0532524966859,269.997481067809,0.952200261807084,-1.28291645526581
241,852439.198213729,1285690.8826381,140,66,0.500924298482249,-0.345547537029249,0.789562923782552,-0.57201756294459,0.3547416478559,357.181618126401,0.408844749285311,1,1296.45804897528,26.4228755819223,206.352982423768,0.0852068418917276,0.807412156811905
242,635941.721099565,1199953.34746401,62,30,0.481331964572262,-0.736394914171435,0.702264113580701,-0.597739007042296,-0.431561763485743,363.226623073716,0.604413180898091,0,1300.31911061343,25.32073635559,68.1260258604287,0.560616242754625,0.451049333488403
243,807288.655479085,860875.300343032,55,9,0.163010221491972,-1.05417278345337,0.35701147692486,-1.79679254025877,0.0242167979744464,310.124297321811,0.759388678200452,1,1759.67275619494,22.0835262032992,110.688493060446,0.346928121038272,-0.958307839582793
244,847108.545541957,1432404.0858012,188,139,0.723457649844333,0.282201525802453,0.938947764984647,0.429642810362118,-0.542801318215101,242.873499624205,0.300278480243203,0,857.700089737517,28.5300754876362,35.359093522556,0.0584031387355856,1.41721661633916
245,152121.313969438,1105382.52174644,149,85,0.614485663530809,0.318883009074494,0.605971159179969,0.155724670655789,0.314887778222942,285.219519701147,0.585580734986093,0,1475.21465148931,22.1574764794211,47.6392975212336,0.399757939219557,0.0579714780507019
246,601069.299844574,927983.240390307,150,70,0.438547610362448,-0.414020696513908,0.425341448265049,-1.34881880941898,0.614269699758,237.415361223972,0.793059164846829,0,1718.07746133609,23.5502796138999,236.027704406848,0.855774982033404,-0.679377789469834
247,865198.919910029,1292530.55066908,69,37,0.545974937873462,-0.158875878844569,0.79652714173059,-0.471905374905136,0.581475949623704,390.22270221252,0.397844622209578,1,1134.16385048069,26.4440879815518,52.0646303961936,0.0728180958401024,0.835840818834503
248,306881.12302425,1059390.36309532,165,108,0.686228710219393,0.397635181466977,0.559141486263606,0.0715990281567809,0.518239593694229,274.948586322066,0.579085164060986,0,1397.59220025402,23.4711115139557,62.9732619225069,0.79606415542192,-0.133192117618066
249,87180.7516033002,993732.252218876,141,64,0.423713294630144,0.0479758573575836,0.492287745390651,0.193754494922817,-0.123457801285445,241.19423933618,0.711256377224793,0,1507.32090350835,23.0233744036501,34.3374838444068,0.19499448722252,-0.406096041418841
250,476312.049482218,1263043.24832967,73,54,0.71337324766317,-0.2526770192871,0.766502877502961,-0.0474195020534125,-0.436991814041294,367.781293044453,0.508210330288037,0,1253.81329525699,26.7774002378046,26.4909862261623,0.924617479913457,0.713278649388786
251,303427.091419851,1087793.37908123,92,57,0.651454398630579,0.150004303529653,0.588061719352646,0.236180719087355,-0.0484732617926374,283.251714475239,0.555244680284715,1,1658.56620004808,24.1025623224522,58.7597956386846,0.806845432574434,-0.0151367181119965
252,416552.850761673,1433497.11231631,101,66,0.643700641125382,-1.00915280443151,0.940060695442635,-0.962826324085106,-0.308905939456795,271.528483905689,0.330910984395771,0,936.470146406844,26.8647829416283,28.7187899815981,0.946665045849828,1.42175971422622
253,737553.38782135,1441064.92128578,152,92,0.627021903712844,-0.348249486373353,0.947766313729051,-0.387684335630509,0.127649818159319,255.32765055626,0.358385840371827,0,984.64015275266,27.7628137718352,35.7709063839319,0.173378493889927,1.45321484954423
254,1040531.84096757,1411911.56439548,119,70,0.593894904727364,-0.20299857046357,0.918082076075784,-0.143212365626637,-0.22981952047728,235.647109689091,0.330248475833256,1,1040.01015663763,28.4384191407502,91.4223547244862,0.00461765293806626,1.33204070394173
255,379324.204025933,665317.987883614,149,49,0.343187417274711,0.1203793185579,0.157893078322499,0.0471322604846441,0.110771451768328,380.783502713636,0.852171926115852,0,2148.05825322621,17.6345162017106,277.688137557165,0.703324576877422,-1.77112985327947
256,42.832054634986,1230865.1412539,154,93,0.659018304491189,0.31545259151831,0.733738809156956,0.22504276880151,0.237757773500545,383.441957881624,0.575303236979343,0,1263.5873285962,25.684850493373,25.1601715651603,0.1590799962917,0.579532314560739
257,540242.813366491,1325128.03531838,151,96,0.640960224455728,-0.584712994730545,0.829718224488906,-0.392808026585362,-0.549878671767641,334.568100777077,0.492538810284053,1,1200.63500491729,26.8854313798007,41.2028651715283,0.737091061676918,0.971330270908005
258,165978.979444558,1029164.39603533,53,38,0.667710014201388,0.798525199395364,0.528365106278116,0.0578050594028793,1.10156527663316,244.604044682968,0.637107910098854,0,1609.46903635525,23.8890169120905,38.4304844290496,0.382411923377748,-0.258824501816054
259,326113.668949945,1435382.19667811,190,148,0.77880794652496,-0.354214291026507,0.941980107070014,-0.225864998667238,-0.560458918216372,238.81798897336,0.286897101452365,0,1146.21755955843,27.5227938231298,13.134560406155,0.995221946974013,1.42959495213005
260,709104.366764166,1474701.22520801,181,115,0.665133170949391,-0.3119666882217,0.982015132592768,-0.289254012998651,-0.188845082779524,239.309120419268,0.350028164133554,1,963.787109238444,28.1968550401869,15.054732343741,0.205184347092756,1.5930220904167
261,410715.021253717,704582.481542289,128,56,0.476623622059067,0.465776939805401,0.197872575897515,-0.314815305363892,0.676423879108666,358.710902114216,0.845969627464386,1,1989.60940159519,20.989373321518,96.7735169636896,0.815588006981738,-1.60792938585104
262,635900.025991965,1353028.42348692,111,56,0.491062257632207,-0.98205889672517,0.858126676940186,-0.637361335779832,-1.03976432359663,311.468988748994,0.478744810067668,1,961.227517472197,25.8883041535075,28.3283288872379,0.444505432618548,1.08729652861967
263,549303.729876577,840351.051211381,59,14,0.320704258244819,-0.768662459589338,0.336113482530207,-1.07253934156828,-0.180235637951158,258.745455737493,0.83145799416644,0,1867.1574179494,20.4700559255235,106.498617770795,0.980593690866303,-1.04361562633335
264,811952.524588853,1223808.77386844,184,78,0.417306557523258,-0.585917028221344,0.726553945773053,-0.962457022998255,0.448372724322416,397.418103314871,0.48256425336944,1,1319.68466668822,25.1086800996363,36.7818991795067,0.150480309276653,0.550202954919283
265,226332.575341334,528632.672236366,184,41,0.226495811238815,0.478606285268923,0.0187187318260667,0.156635182353834,0.461515922620177,241.088841695632,0.891517035272128,0,2231.90850846416,18.3700402319513,418.087411938698,0.21803322321911,-2.33925401140941
266,809401.276987104,949295.37220483,150,22,0.148977096725407,-1.33948525160134,0.447041672635799,-1.65307337190176,-0.314977532004602,256.701474860119,0.70050865864446,0,1694.53593033608,23.0278466429466,123.464995177471,0.287292661184155,-0.590795216515706
267,868916.042738072,1227599.27219756,186,72,0.420392947225128,-0.483757602690184,0.730413468834133,-0.816737989169196,0.412662027686433,350.335352187816,0.449039119110734,0,1376.24418447567,24.520048450042,48.8621207682123,0.0845392993699307,0.565957929489365
268,108416.016558435,1358878.53902944,62,40,0.729612943680297,0.0655208575592895,0.864083322712289,-0.178924878905469,0.628863687308137,283.020756499175,0.407756752037913,0,1021.59861719109,24.6529106856363,9.54802670182721,0.466367389893107,1.11161217622101
269,221594.003008087,833128.610346446,80,25,0.353839123056179,0.033705917934764,0.328759521479404,0.0443335036326475,0.0101138106168662,311.971373982728,0.750359308325143,0,1854.34770553761,22.7482233799661,127.904969577359,0.38880461278414,-1.0736352602392
270,612.501579406235,1067156.69940719,97,56,0.516841998310353,0.266071534029217,0.567049247062619,0.380233550026643,-0.0307823713767666,273.535416623398,0.69996335839911,0,1550.56911733569,23.481948317528,47.6494142215678,0.104298502265396,-0.100911815538493
271,146994.855116011,665591.910551021,114,17,0.132988095925762,-0.532362874134455,0.158171989104146,0.915778400097226,-0.977181546174526,356.206296139679,0.860812964856564,1,2116.34405567293,21.0068403056941,115.214445767624,0.150306137790634,-1.76999131045886
272,689844.788919152,1374822.18090723,136,80,0.552467696518339,-0.623823415214523,0.88031729728818,-0.701062505052678,0.0981352156572103,280.47591495915,0.439766972414635,0,1100.28677280665,28.3463480971084,29.1312559645084,0.296689492334716,1.17788094895973
273,488589.303292311,1022945.84576672,70,32,0.538867726611178,-0.392482039186821,0.522033316607145,-0.793143091934949,0.261196715917503,279.258397791205,0.703440700535982,1,1727.54012507058,23.9431729620397,84.7695359060501,0.989646112517518,-0.284671525831854
274,493819.668806529,748835.036264055,131,47,0.348885920233353,-0.395209891950853,0.242930966808312,-0.419685482999342,-0.216476053574311,335.456228018565,0.856743632376235,1,1877.12849993208,20.8428794828488,225.521255293405,0.983047136348419,-1.42399634756267
275,558283.065003339,1058368.75252577,64,36,0.56693301942967,-0.272073525030172,0.558101272230975,-0.439717548078234,0.0848773921619862,254.176927811881,0.707412556010787,0,1559.15663820605,25.0923928265779,62.6661034327444,0.872411188316087,-0.13743837949348
276,-92194.339063422,904078.995770675,162,71,0.478015639542904,0.66650124804449,0.401001908880922,0.376675569928865,0.552972043045351,263.069849082413,0.801752442653325,0,1721.74797250773,23.0763429343722,61.2014889476596,0.0210001894034404,-0.778734320827663
277,589062.102487167,1038405.6387708,109,53,0.502502367540501,-0.425352395900651,0.537774631452302,-0.860165079251716,0.302165127880043,260.707250389187,0.725864139987749,1,1482.58016007535,22.6034431080023,103.316065711728,0.812978021725652,-0.220413841356272
278,999335.636484786,1302884.90244032,83,52,0.598961353286439,0.107625926858533,0.807070045584844,-0.271690464636011,0.800715693831509,307.713710305666,0.392725805259007,1,1305.00731058796,25.2759737314655,83.3283677209173,0.0131893318879156,0.878878048950732
279,363458.385667792,852363.75466012,62,43,0.656613300446036,0.809947635182656,0.348344936539856,0.31756203349951,0.771160030999625,322.717600596373,0.749049522233861,0,1855.79314235633,20.5475109677661,122.803197229244,0.797352527824965,-0.99368555885418
280,282361.208240614,1235229.3747997,159,117,0.707132602113859,-0.0644873972139145,0.738182515116276,0.179989202281749,-0.428254500599802,365.342092564615,0.431013204510303,1,1171.25156448239,25.9203911817679,34.5252515078455,0.85239317322465,0.597671984483175
281,180108.056463361,776084.881765108,157,47,0.212875433538069,-0.385743440237623,0.270677030251771,0.206565271138954,-0.57752931420285,324.732559522294,0.797375571888636,0,2126.24506094267,19.7036600304709,109.060573292454,0.257981387349406,-1.310734030677
282,1094692.25344391,1369089.58357483,165,94,0.576980210246198,-0.178778392197305,0.874480309725284,-0.172633256587036,-0.0489509947059438,240.818905505472,0.397988107916735,1,1019.25405052285,26.7366402014471,106.355560696333,0.00232437684217634,1.15405375861419
283,-39250.9144968196,715203.159051399,145,85,0.500997623404386,1.30411612696747,0.208686655264273,0.497330389752293,1.2106288218953,340.772765415456,0.885919087114421,0,2060.71509286155,20.5309209506447,58.5408594036693,0.0215024294822301,-1.56378518908739
284,-20672.6080373734,831881.922833636,189,75,0.450921784320792,0.732516230528877,0.327490131866782,-0.0826329127791642,0.950903247339155,325.522765201666,0.839157546438607,0,1847.69900550786,21.5590513929016,66.3430717786478,0.0405621178384256,-1.07881704066903
285,481693.920301531,949396.313425976,184,73,0.419201967238395,-0.677452447862552,0.447144451990121,-1.1042645931333,0.0819814580810582,295.952537086218,0.748425812701047,0,1629.58486901807,22.9506417602583,92.9392919628776,0.999866180660416,-0.59037566050113
286,485381.488349665,1082722.87197723,62,29,0.400573174018411,-1.11611193200603,0.58289887863882,-0.58215343908175,-1.03997444162748,278.904390910422,0.658503947767895,0,1511.24529877011,24.3088787983809,153.467673795539,0.978963855037537,-0.0362119709006026
287,552594.1324036,980603.579795469,156,44,0.280320962287142,-1.31283336870616,0.478920000682734,-1.32149097228404,-0.55178131085489,245.473761545482,0.756611261457512,1,1660.12738270827,22.2682381734062,85.2206297167251,0.924998443121601,-0.460664565715636
288,209722.722504003,1290321.28355945,145,109,0.740816392166799,0.11123511265304,0.794277644008309,0.0249471625531421,0.196226319532532,298.802012288458,0.401167455303193,1,1351.04123204001,26.8776537236127,39.6705688517068,0.702436178207234,0.826658135158533
289,386421.509371437,1149154.43275825,148,85,0.562652164476331,-0.60925872946733,0.650540153889614,0.136840661496276,-1.21733478758395,332.475128986044,0.540019286229784,0,1347.13665688861,24.584580290481,63.1716193955257,0.983929467307054,0.239906750143136
290,881416.608799671,963171.915427685,127,12,0.108295004866237,-1.57754022935113,0.461170906822554,-1.57899309040146,-0.68830873853423,234.803645946733,0.658568732228683,1,1657.53922802497,23.2359400488674,102.107148635987,0.152066410430389,-0.533118212962638
291,49225.1491336568,1027951.40697931,159,82,0.605907524850532,0.716416029761087,0.527130028769024,0.32779453993018,0.695733627210628,231.83565505956,0.708153134961016,0,1421.66734570065,24.2920100312906,72.7251500108057,0.150833819492303,-0.263866216670425
292,370550.365996209,1088594.34412584,166,83,0.490493123259081,-0.67816758607329,0.588877269919448,0.0762538280881384,-1.14893432066188,316.243296834626,0.580228157976892,0,1638.82439522901,22.6037461127876,23.2119337360709,0.945763408526261,-0.011807555871678
293,368654.897207293,815733.255306877,76,54,0.686363513239406,1.06804672617397,0.311047398137982,0.458713385420374,0.978534719386137,315.423172483782,0.7732475011884,0,1936.76336902712,21.2640383456238,90.2201509710708,0.785149805380522,-1.14593798998327
294,383513.183948463,1102376.76834574,108,63,0.529221143227313,-0.592389094285545,0.602910671202228,0.318222859003919,-1.33219122516448,318.599877994227,0.576567682333431,0,1486.34152894946,23.960355512734,47.2319413290583,0.968179241457037,0.0454782477996435
295,473764.060843658,884618.747004796,197,68,0.367243907646662,-0.704710500366203,0.381187290230599,-0.849323959415912,-0.229244994717705,295.642766855305,0.78316630141657,1,1856.61681813242,22.6234328036687,141.26629093118,0.994486226538015,-0.859619655106341
296,713174.951589177,1111122.34253109,174,59,0.353110005513435,-0.845157371003533,0.611815501733721,-1.20661691237915,0.158322420492719,327.171083589629,0.641033564639014,1,1525.2285342826,24.7682260598593,118.29230367094,0.413227903120318,0.0818286922339099
297,852405.033978358,968310.720301239,133,21,0.168836293889441,-1.14515588472336,0.466403289003938,-1.39731482878938,-0.261305318595409,274.772655525532,0.665223516016813,0,1802.39905105951,23.5902793564103,149.178050759619,0.194676324359316,-0.511759084670349
298,340328.42849512,781125.845997717,79,48,0.585526559022211,0.830831697988158,0.275809790120401,0.556615138074615,0.63280237327768,343.261563305817,0.78350954503148,1,1856.15022173642,21.0483706336326,111.125668498374,0.681725973696696,-1.28978157102724
299,538967.748770589,800016.581798138,81,33,0.377635226817389,-0.432439744701142,0.295044525010618,-0.783680965494625,-0.00805118842538311,306.511417352552,0.847369893825189,1,1976.52658517967,21.2702121615496,178.263113749053,0.995348874599508,-1.21126338257189
300,249985.251814712,558403.04409108,192,20,0.130556638404329,-0.317864193025814,0.0490312202467569,0.570422869594118,-0.455479594581645,253.273422343021,0.878941185004327,0,2374.28078513438,18.7104230426453,185.829736216653,0.280689943883243,-2.21551528082899
