"id","utm_x","utm_y","population","cases","lambda_true","log_rate_true","S","elevation","ndvi","urban","rainfall","temperature","pop_density","river_index","north_index"
1,292862.739464744,1349063.02378548,3162,1421,1395.68827643042,-0.817817057067684,-0.0746473217940479,264.728497605408,0.33297121793312,1,1193.76409381265,25.978026750856,39.2294255226303,0.982590075109304,1.15894910372305
2,362151.786694115,828667.237018219,4987,1136,1135.65516758813,-1.47962480200389,0.893395998564874,266.178507437717,0.739701761156044,0,1801.55982795692,21.5834276594566,40.5549199419495,0.90561052526501,-0.817585281349905
3,-69575.6669213602,924524.908846388,1695,53,42.439064436758,-3.68736875068597,0.0429624143880421,254.456614890846,0.760797642454561,1,1762.51722586025,21.2742960528798,41.2355289791948,0.0336364728735536,-0.45350473100881
4,425248.848317652,1117195.14942139,4094,731,750.067814370161,-1.69711414461823,-0.590601445576985,313.624700043865,0.589701724681929,0,1430.58905568302,24.9644595372394,47.8201290279159,0.973357544410471,0.278283198794495
5,774577.561749423,1107829.24036336,1171,7,12.102327534047,-4.57221557130778,-1.55277994065048,358.397574342015,0.521824383921425,1,1460.21605842128,23.2093312465981,99.6435518300666,0.119506845924206,0.242710194993538
6,218866.579167392,977028.331025121,3510,310,320.812803306586,-2.39251353070727,0.429465511119611,284.421446207999,0.602863500704803,1,1519.64643630767,21.8278216876212,77.3529635362803,0.592901573270268,-0.254089551429966
7,372607.780729113,1388876.57515515,1665,807,764.39154474894,-0.77850025140089,-0.363022559064658,238.485583678896,0.348300431942222,1,1060.86946282241,27.7235845063094,21.0093822852351,0.961481962604717,1.31016641807306
8,59063.4476247263,1305542.89693662,1377,296,291.455597488398,-1.55277482876567,0.0829188424990418,302.279875189162,0.456671664862112,0,1067.34499080074,25.229067021397,18.5404371378319,0.338927655884003,0.993653708666368
9,372382.795154834,1099764.15741186,2014,355,348.063139757436,-1.75549417387698,-0.43827259307216,306.309378765391,0.562488702354569,0,1232.04798966066,24.1757554905535,30.6971574162521,0.997762276746856,0.212077906690198
10,-26912.151512149,1433722.48318396,2953,919,884.964151825792,-1.20502974396793,0.132766890602206,237.714722665537,0.402784567793512,1,1057.15454611731,27.9952470360454,10.4431108347294,0.208604990333224,1.48049731140985
11,480649.326945793,1027975.61708076,2303,298,320.832626845568,-1.97104832436907,-0.158625159275145,293.921469233944,0.685213785523041,1,1635.83540791903,23.7698598101831,63.38392072171,0.916564188950599,-0.0605847897164307
12,38746.4843036464,1088506.37547848,2246,120,123.995630736406,-2.89665980631088,-0.56149166887469,315.2694797826,0.632065235824028,0,1474.20363162495,25.0038172691369,34.9828377921862,0.18474298239474,0.169319310912148
13,704924.197692351,1071152.40578693,1805,35,34.3830352757537,-3.96075258861986,-1.46291210456191,317.134982454959,0.596771777377766,0,1485.24843516213,23.5843180885318,115.469497830925,0.256145627315487,0.103406560107704
14,-151179.243080436,920643.806711302,3285,59,62.8142029234045,-3.95694072181444,-0.63569633116582,221.661560144519,0.735568883051308,0,1694.61017238777,22.4850816321096,26.2485939884226,0.00987027359377033,-0.468245687828675
15,471928.690953621,571262.090694617,1603,31,28.2205519496325,-4.03958164756565,-0.372712313758657,334.141915100604,0.895380498808489,1,1982.16307471522,18.469399376432,130.704949848038,0.984779735942408,-1.79524523852183
16,269464.516582941,675514.305478496,725,12,10.4119075281329,-4.24322154903985,-0.254920575992836,352.233658309941,0.790321555575532,1,1911.36920114254,19.3816612530109,73.2904455268957,0.53598145400869,-1.39928106571329
17,39809.3070056923,1241961.68855591,3983,606,627.788496266594,-1.84758726282413,-0.0398430941091582,352.081616364637,0.518015474613874,0,1184.15553742844,25.8505716608507,12.7025223300646,0.256952975540856,0.752163581719655
18,350555.218392011,506699.041003849,568,3,2.33747358690166,-5.4930507363255,-1.26061036750488,307.382090404605,0.87970170888905,1,2199.53829211222,18.5712804017273,231.203587800149,0.671928583180115,-2.04046453307397
19,185677.460533135,956408.643452501,991,154,147.882111744817,-1.90229912023898,0.539989398045927,281.215034437592,0.629096219785658,0,1645.50275526663,23.6507230115214,35.8373563325748,0.47396967836804,-0.332405945476738
20,135820.279625522,1488244.3622562,2718,1133,1112.98192844275,-0.892853480366325,-0.259199701619399,267.061588630093,0.276034382561597,1,1008.13111964944,27.3738614406603,11.2646297020091,0.69796063248119,1.68757886638267
21,367098.913356849,1204898.08937465,4105,1059,1008.65481809864,-1.40358816303808,-0.536789337291121,348.186245382848,0.478984474192007,0,1411.77622122055,25.0893144688504,54.2542572549071,0.999517610216815,0.611390961957691
22,327324.872889834,1163729.20205788,4076,1639,1646.09198994858,-0.906712127699673,-0.132029179919242,355.675355172711,0.483432608182854,0,1343.69880821646,26.9569064312943,29.182122953752,0.974405682043332,0.455025896278989
23,750185.973470038,1226591.62229334,3768,175,185.098369611412,-3.01341222430572,-0.664194478687603,383.925922148532,0.446632789210181,1,1309.04345389794,26.0009615677201,79.0072496778202,0.116177066284263,0.693785967524247
24,44037.287489493,1470913.45646009,3951,1968,1927.87223546165,-0.717551785350796,-0.0745256049081399,220.577680927953,0.346467284053072,0,910.688688950235,28.4259941240684,8.97783723243695,0.400799875448685,1.62175371540811
25,82551.5249963141,823088.584446959,1661,104,99.4851337464579,-2.81516688619481,0.748883945725994,268.52507999047,0.77232896450752,0,1806.24773964977,21.098509018962,50.1410372113632,0.156869848990814,-0.838773766940784
26,294211.737457543,668581.767994988,4389,108,109.00908424405,-3.69542546924328,-0.230771325947611,406.228580359255,0.798157651784323,1,2070.6217640335,22.0340800724181,103.239098233975,0.609700368763826,-1.42561179140398
27,348572.047316658,773082.770945159,4423,581,592.845775737695,-2.0096391873372,0.477796195946336,297.861205359924,0.763999766851555,0,1897.84498151822,22.2842142332961,105.460496411456,0.843535246420876,-1.02870268710719
28,-181007.962606043,952732.548131428,1350,30,24.8275301872737,-3.99590674575732,-0.678418822980802,223.038604418619,0.698043171908226,1,1581.98966663732,24.2748921562165,21.7597607094599,0.00683249479551715,-0.346368258373318
29,408700.431381879,1080828.8085473,2464,464,483.138802164683,-1.62923733720299,-0.476873577993835,331.218852070696,0.604012421238843,0,1503.38722390377,24.9896831682524,76.9884535679309,0.994841783769065,0.140158861463751
30,265277.139162819,913975.242083521,2422,572,562.166683587134,-1.46055052818078,0.854852062171745,214.696068724565,0.645579139113752,0,1740.72664594358,22.6842858187963,61.1674971981957,0.694744256249082,-0.493573808503459
31,390348.787498467,1332319.41139816,2295,984,922.751612815246,-0.911128032750523,-0.42574644461082,253.805553297128,0.401392235942217,0,1065.7190960452,26.2805645593301,32.4862038944471,0.954249135624793,1.09535457345319
32,307401.21430685,1098465.59050835,4586,754,775.700432534626,-1.77699705831563,-0.332711881553299,332.038421486697,0.522584644354836,0,1468.56237294356,23.8412454710533,77.0498730896918,0.919092185305632,0.207145771954737
33,744213.782397588,1313916.7663011,2050,103,116.477594915223,-2.86789613594651,-0.86903234631822,271.494494823362,0.386185759024335,1,1217.62193485647,26.8835333887199,58.2507097565782,0.0995691922401919,1.02545881000632
34,314953.428298766,1285102.87845767,2835,919,941.379210205528,-1.10245117135036,-0.471645985731635,306.399705083453,0.386490183733029,0,1244.16992066257,25.7842093188192,13.4211400707858,0.989164419338974,0.916019722414976
35,609592.085193227,785574.169925375,2964,154,140.576251018279,-3.04854493298313,-0.0328775557708186,321.632634674656,0.821000372017144,1,1829.32411296703,21.7091052250805,92.6512850671353,0.722368080340168,-0.981258645034063
36,733300.920965866,886112.923567807,4562,102,106.068933408605,-3.76142720492003,-0.769432343907013,282.242556475377,0.704248211748302,0,1775.92019827821,22.6066121609293,125.141336445624,0.287719249893677,-0.599398705619302
37,127714.100141898,903116.371316935,1766,152,140.459288282949,-2.53155469749023,0.640447457908152,226.206945752761,0.697981185494137,1,1794.43378233094,23.0215770640492,71.9116805905454,0.282023295249622,-0.534817285101437
38,171411.683957996,533426.198967066,1179,23,19.4645531821036,-4.10382687467787,0.758605266758353,302.758092194563,0.863371790826207,1,2098.93553992082,18.9603601741346,127.940373940732,0.196696646903792,-1.93895113101947
39,314541.89206829,727530.799020894,617,10,13.8353306301035,-3.79764351286001,-0.45359743172314,340.665515835381,0.774039749375072,1,1746.3968647005,21.1559760152546,97.8487005182707,0.716160195962585,-1.20171530770408
40,608438.867191324,1235810.65589327,3160,367,385.197450480863,-2.10457124536824,-0.473620382293821,324.252084575727,0.539240252275336,0,1317.92008241124,25.1666234223694,55.721566821485,0.407843669792728,0.728801118243671
41,402423.931632432,1185469.74082322,1200,220,233.674511320863,-1.63614766598656,-0.579591191297738,359.195075930925,0.521125717831805,0,1249.03882360221,24.6044050824511,38.4664824563372,0.981380133006017,0.537599436481212
42,555305.37547673,747311.382751981,4273,265,260.902918342088,-2.79592305789089,-0.139360177184675,302.268297411216,0.845563430661138,0,1835.77631753687,20.9270422175169,157.501569037351,0.893423750274412,-1.12658594483168
43,282426.30963266,1389967.41830269,3028,3609,3561.7678104793,0.162354662013019,0.441873399132802,233.570934523708,0.303161047043129,0,1102.23231608619,26.4982545012814,16.4428012338272,0.981465175046151,1.31430958956805
44,731995.047977592,917528.828427619,3454,41,57.8455627109692,-4.08951151136282,-0.882082274807091,237.712575332473,0.684813223835367,1,1554.91972069569,22.9737905779159,207.387611243239,0.273970018349387,-0.480076801459902
45,74876.7727621443,1328533.60520276,4733,1953,1991.20985327649,-0.865816830453853,0.195707381741799,283.131537139729,0.427846249437797,0,1145.45324884033,27.9284234326419,14.4575750474804,0.396492232681419,1.08097556364813
46,114312.864878035,1355054.69465541,4608,1641,1611.17567538178,-1.05082977773134,-0.120018220694469,283.906931744816,0.37883767540746,0,1275.18388616544,26.826830722944,16.9376757860691,0.533636682023581,1.1817062893106
47,389440.606432036,632345.604897621,3955,87,83.1863263736832,-3.86165289235111,-0.467833976831573,350.72210815382,0.848689307278834,1,1962.57483839725,20.4325680133906,195.966945716573,0.865945330801933,-1.56324169573119
48,490430.238559467,1101036.2805372,1850,172,171.551015506729,-2.37806022918923,-0.591102245091924,349.123155778969,0.639791872927747,1,1389.75386868598,23.8816505790114,62.3247417743091,0.856597513339786,0.216909604338837
49,836760.987911976,1411272.97424038,4215,310,313.758967768368,-2.59777979786977,-1.17771943554541,209.048182199488,0.286053772457253,0,1049.71333818113,28.1209102947689,48.258367245841,0.0226698606112173,1.39523100548791
50,39557.2751027563,754885.551987641,4195,46,44.3942248149479,-4.5485392296586,-0.718195149616436,323.493638158175,0.825306979714768,0,1897.75364869781,21.2076346346122,42.4320096325181,0.0826764713581791,-1.09781821397505
51,101697.071933932,1193083.69170978,3557,446,465.748921524064,-2.03302607803774,0.0807026529286341,375.607890378033,0.509297643652037,0,1212.29041638047,23.5068858458042,55.6326656023301,0.385324897739024,0.566518263489871
52,956892.48738378,1206521.62984616,1809,51,47.6616992483158,-3.6364013608077,-1.07783421413431,354.796070612087,0.471552849951077,1,1300.82319521867,25.9020889021594,110.897407751295,0.00723455447266877,0.617557390758822
53,554364.039441798,1137120.36972948,4106,520,543.495775372864,-2.02218266405083,-0.229848407415921,350.935935473145,0.626215386303224,1,1348.20570039373,25.4063446841128,33.9040136160135,0.645083481099404,0.353961911171719
54,45497.2705007613,731138.516028215,1587,23,22.9341205570495,-4.23697493822884,-0.369658922647037,325.380155810442,0.833317804017516,0,1836.08712588291,21.4238366186181,133.5751734707,0.0832069110313634,-1.18801270499686
55,185667.306241526,479706.222721825,4663,39,43.1241837079313,-4.68333035014768,0.292250423320328,276.861741763286,0.878342392273725,1,2333.47517947254,18.6236086449059,156.318318845364,0.200551266260834,-2.14298694936
56,-65648.2367298209,1012670.1859329,4508,147,149.632197566597,-3.40542860840108,-0.623469972981364,294.65594927437,0.709176250784246,0,1678.06862650749,24.1570502469254,49.2286193069685,0.0463548307178597,-0.118716910904527
57,316893.392512287,1096551.04431501,1174,188,216.139604924335,-1.69224748238397,-0.299956637032413,354.024661734745,0.528672528586502,0,1308.34461416563,24.4295052082203,60.9098013759995,0.936215547712379,0.19987406361432
58,462268.598272176,747238.055554363,655,111,114.911873759446,-1.74046971617679,0.583089903415281,327.995718103982,0.830546249533734,0,1986.15590807549,21.9575580268861,119.443958230776,0.999881393492893,-1.12686445155894
59,545270.978456406,1132204.83389154,732,132,112.94410656599,-1.86888744977919,-0.204750928458448,342.057892636764,0.629878475862409,0,1401.40295744805,23.8653037283391,56.5557822050184,0.677419624012614,0.335292033644268
60,306603.089929582,1437451.23335057,3422,3609,3551.15615338436,0.0370480520057564,-0.0736686710840483,274.621596923359,0.280684900221734,0,1020.32664029042,28.3215426831825,12.0086419412019,0.999957186614728,1.49465961461263
61,697804.84360605,1364319.97277336,2650,142,165.861745469589,-2.77116033626009,-1.00758021727711,281.850327269991,0.38311233514304,1,1043.28022818519,27.4099966500401,17.8293552493003,0.145388063002932,1.21689708303544
62,507301.222030641,880108.529439394,4178,1182,1236.06527233659,-1.21789949615943,0.714336762530618,225.871735153328,0.781021101020202,0,1758.89591474998,23.0111998320454,71.3364540435347,0.930049224337317,-0.622204215883062
63,638967.424075483,1300588.0513129,1230,128,123.666136123218,-2.29718396454509,-0.4694374594258,308.849656160704,0.472930891124239,1,1183.44825343004,26.2492386388183,42.288452043543,0.288090005129783,0.974834527195218
64,528540.076444009,1140615.60117652,3076,543,527.02696430419,-1.76413361773049,-0.131391039395829,322.063394063831,0.622548854563446,1,1518.5992667469,25.197894167507,45.597559424519,0.723528118692894,0.367237278333653
65,33924.8773899419,1349425.40703948,695,106,101.333664306097,-1.92549316665343,-0.448546248553214,238.515984283341,0.440368485809826,1,1221.35845226608,27.3720583340135,17.6792739776776,0.300386294076396,1.16032548489351
66,835544.709738809,885803.165915604,788,5,12.4325046637591,-4.14918370312478,-0.550601872039704,226.597048015183,0.664281143225005,1,1681.5455746371,22.5494253503135,152.227461037065,0.106446700203602,-0.600575207555305
67,805790.207811311,920803.982124413,3382,41,40.7123033861788,-4.41969218819105,-0.792162989430132,240.972323382051,0.645901273615708,1,1574.64288767587,21.7581070029408,94.7392301964481,0.13484456266812,-0.467637319698675
68,141834.63088997,965430.954395913,3642,580,586.216159517539,-1.8265996658306,0.740524704692191,240.375158753613,0.647272129520814,0,1644.0217706545,23.6673691345767,31.1057445829985,0.353507906208102,-0.298137974317221
69,882258.511813591,1028437.99732998,925,12,19.0049310960421,-3.88509526064779,-0.553357998368475,313.534382364832,0.566604661880632,1,1410.62566980279,23.3875246531693,49.2961115919325,0.0403912530391926,-0.058828606279151
70,101944.116672785,610834.53087608,1799,17,15.3407231255823,-4.764475299254,-0.267337269940093,395.575435257946,0.85882761375201,0,2120.22710635876,18.8346867075819,149.106536853976,0.115760146544762,-1.64494369744712
71,890204.659649197,1042140.76630376,4996,151,157.157619544365,-3.45914362337159,-0.657596191830137,316.905509446376,0.558857752064097,0,1463.92081325939,24.5097349818585,152.809214190419,0.0347899089318759,-0.00678361526254913
72,4558.67893369988,1435825.59030353,951,449,462.850126522777,-0.72011076167631,0.0844375426072611,265.247005854657,0.391676204500657,0,1076.86088005607,28.90085363567,11.0029188508316,0.277059853762537,1.48848519994202
73,394674.476787946,1175903.96986724,2854,548,577.955042112224,-1.59698071420233,-0.67425081227976,377.220047848822,0.522287622524009,0,1403.31611233869,25.3367877453427,40.1363037928192,0.990022766423487,0.501267329852006
74,117814.20785971,1423469.58861244,4676,1266,1300.57616444441,-1.27963567390918,-0.789663115066238,262.878971260877,0.328889638346862,0,1122.11178078086,28.2274609196279,14.6074970540166,0.594145928513001,1.44155541529453
75,496417.203496183,717957.559758279,3956,520,538.264060515687,-1.99463943419058,0.680192154642741,390.043086530229,0.851772045640491,0,1891.30995072827,20.5621928113891,118.7354542331,0.991659169128333,-1.23807577998352
76,257131.521625876,1062486.95970415,3311,810,763.476238909675,-1.46712353464373,0.2245472420117,299.29884659607,0.536166524684917,0,1636.64546812179,23.9731880353902,24.1057995221169,0.772428499405581,0.0704940105057842
77,720938.637648366,1163785.48015356,3993,314,277.629734953253,-2.66600976978199,-0.58229877585704,335.447304673187,0.5152151662042,0,1281.93898760343,26.0459868307627,69.6622170366581,0.182085459807922,0.455239648184869
78,742061.363215947,937847.299751332,2280,41,34.1878872408042,-4.20005931485993,-0.913334195185161,295.088593001254,0.664923803311408,1,1542.56677070323,22.7409826884914,105.460404488837,0.241186201727349,-0.402904467931002
79,43426.8076518322,1168724.48756454,1230,86,85.0819072641106,-2.67115504098303,-0.365246253271635,348.302568435132,0.570823576791351,1,1343.56704813788,25.7370460173161,26.0374618151742,0.228936929504235,0.473998673957488
80,987257.004371121,1241529.73691653,2307,53,50.4570914630989,-3.82257995706804,-1.29686492962416,316.366156882409,0.468039653692634,1,1275.07814825118,25.4063041995557,113.76794037107,0.00376130878267175,0.750522970304992
81,423878.570490894,828926.273629325,2645,939,974.705683108792,-0.998290782342666,1.10350681901925,246.269152820417,0.774603894654807,0,1886.72208146516,22.1239765469348,63.0542996320529,0.992843988301922,-0.816601424866316
82,334485.521074905,766110.761100496,1066,114,125.530095882445,-2.139123067075,0.311323346323897,325.31040723374,0.761167606220452,0,1909.71175829623,23.2171611270644,55.1048434034646,0.801144856520847,-1.05518333422512
83,674167.914393751,1029063.59855462,1131,28,29.9645148385379,-3.63084363327521,-1.06398661163135,278.605179603202,0.649334888829854,1,1457.64415265582,24.6834731037359,149.873222121619,0.355569810240106,-0.0564524872495931
84,791381.742606844,1045980.47069941,4975,133,131.393977019552,-3.63398038158244,-0.857971044770072,293.472343665853,0.560349091924288,1,1569.33042397058,25.6164351959343,64.9899400694029,0.115978309254387,0.00780010728000996
85,51771.0416733142,926408.162252514,3448,306,314.322571451763,-2.39512987556734,0.489091321819067,234.703645165985,0.730841986942107,0,1585.3337806047,24.19695370093,26.3615385053007,0.145565535884515,-0.446351876954901
86,631739.703791368,764896.793618239,586,22,21.9511503768909,-3.28450024245916,-0.500702784430742,329.474492887266,0.823100193850338,0,1963.21520617749,21.8705018412123,169.62658755603,0.6679299453666,-1.05979414878599
87,42536.0496219085,777886.437324038,4041,47,61.0355755622483,-4.19279056496516,-0.344177785297181,300.810155976826,0.813833984735785,0,1884.25318260034,20.5578173340735,35.4271384452923,0.090967744093761,-1.0104577050883
88,297859.406353521,553661.742471595,2791,41,34.5396030312788,-4.39204865389835,-0.233679783975711,342.779064889878,0.849353191829465,1,2175.95451975056,19.7544459929973,197.415172234579,0.538211913341416,-1.86209376869185
89,162872.760763212,1455390.37851003,2512,1450,1500.50844073629,-0.515275237441058,-0.231146730622827,242.868586537266,0.281388866418492,0,883.708115368029,27.9372534266341,9.12558179795521,0.757737734068245,1.56279494189258
90,858213.985945322,1352536.1722416,3782,279,263.852593643226,-2.66261765942366,-0.76685650041205,292.194174435232,0.324003907405192,0,1037.84529767941,26.2103387160941,88.278846786605,0.0201380665654184,1.17214059666464
91,134863.052849288,1081396.90046513,535,50,50.5267199175128,-2.35976444326511,0.0120388268177701,342.274082592597,0.568267538324769,0,1537.024926679,22.8996314989303,17.0877430078906,0.40744306770088,0.142316552279136
92,462385.450344132,1167038.22496518,4442,466,483.451861014383,-2.21790825808682,-0.623553258555315,370.016707760334,0.577915850578926,1,1370.41635239979,23.862078891634,58.6545365217628,0.887888268558985,0.467594017934816
93,484400.592855072,954148.349233796,4153,874,882.015413499749,-1.54937671215336,0.54907015387862,261.71796139801,0.732941904453137,1,1579.16887710751,22.9452584751966,68.1496017051823,0.940974329885066,-0.340990852113674
94,379746.231481277,649202.640627617,3882,174,164.852987213885,-3.15905167357536,-0.2169122644492,323.325591006666,0.837928911453894,0,2043.9437389181,20.9676809834547,269.510153464981,0.85130631870602,-1.49921636809024
95,475167.689544608,1045216.39861873,1787,185,214.3001462964,-2.12091593000911,-0.118484663915603,298.770300158273,0.671272221332146,1,1617.06325880846,22.2426998742024,51.8622250350933,0.919690610862341,0.00489805699723875
96,700315.053104726,851364.877630851,2952,68,59.4628836298717,-3.90488587235575,-1.06159144386327,247.476681376677,0.745423919772996,0,1723.32112768165,23.1084358397567,99.3770540739724,0.394929025411927,-0.731376537406022
97,658163.920901679,811293.466834635,4716,87,90.4406327910981,-3.95402261746637,-0.822016405508962,247.437808780899,0.790108172532546,0,1673.20422290667,20.3341128039235,124.333584979934,0.550202909989223,-0.883573237131659
98,38558.451018477,1003578.38343088,3628,204,192.739208431654,-2.93509878774336,-0.133915585939923,275.820315787864,0.689893216481498,0,1603.19618809375,23.3497088692766,34.0146700020581,0.152180149073685,-0.153248820509616
99,11190.7732622364,866574.856707193,3310,185,172.547839387499,-2.95402894056589,0.284768827393302,261.029318869459,0.781991069957703,0,1740.01254260709,23.2401882186617,41.9758089116203,0.0798114942818435,-0.673606956242838
100,649612.700102807,1441772.59978278,1311,291,280.563501570644,-1.54174539736151,-0.19781079156736,251.457445244996,0.362181715750612,1,913.340647925283,28.3806212737526,22.1014160699396,0.196938332102455,1.51107275545841
101,88667.7928999104,1296066.67973798,1895,526,545.185068823837,-1.24584880467255,0.0927283701379952,294.082522663838,0.44158625660392,0,1109.94839788264,26.5983705097895,16.0184104682961,0.414900852672514,0.957661739457941
102,-184619.22676778,900994.012892916,2842,58,51.6927140477915,-4.00694646458275,-0.628121874138693,247.672501404171,0.727905624201524,0,1698.17363777099,22.6310837769443,32.0999025955347,0.00527401962244614,-0.542878292721391
103,856221.13884577,1164701.3406411,1416,37,33.8278392822703,-3.73430716337163,-1.01218200804199,367.415489694685,0.45874368006224,1,1335.61544147498,25.4632686657806,31.8408501755236,0.0378093185928129,0.458718211600618
104,215647.838267065,631199.064811825,4959,111,111.547450436419,-3.79450932166364,0.514570148178793,395.233348261455,0.813278548156685,1,2055.52691343803,19.7681584005473,64.0689858307774,0.347806412305602,-1.56759641181665
105,887755.147496827,1272654.03011426,3088,107,106.488597187928,-3.3672410003854,-0.977220288137102,301.681103054056,0.385274023122176,1,1178.29211430718,26.1285011327373,34.6473478047196,0.0169987690050258,0.86873729348111
106,449277.939024987,1422825.24636187,1854,1059,1070.51115836261,-0.549209214644912,0.062121751804579,254.87859409958,0.378288681325552,1,1042.82804280315,27.6038014557184,30.1233802172471,0.769013287019561,1.43910811528483
107,923696.345269964,1374350.25778045,1028,70,65.9628951962715,-2.74627805607487,-0.921857628612229,250.088517623552,0.329466192648781,1,985.867770890039,28.3956719623395,49.0666204416977,0.00666490976088293,1.25499347757342
108,-139255.257201112,806598.406759234,2799,64,65.7469887611362,-3.75120361781607,-0.145972545862888,286.655352546201,0.802340940361275,0,1750.87275069995,22.7011677528371,38.3971254874733,0.00786840544523259,-0.901405717553266
109,458688.317254366,1267433.68872975,3821,850,896.065133837174,-1.45025434309935,-0.821151760158098,304.771508702051,0.499990721985118,0,1348.93568879596,26.9108188706614,59.862271786798,0.841070041970042,0.848909722792271
110,208910.876144191,1479813.3570622,3528,2600,2623.88909054165,-0.296073535280059,-0.398377236156247,229.4395233284,0.249881217666783,0,1008.11923438876,28.4978067743753,7.9912189839333,0.894106779626895,1.65555675534638
111,485078.583816733,618723.173689182,3698,114,127.291739073479,-3.36906580186346,-0.48813246768099,325.222967494971,0.883921159163772,0,2027.17005177053,20.3728690040036,269.510153464981,0.99879680393475,-1.61498155292533
112,480974.668965084,1411421.57111405,2969,2662,2708.23414637799,-0.0919283797803835,0.317928049992227,241.37133832597,0.404534214339317,0,915.775878519893,28.1907405741732,21.3399589849834,0.680100144841309,1.39579539674122
113,793325.672760894,908959.156345365,3093,45,50.3251674717168,-4.11839147336114,-0.957250413736903,244.222557210657,0.658276483568748,0,1447.74479307176,23.1040279340835,84.4025290572905,0.157708306999766,-0.512625588306539
114,507029.752543021,1319050.51944203,2223,436,442.20643878422,-1.61483608485034,-0.733758522138141,286.428667288602,0.484391854171127,0,1208.89964731078,26.2939752139899,21.9879552431017,0.664112518736021,1.04495750670131
115,845502.030900083,1362063.19375165,4315,269,291.328188472444,-2.69540217639161,-0.793362160052227,246.451305307998,0.317205294619604,1,1091.56315495783,27.7928286515573,44.0956029035175,0.0234843027936276,1.20832552759754
116,656325.22919921,913462.905095771,585,29,29.7825616738038,-2.97768880373581,-0.465415272812897,252.205006779234,0.735056873983027,0,1703.51470896498,23.20756353927,148.272996791194,0.483408034647023,-0.495519734467473
117,389774.696146218,573330.539270453,1232,18,16.1824077545418,-4.33246943299402,-0.875733412991284,355.595380435109,0.870425309784233,0,2139.4645221778,19.1439433078786,171.657047827863,0.832552676773649,-1.78738898787981
118,231496.430720716,532323.964390462,4253,56,46.7746077416012,-4.5100394091981,0.159803717596644,305.132899953718,0.853099794313471,1,2173.82930375324,18.8449601910112,112.960883384193,0.330422955192068,-1.9431375687203
119,508164.975427015,1396198.62689877,1290,223,273.799441373564,-1.55000162477531,-0.501354743022861,275.85459335367,0.426677942676812,1,1118.63976812513,26.5981787192394,16.668268973072,0.604658603652584,1.33797657220681
120,515956.325883515,1013633.66242042,2676,243,278.892164279585,-2.26125322209868,-0.419012935888392,252.786237562772,0.705971057023513,0,1575.63816853957,22.4963090584158,94.595725452654,0.842115020680535,-0.115057495407256
121,229592.645290741,1331800.51761636,1255,379,379.643775803029,-1.19565747060701,-0.577791946606266,296.894938001625,0.338723669749451,0,1177.13266779715,26.4731951406871,18.2479902627578,0.863698363033328,1.09338374388843
122,-13759.1563490832,761864.037090836,2590,55,56.8132144270086,-3.81964420766208,0.225150037658262,329.248678133175,0.836785517875427,1,1875.13694940583,22.0171813365663,65.2003744879346,0.0433532938964576,-1.07131297293944
123,713954.105305651,857603.529255077,1436,24,28.183937953873,-3.93086451003798,-0.822341333872461,235.526552090596,0.733549750743165,1,1808.85951937482,23.4229561916996,142.111083601785,0.353347561807775,-0.707681285128186
124,116473.901150773,1364242.16459176,3960,1615,1587.53594696504,-0.914060929980541,-0.0824728316611208,273.814437805863,0.370725733145159,0,1101.56465330502,27.5314756464292,8.05546881749785,0.547053509358911,1.21660155691804
125,673411.696358855,1429536.28256922,2403,498,486.070207744114,-1.59812016189053,-0.484472897635448,254.101534056423,0.35470747746968,0,1003.79174609352,28.3569541756456,46.2715900808274,0.160320858288856,1.46459754882868
126,288697.559170948,878626.576512965,4109,510,509.308734930165,-2.08788058428549,0.691676757749486,268.264995434499,0.674580430225348,1,1748.56882223287,21.8286448702165,73.8846023465599,0.742066728689746,-0.627832875819652
127,911385.54835897,1282179.50344075,4875,131,118.342276915201,-3.71829430591555,-1.21905133852202,325.208828850361,0.387731001319629,1,1247.95345335428,25.0669019022285,126.144868602595,0.0114276602032949,0.904916344201067
128,734624.400326488,1438592.205973,4385,744,731.786122334933,-1.79045661614118,-0.0891953134587779,222.354138413777,0.306834290082688,1,883.905917267801,27.3792658322273,67.1794479417681,0.0801541868140425,1.49899318471061
129,-62616.8445177868,891439.20363168,3914,298,299.195126725978,-2.5712191896689,0.792977689145791,231.042682297025,0.779210289396072,0,1549.82849982651,22.6785101242872,40.1943020056851,0.0333793265213339,-0.579168765334484
130,208495.560068263,1156102.94302527,1609,380,367.447675745833,-1.47678721739924,0.070192269227881,348.516076798825,0.471251450537859,0,1398.14225496462,24.7381626166536,26.7922984005153,0.68922542271453,0.426060321247987
131,526571.078026259,1147294.28587404,4254,745,773.161536528706,-1.7051269954876,-0.40204390860801,376.777601533551,0.617466331086394,0,1336.66586685282,25.8088810004245,18.6991022336085,0.724911558284185,0.392603836417674
132,-63934.7054626593,1047725.02524743,2157,77,85.313425816582,-3.23014180900626,-0.481086032344966,290.784551213834,0.686897946943273,0,1352.36283815218,24.3640381886182,24.8261341746097,0.0525300403268744,0.0144261640976885
133,33810.8979882674,1225284.87532023,2520,312,315.572411924189,-2.07762601004352,-0.150275679755255,326.515623332801,0.534399226471625,0,1303.36325354898,25.2259146895766,17.2679221626236,0.235702511106025,0.68882276376548
134,116221.668743423,1318881.03113604,2578,1068,1060.8504306367,-0.887943025004561,0.0889084374483376,301.767763741784,0.403598531133569,0,1082.6166997682,27.7695503952886,29.2849214292448,0.513837770492331,1.04431376693021
135,240338.458033101,641205.40018503,867,18,16.0091646857934,-3.99187762566189,-0.127786084222843,376.984535246132,0.80607397908226,0,2096.57804667907,19.6375598133242,95.7557078611512,0.423258171202763,-1.52959098126431
136,413615.628789642,671883.734981984,2312,105,119.514818303509,-2.96242786356855,0.0440603731964281,400.085736620558,0.842921443391757,0,2024.33069948653,19.4919828315213,234.548901865079,0.936622753478176,-1.41307046909867
137,401085.977631258,570219.738133224,3923,54,57.7536551266713,-4.21842530657379,-0.59109401162484,351.587888686276,0.875423115704388,1,2192.86592597804,19.6911386022045,145.076270416695,0.859846055475834,-1.79920423613739
138,442420.916759526,558285.262191617,3665,64,58.1456808237865,-4.14363201457582,-0.578013996849244,327.979246150924,0.89198597350842,1,1997.63276040587,19.7405854961694,182.411950547174,0.941864466429386,-1.84453300832625
139,670618.910838273,1388987.21216394,2383,224,219.016439289876,-2.38696868484892,-0.515367276061652,253.544529595171,0.385397296113757,1,946.200174521225,25.922910931082,38.5451366027853,0.180582601814565,1.31058663256691
140,308715.583286461,755704.596356544,2454,70,73.9700422998044,-3.50181444782043,-0.332379350630734,299.269042400165,0.756634781314019,1,1961.98128731215,21.2098084824356,139.402994170755,0.71793290040642,-1.09470737142174
141,811011.690121539,1208681.224972,3233,80,83.1215330665374,-3.66086198708942,-0.861264183136174,399.516481007182,0.43044169415115,1,1263.8399381539,24.1379654507391,65.9400963567159,0.0597465951899111,0.625759828466023
142,230577.099891983,509642.065585344,513,10,6.14723185952947,-4.42427396882117,0.206192083613107,278.915279880048,0.861590329155869,1,2367.55586935694,19.0512643577318,262.607245091325,0.314899574627749,-2.02928652312586
143,609830.018631324,1068017.74943841,4248,283,289.415440977265,-2.68634039500859,-0.676758238072724,319.534064383328,0.660265063473226,0,1453.6402836593,24.0649157113986,138.870563793959,0.518697148165011,0.0915007064943965
144,-28545.8780367838,1166307.81689315,3675,207,188.275598603936,-2.97140157225182,-0.582730061901963,375.021696670143,0.603460943284476,0,1171.3790226744,24.7144329450382,17.5427793155775,0.110445593988748,0.46481982816193
145,295955.698488711,1055075.19881482,3894,488,491.23212596033,-2.0702754082242,-0.0874659240516696,276.908746691443,0.550589325503966,1,1541.50831178543,23.2531132336919,28.012643949943,0.872176107792845,0.0423431287650064
146,872933.933224784,1051017.57921891,2685,87,82.0876405792875,-3.48764854287321,-0.311792546380651,324.297613129432,0.547350553785201,1,1427.13475004742,23.9402634175381,114.825465536482,0.0427058716404456,0.0269317344823991
147,646568.777591195,1296786.77492983,588,49,47.5287812614985,-2.51539149905952,-0.586014576111853,313.567558374388,0.470781046415107,1,1301.07831437894,25.5676439331551,63.5933997142051,0.272231445811061,0.96039675950117
148,21517.1994437881,717923.823383756,1751,21,24.2057082498312,-4.28135384884588,-0.207222053465244,337.822243789374,0.846560430686415,1,2080.9795907501,22.1300329267254,54.6157205801093,0.0599962200427458,-1.23820391534889
149,336094.348262343,601193.728159252,570,11,10.3639140181032,-4.00730639437086,-0.605096700723885,359.794163698524,0.84080226924996,0,2200.40764799769,20.3472693197578,162.984278691096,0.693950250486285,-1.68156078496793
150,698822.9197931,815172.598734519,946,31,25.8639501186765,-3.59939245723111,-0.466274628085968,266.554481081265,0.766566358035925,1,1826.6668873137,23.2563391511072,210.116180185639,0.422909405333255,-0.868839763534603
151,996728.607267285,1240648.24972231,4801,150,152.566361617289,-3.44897984899116,-1.01699470623839,297.623726838696,0.476134729377697,1,1183.18454084267,26.1982861229938,78.658400144224,0.00319116569385682,0.747174961359339
152,320867.062578154,920508.312769125,4080,1293,1302.88730526775,-1.14151418268007,1.12361765330724,253.689793753367,0.658852592388242,1,1665.98582100353,23.464386631415,50.8691360261162,0.858287060311821,-0.468760312355801
153,106062.204488619,659765.571658211,1091,13,11.2912475945277,-4.5708221093898,-0.453049593122387,350.403748020789,0.838072424340122,1,1965.79507612001,22.514756877334,85.5513840895793,0.136314502425633,-1.4590969110923
154,148699.658922672,1483125.22652566,1060,455,430.210741469237,-0.901749002036453,-0.172029414092681,278.806122714302,0.271894027542834,1,859.426046952578,26.8160664770026,15.6965766034188,0.734063149534617,1.66813568861192
155,919904.447784911,1303034.9377096,1223,23,29.9767884329978,-3.70863877240004,-1.46103468768348,285.840928685545,0.376975743839977,0,1051.09846977754,24.7838573460698,35.8853894668163,0.00925121223123796,0.984128136448816
156,573972.451433418,1192065.72198619,4561,618,643.512062573177,-1.95835640459375,-0.0113392432482109,372.524564618575,0.583757983422902,1,1318.2946738985,24.5714117102429,34.2608588794211,0.542832840641145,0.562651875227684
157,368781.594229949,1096073.20279995,1093,172,192.371824442498,-1.73725140327526,-0.342571235367884,346.226877459704,0.562569606566891,1,1506.85552354536,25.3056419529794,33.4709217405858,0.995929185515384,0.198059156174345
158,548212.511273348,727175.653841023,1407,76,79.0284646991425,-2.87940695689701,0.248317726202869,334.795066235725,0.853514836844386,1,1942.31781335048,19.8664250147866,92.5834101082749,0.918141126258851,-1.2030641976789
159,753258.93968991,968144.907041514,1735,39,46.927166018388,-3.61016595181784,-0.650577370569942,229.93035352676,0.637120213100812,1,1545.27937856391,24.6245075149119,91.2063596725018,0.204465570326079,-0.287830010917263
160,996047.831317701,1236964.59761989,737,23,31.9413731326137,-3.13868575932425,-0.840716191424772,348.364934636678,0.478392012238227,1,1273.5605671332,26.8989245372128,255.383758654019,0.00327874260926065,0.733183946773462
161,224741.750936347,1077962.83255358,1658,676,702.024950514826,-0.85939839025712,0.624604847209195,297.083184822074,0.526388440530943,0,1512.88922133287,26.2059451597324,22.6665209975409,0.68449310928749,0.129273492591793
162,399339.122775675,1103020.99486048,1601,197,193.984501871103,-2.1106054443869,-0.680060487940217,323.622803172872,0.58063009738697,0,1442.15557260015,22.9221592515763,25.9174880359189,0.99688809490606,0.2244478208353
163,325019.058633662,728845.913917465,1625,70,67.1701555682169,-3.18603405945057,-0.140916409235082,320.252206625191,0.777264826551536,0,1983.32422861758,20.285340798685,70.9684087207386,0.748951927791828,-1.19672032142731
164,-131268.21351633,1031945.04250555,1725,44,45.6059199106107,-3.63294479877023,-0.807838622491283,316.433463166778,0.676067301414765,0,1393.82926638615,24.5398233674082,19.0983375524131,0.0197823583470446,-0.0455083689602205
165,167026.195299932,1234280.50779205,1241,289,259.499215350404,-1.5649191063011,-0.231530028532246,313.650278987419,0.431489173501554,0,1242.22688001743,25.7251787478664,12.7742658336152,0.614027840358401,0.722989406440438
166,349131.191279414,711406.59338917,2067,90,85.9794134956811,-3.17974567004093,-0.358610042757746,326.949726645184,0.796355936547812,0,1891.01164586957,21.5544288536139,170.658088380365,0.807340147228598,-1.26295724638515
167,181183.433378356,969936.592093829,4667,589,587.560414896859,-2.07229267135155,0.501550198428592,226.460593535866,0.621552715241845,0,1642.53761058286,22.4241451955648,43.2284137388793,0.469643678869478,-0.281024945997117
168,263386.77373244,1222135.48731246,3348,656,652.780096045117,-1.63487811855127,-0.734736466912196,358.922605797458,0.41637109209376,0,1375.39840197656,26.0636236461919,14.7160864054962,0.884869337675206,0.676860957295131
169,923703.353727021,1356657.94492612,4237,173,173.718909654783,-3.19417221943149,-1.15609337909396,276.691861614133,0.341452943030178,1,1125.23564216617,27.0764380083628,43.146298294686,0.00712459224659914,1.18779565315351
170,269117.601944193,560313.974221301,1571,21,24.7690130099528,-4.14987424173504,-0.131484876529655,364.436227436515,0.842462028368894,0,2195.72801767564,19.5039498309361,143.972622569905,0.454096068506648,-1.83682768252223
171,926207.201655971,1416760.08671026,3858,231,246.6851069192,-2.74979154094925,-1.36322265786061,227.246409318919,0.302872624356663,0,962.840854434872,28.5573223572011,50.836252980969,0.00543168211761621,1.41607180925162
172,60989.6972136645,1073412.1984011,2920,181,182.206242765924,-2.7741996477637,-0.272388144022091,353.863098033857,0.62855102188885,0,1518.53847369681,23.8584094730524,43.5824776084155,0.220562442691067,0.111989561582002
173,182538.194186873,1325393.20617624,1782,551,547.834497903526,-1.17951837782224,-0.0994255018152155,297.1819423046,0.357402940352277,1,1103.5802551645,26.9539539017113,16.6168474567145,0.72796108233908,1.06904789855822
174,407600.219511839,1091155.05262099,1507,225,213.01535779575,-1.95651193318885,-0.552062241411419,336.430236063854,0.595654134037124,0,1395.2412778798,23.4318311782917,25.8038514224476,0.99415645976297,0.179379349022062
175,398916.871209128,704853.565336208,1929,88,104.318326503935,-2.91730995680454,0.166047712258487,362.951542525572,0.822571214233407,1,1955.74940007169,20.6545610219001,160.452441779963,0.92317802750368,-1.28784654334409
176,788331.097678876,1311529.65213167,1190,55,60.2918106210335,-2.98251230219199,-0.913215856155915,277.223256109755,0.363799462085953,0,1108.21481191756,25.2094432572109,41.4887004348629,0.0592336678949398,1.01639222384833
177,705801.972601564,1192248.37840251,1944,103,100.97821747692,-2.95759815998428,-0.54708230185032,354.550965165288,0.505331306796993,1,1472.12851582533,24.8789209939796,39.534146346542,0.19789092682701,0.563345629283158
178,-51876.0799492634,1155221.23501601,4180,263,261.25055430531,-2.77258660049922,-0.453837426649323,344.987107992336,0.613444745400204,0,1386.55649612491,25.1218429399873,30.1782394486186,0.0822227801848768,0.422711473616608
179,-107280.224067893,1082746.02038213,2687,134,137.8239709911,-2.97020331022167,-0.36811994990459,369.954126889051,0.65271379563771,0,1390.54020287234,25.1158837026681,13.9956806418462,0.0328357459055508,0.147440694275179
180,652969.537652156,993284.141676913,996,31,37.3492989339564,-3.28343311635713,-0.581419826273466,249.898563309989,0.687282123500442,1,1539.88952375276,23.2789155054769,152.846354233135,0.438759027689787,-0.192347758879922
181,-96924.6901025118,1029625.61372186,1899,53,47.0985924792167,-3.69683959390487,-0.882498862803326,291.520812746574,0.691917193076209,0,1638.64236533482,23.9112008839441,23.312640476101,0.0320683080566257,-0.0543178767641819
182,871010.534538827,1277050.26300582,1712,52,52.0590102429016,-3.49303966916959,-1.23918862142284,331.125151053481,0.377908516371327,1,1109.347801727,27.076364236515,94.7121644505838,0.0214659382338273,0.885434787380806
183,108286.149174693,564280.532024508,4634,77,66.5743214753061,-4.24285676522851,0.472038509555504,287.085045946024,0.872929038640713,0,2041.3387650447,18.1760642556485,161.351699627334,0.110490979549586,-1.82176215338503
184,348974.132553884,656081.610266033,4322,87,86.9411189371629,-3.90624244136629,-0.411852730589034,372.531158712994,0.822203249512961,1,2047.22950695167,20.3048218436119,130.234765851506,0.770958464561322,-1.47308910040296
185,176894.155567915,1223362.36912885,1187,269,270.295887996747,-1.47966715418162,-0.182111622778381,312.300386320817,0.43415564617254,0,1346.19501413947,25.6800366985307,52.1581085625531,0.63760140603197,0.681520822263626
186,183380.835449463,1169045.71619869,2647,549,559.458998774351,-1.55421195906502,-0.0692446015422033,368.002951106884,0.471712444594864,0,1175.36510912162,26.078968330319,34.4236073352063,0.618920219437779,0.475218744252104
187,-39104.3255354406,1236314.85048133,3087,250,248.451651469843,-2.51970675938458,-0.236993646332044,309.450815114164,0.553080248080169,1,1259.52721503519,25.7927985599981,12.0885901242671,0.117128183203014,0.730716118259834
188,589215.346110352,917323.697203787,2445,313,320.561419925232,-2.0317265060762,0.562919441553915,226.815379295067,0.760629986576186,1,1845.61515624182,22.0945772768121,96.6984651898894,0.692740056227083,-0.480855917908702
189,134922.434347052,722540.856445143,3937,43,44.4911413564408,-4.48288419223051,-0.477579262801815,340.173773187535,0.796571126804396,0,1955.09459353097,19.4362127847761,76.6414666403125,0.209066918501879,-1.22066779220012
190,662789.477419452,1133260.71936656,3754,232,239.811410377803,-2.75072439279181,-0.327778801994823,338.606539445798,0.582673439234388,1,1451.7553052363,24.3364297955297,114.244281819919,0.323263989946092,0.339302431117035
191,978980.636801799,1366314.78709228,2764,218,226.054735858888,-2.50365702087365,-0.956420601664297,236.710171129315,0.36981605007116,0,1074.4786867016,28.0079947240372,102.755734217033,0.00262682924464507,1.22447366069699
192,455289.743515473,1100011.07472211,1513,317,343.328073772305,-1.48316324045992,-0.421771037233179,374.83913014223,0.622453469448285,0,1373.42369361198,26.0981685269023,95.4480152659372,0.933817167576896,0.213015732411293
193,542933.034440848,1351264.04812495,4971,1056,1049.50516516842,-1.55530224529448,-0.770516791665682,274.200687575097,0.46650810716024,0,1003.38185212861,28.0544591757138,66.5583698411906,0.526652601558223,1.16730889525086
194,588187.429264745,878335.648361404,540,62,70.9809062391867,-2.02915822489278,0.446121114174961,284.688023959734,0.781762165365872,0,1666.94777729125,21.7582576276404,132.2715306408,0.723371338024672,-0.628937860736455
195,845724.397040544,1191582.75686829,2446,69,72.4389461971508,-3.51946523058854,-0.839809637355653,345.456254607542,0.438157060379866,1,1194.53606168421,25.4262382718243,80.7082145818836,0.040103085575977,0.56081750764326
196,399841.343719107,1385277.89942086,4005,2654,2785.21836281085,-0.363217303460379,-0.224502014123116,242.027310789839,0.370354191007623,0,1044.6806295158,28.0368461539421,33.6493540096653,0.915797733613477,1.29649815535761
197,234210.781305688,651641.31671966,839,13,14.6340041678023,-4.04886283320273,-0.197521676903249,398.910408267205,0.801421471781287,0,1948.61008598257,19.9256523980311,152.207678757335,0.412336673613556,-1.48995394269683
198,318235.41515885,609823.894888344,4582,118,107.160788752079,-3.75556045785573,-0.0973015588400262,354.638885373702,0.831536443400899,0,2103.47235662011,19.1430702894025,197.629836354563,0.643749968729904,-1.64878223117731
199,538183.586122733,764616.082685123,1445,87,98.6407463989246,-2.68438017482,0.137689908133725,310.752114116985,0.838526071958248,1,1821.65294445011,21.2992450267215,137.133082535991,0.921157859443983,-1.06086032730949
200,819887.774978873,1151183.92569499,3790,98,103.362137046193,-3.60188258249941,-1.00952280575169,381.498628563512,0.471458616645274,0,1307.87973646918,24.2627044168794,140.428873565157,0.0629439650313559,0.407377220536382
201,-73438.4522209651,1052003.14910615,4277,115,121.419869017335,-3.56175257728212,-0.334762350467433,292.994637691349,0.682893564521544,1,1554.13561706854,22.7570343031993,30.8636783929381,0.0470534305670167,0.030675063734016
202,399538.629266812,966129.339578475,2337,833,828.354806465955,-1.0371817617133,0.688811479052795,225.437223527911,0.677418979523875,0,1658.61672442051,22.5554886747098,102.627322901441,0.996491569175407,-0.295485411859069
203,329332.426405682,583372.563905398,4597,78,89.0616358660726,-3.94383052794671,-0.538265478465673,349.746612227926,0.845775057477709,0,2293.73239718982,20.7986893797131,158.241641891325,0.659906895315072,-1.74924800462931
204,377552.239824706,907121.877324385,4020,1163,1154.14551154198,-1.24792164930347,0.872414079408007,231.060393356244,0.70107760051688,1,1686.43467530485,23.3422399176159,75.8750538962491,0.964134019114034,-0.519603825356648
205,284678.413538866,1058201.9992532,2043,355,354.934171379443,-1.75024225527095,-0.129082261540221,307.293882124072,0.544471075316978,0,1336.9851330286,24.3758985507979,30.3150439521872,0.845841711895666,0.0542191445569498
206,56744.4479039393,684377.709394177,2955,44,44.4785461489988,-4.19624696593118,-0.050586435930279,365.137908856446,0.848169362879556,0,1900.21963020747,20.4519491069478,113.350744128409,0.083816628608333,-1.3656166451826
207,206507.671007536,1412099.01678559,784,368,362.389540824612,-0.771689307457306,-0.445974703880766,211.385605832428,0.291033406708632,0,1061.81173712399,27.1199251484008,8.97222563793463,0.85158503884094,1.39836842807213
208,201946.904701411,1284318.15434682,4405,577,598.53385775779,-1.99601244394846,-0.759151853009567,284.818742272428,0.378551130121111,1,1170.07409161558,26.1919851210718,12.0864604967867,0.758339522030185,0.913039232896586
209,546971.250679351,822016.509338631,4629,648,699.172449037894,-1.89019872101621,0.690433941858487,294.990367495336,0.813706184509532,1,1871.13455899687,22.0940879736924,210.175869498397,0.873420718026314,-0.84284565485547
210,286023.772100619,1073818.70129304,3485,853,817.485515366422,-1.4499901387864,-0.146501852935992,321.258844676553,0.533080548374717,0,1538.95236034303,25.7513856248974,14.1345743870683,0.858268223753364,0.113533515172681
211,603225.764371397,785247.511372571,2846,133,160.554795808146,-2.87503448744146,0.0434103098128183,317.108703944687,0.822852056229556,1,2017.47774075613,21.6491883733761,194.988388814855,0.741978288991947,-0.982499338902485
212,547322.381735855,1375483.03670272,4070,738,748.685744003309,-1.69307895038127,-0.801425344144521,253.276839398131,0.448325974969804,0,1082.0287283989,27.0778757399065,17.9649670755945,0.49580075297298,1.25929592687738
213,411517.855032072,1327326.51892183,2638,1141,1072.59535027237,-0.899939781744015,-0.469488100075456,296.622747998322,0.421170241462322,0,1117.08589078368,27.0256020262356,40.1590452321434,0.918791910317447,1.07639088483122
214,-40002.7769258797,1026287.32699786,1307,54,50.0584037056415,-3.26229931575104,-0.272313522874512,296.511565958044,0.700909274610261,1,1482.79754043249,24.7413695719239,31.0548394268843,0.0666909445630145,-0.0669971463989522
215,106027.650281359,916338.31640956,1198,155,159.008015278196,-2.01945416717104,0.749211319000496,224.00994388186,0.70359271542854,0,1678.30770371446,24.0950188888188,48.5537452734558,0.239984577803365,-0.484598528959187
216,555564.303934412,1284854.1517528,1391,232,233.719243903088,-1.78365760929683,-0.36346249921129,340.329658366063,0.51669920754724,1,1213.49123843185,26.6652277556349,46.904681386963,0.534388554477074,0.915075024365615
217,233641.942923833,760114.933406041,2719,118,122.305356743136,-3.1014986028729,0.198405818993391,331.757919654014,0.743811132842572,0,2000.66260665608,20.6983555201925,97.4002720319718,0.484261969132685,-1.07795630800087
218,676365.964885097,968046.526134816,3855,151,163.670112840825,-3.15927339103878,-0.675672972293953,256.230386642736,0.688854727540099,0,1646.88582572249,23.6338135544643,85.9368778061939,0.387690280362502,-0.288203675058802
219,62115.0880233884,1367177.89211599,3515,1019,1024.54263026785,-1.23279322662834,-0.080022440932928,260.263413998049,0.408569005279853,0,963.023416809996,27.0380660300899,8.26042621978312,0.385258592762848,1.22775185164447
220,384928.731318552,978873.516265394,2574,848,856.40366529829,-1.10047455155913,0.65521342055904,304.350735616869,0.65865424811448,0,1490.79323605949,22.8333473151509,67.1562551118784,0.989464405087495,-0.247081285477458
221,-35521.1865632694,1105664.44059483,4410,143,131.011338637401,-3.51634609450139,-0.813514289927694,307.29628522361,0.647598532048319,0,1293.00134673691,23.4788437840838,18.326547039634,0.0872742991419062,0.234487989341404
222,251767.97887217,1376530.80307392,3956,2098,2076.17073220972,-0.644708210889617,-0.167944192274682,235.930763570652,0.307802796873314,1,1142.87707808909,27.8342441506724,22.6100227548518,0.933491112706228,1.26327548688317
223,19012.6126530047,1094715.11447144,3155,139,147.569532397091,-3.06244430419041,-0.64649901617795,368.132441264846,0.638383626404282,0,1319.81767505234,25.09390513726,16.2836115157778,0.153996419155801,0.192900950924586
224,267150.019933775,544434.658664111,2856,29,31.4559928352686,-4.50858780726469,-0.369382012243736,315.617042429113,0.848595053270556,0,2117.88438005047,19.2564351394985,86.5722370090338,0.437454665698287,-1.89713949520077
225,349200.075889312,922068.852801588,3285,1224,1236.11827665985,-0.977390604388877,1.06254471064134,205.769529828568,0.673435041356118,0,1565.48412002523,22.2681698802105,83.295753168948,0.922476035166791,-0.462833167840263
226,106995.405992007,1334930.21145045,634,175,191.27527545122,-1.19833533124077,0.192939559810277,272.916317606625,0.398799663133007,1,1209.46189722884,26.5470742297443,26.4602286378433,0.49648846264813,1.10527074919312
227,534669.260020348,809790.264363948,4577,468,457.406115414198,-2.30322738920638,0.418663703915658,292.186831316101,0.818879355001805,1,1934.0118143931,20.9875021596191,142.475701725485,0.907405077618175,-0.889282605744145
228,630307.961550957,1020605.01254608,4967,221,243.525102670482,-3.01535128684902,-0.754035362381183,306.808294316009,0.682220735491061,0,1592.47744765035,23.3243856900426,76.1804729690945,0.488549908147924,-0.0885793539923571
229,848197.356559305,1147261.7217275,1637,39,46.3970408903819,-3.56338489408675,-0.716204976684835,366.605169727238,0.47154714425734,1,1287.45324524409,24.8937158899528,87.380480004106,0.044351931866695,0.39248015333456
230,550214.83327952,1260872.04442933,1772,348,350.533263431605,-1.62040852639278,-0.411064991769413,319.476160835321,0.535110408282631,0,1187.68003862508,26.1170092913141,63.4948894383597,0.568604026160091,0.823987700146869
231,758661.060535342,1026120.21759599,1599,44,37.4191271402045,-3.75495171828346,-1.05466189039296,256.539492947657,0.592154610067929,0,1543.57075759389,23.7775110719382,83.5581753809191,0.170933549482525,-0.0676318507668135
232,1017019.8459333,1494417.87666554,609,48,46.480844811011,-2.57277797953514,-1.10952581835478,285.171010251595,0.309337938897573,1,916.600754204835,28.7451162447215,47.5051365966016,0.000729011425529145,1.71102671860798
233,912941.711559694,1437370.34986726,1834,67,60.7669669741164,-3.40720831783543,-1.64229320961558,239.453622597004,0.283881696750712,0,883.54717204053,25.8836959685479,44.5452504536924,0.00627913621973757,1.49435240807864
234,798626.497488485,1442925.66940151,4859,496,492.601128086337,-2.28888815865644,-0.841942694875371,228.159054680368,0.273828272592515,1,950.987287528336,29.4861828131985,38.2570149138065,0.035033004220187,1.51545227160316
235,280401.471961803,619871.525895706,2982,112,107.270587741376,-3.32499499564603,0.411364140057437,345.830960053279,0.818389464270715,1,2165.67601179949,21.4355107110255,213.868829238968,0.530606489083127,-1.61061995415745
236,-30821.1233408704,1170705.74567396,843,39,52.8431447700725,-2.76963896516651,-0.538775652363945,378.204237787399,0.600639055264182,0,1247.34264068882,25.554547174789,22.7069055855824,0.108895884732485,0.481523763280958
237,-103630.127658224,968064.057015024,3128,57,48.3055314554486,-4.17060302467679,-0.650890641843827,224.346746004956,0.728234827751019,1,1663.66528877605,22.1537162811136,30.6176569349377,0.0239512561149266,-0.288137090377655
238,122752.309064556,843439.326488467,1612,114,100.431519987499,-2.77575482098049,0.696347847696332,252.276008400994,0.7377019972084,1,1736.294601469,22.7224781698031,31.2164172649505,0.24032704479246,-0.761478864811262
239,406064.248699879,1204590.96043751,2964,601,574.292802240458,-1.64115561172464,-0.483732250661852,381.543758362818,0.509472842812921,0,1303.81853590134,23.6332692786579,35.397598217706,0.972548907302285,0.610224444241103
240,745792.944742295,992444.846016254,3403,104,93.2988712507502,-3.59660466478349,-0.724815767821466,276.607265780958,0.62458786783534,1,1616.28504090443,24.6517799644604,141.926199379188,0.208220320472114,-0.195535518609569
241,8437.47975334805,1114388.85643674,4712,261,244.928523651704,-2.95690129754827,-0.667121874077672,353.876728731075,0.629363461018141,0,1417.21674309838,25.4208166449589,26.7452213951261,0.144634613708188,0.267624514155233
242,666538.328384888,1172223.67311254,2290,160,159.874997481941,-2.66191485239945,-0.54056209156786,363.973309992024,0.550880304776392,0,1453.12740644789,24.1503598529621,41.6328716835577,0.291927344032699,0.487289059335766
243,133091.375915089,509719.42123242,2761,31,43.8634729309453,-4.14226628988306,0.500151984024213,280.214303078496,0.882574172596805,0,2093.98369852366,19.5018142678407,111.943428088475,0.126466699742738,-2.02899271579649
244,930817.771235215,1267962.5863498,4263,87,100.600724176289,-3.74656896055402,-1.34133398906143,324.8478086295,0.4084180242359,1,1224.49739480715,26.0558375735948,55.3423276344151,0.00882135021304565,0.85091854830318
245,411471.921739418,968806.626023069,3511,971,997.803422442307,-1.2580998907591,0.63560839856282,236.257250303783,0.68379157106142,1,1656.3427130538,23.4256796878939,45.8627528884835,0.999841983271724,-0.285316711706244
246,812375.521148867,834756.641715079,1363,35,20.6276325209172,-4.19081187024294,-0.452861633030498,280.134337814137,0.701528997997411,1,1776.79200044134,21.8389374585093,269.510153464981,0.154241042691255,-0.794456889318265
247,786671.090666604,1161365.02365665,3327,88,73.1995330549999,-3.81663723410161,-1.15538634994487,367.187669678621,0.475120939637236,1,1290.52079898335,25.3337121075847,110.385092374175,0.0910880725516197,0.446046423306086
248,100870.491565472,1271946.85099133,1815,556,547.207882012221,-1.19901197623225,0.0506326815221759,315.106591780656,0.450208521224593,0,1350.15838109713,27.0131337081641,25.2477779320516,0.434579754195969,0.866051330434507
249,412783.734441035,907997.763350582,2689,503,481.371123669636,-1.72028611678707,0.518011770980034,263.169456211427,0.723143071818636,1,1757.25131685578,22.0852148863221,63.2602849549115,0.996507496440019,-0.51627709041335
250,947633.367354667,1253908.36310343,773,15,14.7834018185624,-3.95677399591344,-1.15566392540071,365.46385847102,0.429465601396317,1,1305.5380295014,23.5594130397056,73.3757875602338,0.0070561045098673,0.797538685882489
