"id","utm_x","utm_y","n_examined","n_pos","prevalence_true","S","elevation","ndvi","urban","rainfall","temperature","pop_density","river_index","north_index"
1,620425.617390597,1204235.54438128,66,65,0.972911078709218,0.240787771681392,364.913149937683,0.584193533810695,1,1287.82566677077,24.1171886283587,79.4052727057555,0.377083186083244,0.431050182924116
2,934625.178687131,1480854.05066077,192,192,0.998174245661094,2.27316488398976,210.196148205567,0.298328264546171,0,1093.01134844449,27.4842758686085,23.7124666424599,0.002532335985302,1.53377273668309
3,644142.014412164,1209076.00954932,69,69,0.978292026878372,0.41162100328719,363.382875385704,0.564463980696805,1,1333.58351727791,25.2429711797397,88.8741860325677,0.309370001501873,0.450346397712036
4,107220.53504651,1252433.15829453,71,51,0.637382139717102,-3.06134913336543,387.507213961642,0.491007201081846,1,1395.6209426952,25.6107827293414,23.8258751186026,0.410841475893046,0.62318698755932
5,678079.026469135,1167448.32582878,102,101,0.994895725644553,1.92043892929795,278.833782503432,0.571132076204839,0,1391.38624148165,24.3549717206102,58.4963551369332,0.250694984190705,0.284400213138952
6,478152.173840848,650619.561418367,91,81,0.890239565495121,-0.385499851440905,323.209867611353,0.897112498953334,0,2095.22450800186,17.6865459242157,191.105408032486,0.996648467382357,-1.77590566665243
7,714299.798523012,1455460.18728889,149,147,0.993320768989033,1.17292154458011,263.391643793945,0.321607452165944,1,1028.48729344415,27.3586482863053,20.9607972663477,0.0837542705698535,1.43254167212463
8,518607.85205853,1073786.65882513,104,76,0.68451969712223,-2.78844184484689,294.020834902218,0.703947179497716,1,1613.53272926268,22.8321165313563,84.5733063226442,0.795348094130594,-0.0889762251071146
9,173299.517023751,1043866.80584528,200,127,0.641821335312049,-2.7035751272096,279.274685425111,0.609381917782605,0,1789.34945726025,23.5058755503062,22.7112920533537,0.463675567027904,-0.208249867097998
10,185917.032650277,862814.138669006,79,53,0.723572321093602,-1.48951252836795,296.054337194595,0.730458384557142,0,1742.70612173874,21.004813594537,70.0278945113112,0.374465235237969,-0.930005118396238
11,903523.670627967,1203259.30894798,75,72,0.989383324976205,1.63154351452358,369.212495968185,0.487108486480235,1,1335.82014303079,24.9738073377883,116.718124382009,0.0134556495237289,0.427158480794151
12,177894.609746952,916278.719396924,75,47,0.687548432740637,-1.9162970755302,253.688457287448,0.698876230066315,0,1837.12686139122,21.6146022517029,65.0716967185115,0.387380799236808,-0.716871876557478
13,152346.201437582,1278602.79917463,76,67,0.890242142830217,-1.96549720904283,326.985811391435,0.436981650850146,0,1272.70089362596,25.4920990274959,30.9139266215394,0.573180807419319,0.727510641136969
14,46876.5109361635,1298580.39329093,195,136,0.680807286731774,-3.04196370292456,309.631648079025,0.500897731754323,0,1202.50998082718,25.715658600114,17.67767602754,0.276544497442004,0.807150083552371
15,106793.121257744,1083347.41571839,65,54,0.688343671403251,-2.50369183498012,291.176381386057,0.623546122084401,0,1413.57327215064,24.9355362207906,88.0900940710842,0.300185984957965,-0.0508628595228466
16,217909.800613565,673666.782473612,144,92,0.608357578160059,-1.28410414817565,341.820797442148,0.82597439703593,1,2067.11761029662,20.3630756793688,94.0232343659314,0.340286984456889,-1.68402934644192
17,199581.731634519,1279921.70212719,71,69,0.924659897473578,-1.74840100555038,326.672589356891,0.41206419056729,0,1228.75075918037,25.6460895647061,43.8154565778351,0.728237155218488,0.732768366122763
18,89113.8382701397,915517.107755875,86,39,0.467904504314065,-2.52294620569591,262.106979074146,0.749611332544628,0,1745.4255982045,21.219248494246,28.4231625449519,0.17694543069652,-0.719907994223957
19,868370.075655645,1299342.5169453,51,51,0.995335883406606,2.02672218790651,336.764544342664,0.39601249576443,1,1345.41345868327,26.863501078566,45.5471053167228,0.0164347963070254,0.810188242328275
20,493224.322760018,1332650.1043483,172,164,0.937865467566884,-1.42580581409132,339.958721794856,0.503780662834378,1,1133.00640557094,25.2082914453172,23.4996460935644,0.686051715734849,0.942966877910521
21,1005391.43145986,1502417.32748897,76,75,0.994904899962022,1.46781620673159,221.764881488825,0.331237242504074,1,807.009284155659,27.1033583699968,27.3307780635764,0.000558793964202361,1.61973340508243
22,401569.962483586,916586.659971833,110,103,0.934412977679924,-0.880477519103815,242.894442926605,0.752651805176731,0,1790.19014756303,21.5899254050599,166.712031006007,0.987276209142647,-0.715644290515834
23,150194.476050268,1018888.27524081,92,66,0.736402851674841,-1.95961724819927,249.107797221061,0.641197223926214,0,1598.78252894477,22.4525861092031,68.1756618109408,0.376733215561134,-0.307825233286528
24,202187.375409438,1297667.60736161,57,50,0.874943245651696,-2.33666918560653,306.573716152174,0.397565337309021,0,1202.42332635307,25.2858522484041,39.164330029313,0.749365860836508,0.80351131894277
25,469008.247276837,613894.077397823,84,66,0.8504653519392,-0.765778914676028,308.805226532003,0.905898217823184,1,2223.65379046998,20.2239893179679,188.367244334714,0.984208163560643,-1.92230953554706
26,39467.6634256568,911253.531915623,65,39,0.67609594216053,-1.64476996846402,241.701105101054,0.778850840827895,0,1525.38265006906,22.072788730676,52.1715166053629,0.102018241569259,-0.736904475413675
27,801310.320203316,1177506.11680624,94,92,0.990459546965324,1.7983369471921,308.155826169556,0.488412451968007,1,1342.13409876167,24.2385406729133,137.386886465477,0.0637175698827239,0.324494974335578
28,66002.7511994731,1439003.17671402,135,125,0.88406195648629,-2.31037905321777,239.489837089616,0.377478268828586,1,1009.29596740921,27.9547198024016,18.4863599417342,0.418121743232297,1.36693681808777
29,141797.701901068,839494.954772766,115,80,0.705216867247042,-1.48498879953081,293.643715988905,0.76419120258496,0,1906.46120183449,21.600692896636,91.7394300498425,0.247432876907771,-1.02296560163901
30,529614.311955433,685624.92676395,147,122,0.82065299809583,-0.938029289495501,377.238490998393,0.891721585152907,1,2051.84510284085,18.9330252587645,232.367559975328,0.971010167254975,-1.63635894438742
31,211604.967505595,926083.417182225,157,118,0.735766691402257,-1.83500086291751,237.036562651828,0.680972020106125,0,1656.8140425042,21.8567627643742,40.7129000497383,0.497685467273118,-0.677786055706006
32,619793.301273239,833432.243665028,137,126,0.929647420831797,-0.358036760193707,320.002391203544,0.82114953510062,0,1896.30226761978,21.8091505469952,190.591372507748,0.654193085896387,-1.04713422421365
33,235235.338322734,766167.079592191,178,119,0.691442977631868,-1.68842036412837,353.03025745189,0.777831634924693,0,1961.90461719717,22.2720457783502,98.2315465105958,0.454216080262189,-1.31528263735875
34,462017.054753846,1179042.03385526,168,157,0.928214185505318,-1.85724918330441,326.966500391481,0.609897438080245,0,1393.12607082699,26.0920991151421,37.7577599463586,0.881243742254594,0.330617812584664
35,692577.547587547,1307203.45949062,96,96,0.976852536972489,0.169919211678389,336.135802975711,0.448749430237065,1,1297.99174382484,26.7740435258535,95.4567435395662,0.158253692315687,0.841525403225836
36,439623.955903132,940833.319325825,125,98,0.826312871849826,-2.12775679076534,242.021643551298,0.759505591719943,0,1673.26763250171,22.4420780604335,69.3389960614592,0.99697526871897,-0.618986483767561
37,122203.03365929,1463063.31055584,105,101,0.945332355516964,-1.74145514289674,243.729390886861,0.319783898844795,0,888.066028977048,26.2764908614585,13.7163661179717,0.616086120937179,1.46285105242693
38,208790.12649942,877598.501837157,62,31,0.573152057748341,-2.31374702292254,289.516742884056,0.71420816410056,0,1702.47285166049,21.2376467167634,90.8427463101983,0.453054772096528,-0.871068169716412
39,745481.228745484,1468456.60315156,109,108,0.979527277133787,0.0515957885834937,242.351752437614,0.294228580979054,1,898.562499138618,27.5385466065664,53.991959600877,0.0543778903123731,1.48435107953758
40,465372.733117888,1255690.93897775,77,73,0.9559069916662,-1.34933491312302,386.295948162199,0.552294587393776,0,1166.32707858743,25.9826001563681,46.143262400136,0.825835333835876,0.636173928610068
41,2470.37824326006,1100913.91059192,76,50,0.672004737905656,-2.32708629598559,305.921382349012,0.676233495850362,0,1489.35460109814,24.0954269515004,61.393067075942,0.111061449252036,0.0191648849981967
42,464566.318772168,1339940.93195315,80,69,0.902252686139543,-2.25159310995766,280.18521183828,0.484874844368151,1,1304.66589962868,26.4767279195538,37.5776592856286,0.770842804209909,0.972031310885641
43,451434.861278248,1412061.84650177,52,50,0.976963650372755,-1.26990111199137,271.158983417062,0.420267485477218,0,1051.20128928019,28.6195326671396,20.6834687325259,0.75944628093204,1.25953687275186
44,790156.800435583,1266271.62294274,79,78,0.997059064489415,2.40792475534202,326.367295885563,0.421430302563117,0,1324.755360326,26.0060036453722,70.0842215893632,0.0562812056730074,0.678353170336556
45,30979.3335649648,1006927.28365083,191,67,0.365200302842472,-3.09769584477424,207.698488572434,0.726240310211627,1,1536.2197390593,22.8867919554641,49.7250240047056,0.119558816428595,-0.355506985924855
46,939784.828072533,1063848.43832417,65,61,0.963763309841576,0.77307518767508,260.215801622999,0.620057210742864,1,1527.27643148389,23.3356999946289,63.5800204375923,0.0126925180331714,-0.128594326000083
47,218659.95844852,1143861.7718461,175,152,0.864159542366949,-1.97579826327872,318.88972240346,0.514302868011977,0,1478.65674054918,24.5521946374148,34.4082888420806,0.687430373102236,0.190373875595685
48,731290.358964055,743920.158410324,179,151,0.855301080361768,-0.310377931495244,345.139996487205,0.813562684214804,0,1962.99226646033,19.8394133436987,265.769110350388,0.368062130594111,-1.40396861165925
49,206694.051817485,1298765.53046881,77,72,0.897886532755099,-2.33079198279201,366.188693323419,0.395363306537303,0,1280.06016560897,27.1142723655723,20.6648555443726,0.764006645944666,0.807888121452778
50,544409.735963937,1272112.60303746,131,119,0.914638323189513,-1.54155668877439,381.07089847204,0.559070379705656,1,1309.95053370474,25.5240658658079,44.4435795336156,0.564443257429074,0.701637875952024
51,-39032.2248837877,1197151.25814344,126,85,0.682506381911701,-2.4528481519814,371.746614910554,0.6166175969335,0,1308.39841833961,24.5841808470294,8.95330113384197,0.0889621396626959,0.402809114324555
52,832188.917939549,1083755.66505655,186,176,0.969242745139137,0.90277161037345,265.279610063296,0.559601721303966,1,1455.47569822491,23.1785011643815,138.119158955099,0.0567751063095121,-0.0492353988051777
53,484655.431513229,869648.230810451,65,37,0.601968536166327,-2.94817363639026,282.41764485211,0.814345663159617,1,2004.59189258468,22.4918108752306,121.043607224965,0.973400637102852,-0.902761433075979
54,306994.070472011,1425217.1793053,158,149,0.954145609188366,-1.96238790189229,259.90879195541,0.314237233802817,0,1025.40312564157,26.2581356233654,15.5636377360733,0.999631185764231,1.31197979271327
55,-106750.06035099,889820.590482965,65,50,0.818923600161774,-0.689355476524614,265.484013988845,0.803189385406023,0,1788.35049617619,21.5691442042839,13.265986499129,0.0125402513793728,-0.822345569825877
56,223218.926959711,1023057.11300295,108,54,0.492655080663456,-3.42525415074889,255.886571784726,0.608063185752122,0,1597.55856488328,23.5219969697184,42.8160103098149,0.609719876879848,-0.291206419581331
57,422398.759003309,1054524.85314002,172,164,0.932479228605053,-1.39596115634417,251.251886034107,0.676480587072506,0,1512.56022699284,23.4989366055704,68.0502169847653,0.991735242588841,-0.16576222124591
58,-11202.3335596013,891256.58488526,117,86,0.725434741830853,-1.35621333639159,241.562043463765,0.806312795958852,0,1711.65929796237,22.1590796663085,47.5271033474439,0.0512388729941609,-0.816621067023152
59,517679.431389759,1138282.3586897,160,143,0.898013858488134,-1.65031468462145,358.394182065175,0.659242735870097,0,1350.29502385306,23.3673750106099,47.3754133722306,0.752710392238927,0.16813189038996
60,59322.3285622488,1081876.13155362,97,59,0.674309508944427,-2.31019747003718,294.710983277764,0.658991339362904,0,1592.97180209715,23.5141195337176,36.8428732337289,0.193843142940986,-0.0567280427793987
61,313884.794341098,780718.016728568,114,72,0.619820870240935,-1.8507771449087,335.217108249762,0.784109034353296,1,1861.16165282145,19.4935216741648,80.4739047909014,0.720349073014335,-1.25727622710651
62,11726.7991273185,1489716.09102499,82,68,0.887433296834632,-2.37065851371428,247.913674566964,0.372666152458921,0,1004.21358385398,27.2490418880084,12.6611702928917,0.3002095452071,1.56910071207198
63,20108.1200272651,1512803.06002649,162,144,0.908333210964087,-2.24009407356295,288.774664583468,0.351572304677706,1,1031.13021942303,29.071439188772,12.6667026442074,0.336293161882793,1.66113548501
64,-22443.6938821058,970066.211265511,113,92,0.855801007177188,-0.845828739194758,247.255118360885,0.766359658656847,0,1768.48029611458,22.9461368051192,56.4699833557394,0.056327074880051,-0.502451369443287
65,-25688.2664344986,1243274.07882785,195,165,0.830308425159898,-1.87086335802298,386.017430335657,0.579214793314704,0,1283.56353473322,25.5349169593346,24.5893560848059,0.117731829885455,0.586674884173979
66,474639.641854416,1030116.85184498,191,149,0.808067690973441,-2.15308791252999,283.219541789366,0.720829421357889,1,1548.92637460271,22.5954410764436,65.9722305037988,0.929651870219859,-0.263063207655774
67,196297.319406815,1069333.44028801,141,67,0.452090334433154,-3.35988329861436,272.113435107494,0.579562683429118,1,1451.04356688451,23.2877225521478,41.9472631344381,0.556726184030558,-0.106728705169813
68,208738.548424993,869058.07349751,152,96,0.586995370229307,-2.0152073611194,297.62896535937,0.719746722622268,1,1815.30494934043,20.924118597774,124.522850258638,0.446714451739665,-0.905114058675756
69,545076.373899646,1283377.6924369,196,184,0.943721264867032,-1.15916266988283,329.860326679242,0.550145193036702,1,1220.0998349923,25.9091838438098,53.933426001423,0.553613008578534,0.746545457581141
70,170039.477119347,1220878.17837321,140,127,0.868813732585123,-1.90789506764834,330.524875180781,0.471874594971478,1,1338.41522877281,25.8555944179772,30.4936547453932,0.586971884138966,0.497395013223766
71,69884.921658295,1285914.2793053,186,126,0.660835208262394,-3.2025137210178,317.496534641944,0.494007914859088,0,1186.84912817489,26.1309993626251,31.13409206104,0.327426163132249,0.756657404127955
72,229852.099535994,1110764.16591512,90,42,0.575854174985291,-3.16926381943789,307.978067203937,0.538895754033443,1,1529.87149825559,23.6519881968162,31.1001860253506,0.69856373317144,0.058432318154689
73,5186.8644761701,1285325.15246255,69,51,0.786936150689537,-2.41787896095776,377.789469507924,0.53582702470412,0,1293.12545541634,26.3280020669439,16.9140363703647,0.181637417836586,0.754308886433786
74,-27863.5440391357,1444254.16925821,170,161,0.918510761333937,-1.86526137373698,245.780620520855,0.420773288781018,0,1100.31653690533,27.7800007362221,17.0958559541445,0.189291712789161,1.38786957485078
75,374496.85606381,800674.917427371,174,150,0.88118431804972,-0.970063827607208,315.729044422616,0.801520235538808,1,2092.18218859203,21.7302705595025,109.924967649498,0.901731864045032,-1.1777192777191
76,740253.460897786,832377.20576288,134,104,0.792132771328716,-0.787042898472168,314.242970160044,0.76260485236441,1,1883.80027153819,21.0191477621604,218.863652867257,0.289200524123084,-1.05134006750815
77,-66303.7975630835,1115985.94470393,74,48,0.582212944048737,-2.54312817402899,328.743672765581,0.675393402835046,0,1426.21927889017,23.254629241623,22.4233030552495,0.0495483027017218,0.0792486160900832
78,-38587.7194733046,1117494.06433646,72,28,0.460261915250581,-3.00258788030301,289.975731554513,0.67460033970267,1,1463.97310621903,24.1454963518601,40.6646188000816,0.0712083566495745,0.0852606416588765
79,90242.4052660012,1107109.41332176,169,108,0.663168259184287,-2.55742752140024,287.148211065017,0.618197915741783,0,1354.41440326764,24.3518793389298,33.5972622099491,0.273105011384055,0.0438628731550829
80,1046467.64631384,1325455.18779304,177,176,0.99279122428827,1.17255974421341,277.130229176729,0.49357376635788,0,1190.39417637819,27.5329869558947,90.6636976300189,0.000562648152734132,0.914284788398097
81,168588.997833377,1383372.74022107,184,171,0.941287687388385,-1.63183326292665,248.183745263148,0.348063842950135,1,1065.13681513452,26.8071937939035,12.8117533394006,0.706647976773725,1.14516952629908
82,850675.355667615,1190690.50054194,157,157,0.995092015127621,2.16906774013357,337.830983108893,0.476586823644401,0,1400.51214346771,25.2842657916741,77.8927733409132,0.0313186352102135,0.377053704039947
83,781040.906780055,1373194.18324325,138,138,0.995128811109601,1.82344612252909,274.799176540642,0.344176468046149,1,1091.88751652802,26.6948727886715,26.2353302284582,0.0455642854798199,1.10459333891696
84,1007124.36137583,1267290.27716817,177,175,0.98444396476268,0.807575567406618,378.616288591558,0.513130736408425,1,1150.67634677164,27.431153123499,114.362052742663,0.00164504042050876,0.682413972355831
85,441130.54913939,1318073.6240419,140,137,0.966397712094215,-1.40791935327302,339.006242485615,0.487757304844892,0,1193.22614122037,27.2825210509858,45.0857252421863,0.85191251627488,0.884858641391983
86,174255.429790932,851218.710466106,182,128,0.738053851047322,-1.37701189664638,300.983030197634,0.74212524976056,0,1733.42078883246,21.3735825040369,43.9271387925035,0.334568178515875,-0.976229575218771
87,132232.615201268,1481964.97533766,58,58,0.975668305407932,-1.21186542929534,229.098746919276,0.300397039103889,0,1033.39001631429,27.743580150907,14.1021170154016,0.663597036229877,1.53820136914597
88,455392.049206765,1103419.64432056,75,60,0.807920607907802,-2.44049903694721,304.683550254039,0.662048068048805,1,1343.44737992433,24.0555362701152,68.3274676994082,0.933651332312241,0.0291538374130212
89,220323.88572065,590424.743735621,108,64,0.54852430539629,-1.16529219532629,307.962326580059,0.860677825620357,1,2194.20384800461,19.0509318136622,181.609058017929,0.295657855085359,-2.0158685815382
90,1068022.5916445,1307138.92499422,124,117,0.972367520219514,0.273780439951874,318.61485383989,0.519289311709619,1,1242.1946930698,25.6510940227319,99.1550119971186,0.000389478375495698,0.84126814045036
91,635963.316712648,1113402.14108697,90,84,0.949902305656561,-0.467032772618761,334.076485792612,0.64291058853269,0,1354.29864393861,24.2369314170398,152.40238063707,0.393623796880998,0.0689484428976886
92,358058.359081773,1172412.57628968,169,157,0.926564810385993,-1.73357760968446,370.950090994756,0.539695958471975,0,1505.45796355555,24.2038576005665,47.8260884856236,0.997473306903875,0.304189890335068
93,416977.154585943,1362045.22173702,141,131,0.920218654069644,-2.27658037455034,265.399498067043,0.435471291323281,0,1058.12082184656,25.7734100285041,47.7659102328205,0.886555648347239,1.06014869394629
94,588091.142078286,859824.512448867,173,149,0.844852565496698,-1.28009405846294,274.1751689298,0.818704447182425,1,1789.16665409942,22.2887447505098,177.505206809867,0.7363400279517,-0.941923078277508
95,632860.307021678,1457022.5089592,173,172,0.993596757205136,0.721938670342627,265.241432063638,0.377737978845705,0,1009.49714871055,28.1222397228532,36.7198818471986,0.202925802360197,1.43876977076216
96,945479.131676611,1072097.60543098,54,49,0.938166530456314,0.185546705863302,248.485395597516,0.617894794209652,1,1506.52682767048,23.3063016283304,121.424273709776,0.0112186936370676,-0.0957095319175777
97,463007.717327395,1331652.27488937,122,113,0.92127956475766,-2.26147673335867,319.824196136343,0.490608601671984,0,1088.47769505233,27.3657014045254,94.1784958768611,0.781356812807756,0.938989092533953
98,228145.716527132,515203.815769034,83,39,0.405861334098618,-1.66153624980118,254.445896751099,0.886552999567901,0,2343.25328851341,18.056634479851,205.00479848904,0.271715857856386,-2.31573215501736
99,434862.175337199,1146100.98628295,105,93,0.877780044928906,-1.99729610668574,399.078362428823,0.618230695411157,1,1388.30699547007,24.2713187385045,42.0838630690125,0.952139969797885,0.19930036535022
100,271073.418576308,727300.48249114,197,142,0.711327836791634,-1.33863635093828,305.144033190852,0.800645791403986,0,2055.09770223995,19.5615078270913,145.650901340796,0.539569784186615,-1.47022192102291
101,777515.912555176,1137672.45268086,66,65,0.988607529311084,1.63273599267541,313.026233281472,0.528005499536472,1,1401.62698273532,24.3947708277634,111.017025622087,0.0956743413810755,0.165700537836307
102,546249.217420798,904635.171359049,199,126,0.690023973369718,-2.55038117951871,272.861747771586,0.803564563965563,0,1690.57082972702,21.9821908278047,162.674931349314,0.829319376383097,-0.763288160123725
103,1092466.47018754,1322719.40518924,94,93,0.978302701404739,0.436594911441367,351.420806580025,0.51544735689064,1,1176.24668519021,26.3124616138506,66.7064233380148,0.000210114272234424,0.903378760381504
104,102018.272034814,1164530.64243722,178,85,0.51440245224352,-3.44261722910861,362.143872527815,0.564878756499908,0,1456.48597829704,25.0380573100927,26.1861424745147,0.337447370771977,0.272769048890865
105,920601.095161151,1268441.23504173,82,82,0.996814442145233,2.50623642482105,321.372878426386,0.445967541602311,1,1278.93497580841,26.4427857972951,156.744327191105,0.00790670541188221,0.687002194679303
106,109999.889837138,1020212.93549324,155,111,0.765920825730622,-1.7879617378851,295.966373700646,0.667249541977517,0,1601.17586779247,23.5055670602156,34.5793424391657,0.271735194657894,-0.30254455718116
107,593561.301061614,1123498.46391709,151,124,0.864537870562261,-1.65864925446579,285.036438763406,0.658569301917841,1,1305.95759114492,25.0670413237516,62.1563782596354,0.517551791544574,0.109196808939956
108,295581.317197831,702576.14841055,118,93,0.74977951811767,-1.34343074249876,336.344259393146,0.817960384879777,0,2165.18987252727,20.9303605879649,178.232054312784,0.601080004447035,-1.5687839485027
109,531975.312445748,1269792.7640979,52,43,0.905137183495439,-1.45537563630651,348.507411143881,0.561154286086087,1,1254.46833222627,23.3865893097149,33.6679362906256,0.607194659103167,0.692389981607747
110,366481.620967821,933039.96130013,198,188,0.940756250899544,-0.743568814913872,291.05598765993,0.720805212185052,0,1658.39916282071,22.0846454477077,130.385605376435,0.947014821631148,-0.650054223160853
111,559299.560455281,1354782.94147718,196,190,0.965706384989996,-0.790810977651071,304.25504612148,0.491382670035198,1,1122.94545870472,27.0339411884618,41.9860987723591,0.454564941898455,1.03119806319508
112,370515.423656551,1413053.55088359,164,160,0.963483609954393,-1.67787857197621,270.422081629262,0.361298597429892,0,1078.67886070751,26.2630172243751,22.6441894564798,0.955159517969774,1.26349024088766
113,97075.2523401785,1515714.32986877,103,98,0.963705379066343,-1.28595363239264,283.181954307635,0.300875534170968,1,793.072510621231,27.4133324182189,5.44673375458618,0.573853923296703,1.67274108204086
114,368552.101598487,710654.15090057,144,118,0.831216164992465,-0.88234269261336,379.299808499058,0.840795083970611,1,2095.1882126318,20.3775354486031,134.548074006146,0.834392723305078,-1.53658149157068
115,229320.628248253,1364873.18755671,93,87,0.914924784030767,-2.34363082753745,262.155156466743,0.342029527903599,0,1144.74884662117,26.3254168807061,44.3304612436937,0.870573827455831,1.07142220464728
116,570352.082409141,1002399.97212656,97,73,0.825374669098485,-1.60532321584096,258.866569216155,0.746200587073779,1,1726.96555528758,21.6809226631202,86.155023767326,0.686501572970594,-0.373554833094779
117,363231.602911743,1138238.82318313,59,52,0.861202537304023,-2.51022700986166,328.026207637348,0.570516294974369,0,1520.09772306011,25.1445797221502,60.3581853864799,0.996267188909644,0.167958338787647
118,253409.928837033,1356687.89175769,179,170,0.92751332071185,-2.12105677917185,328.35811910231,0.347760067941535,0,1093.38754172204,25.9243083607444,14.4680205704672,0.920933072502707,1.03879202957993
119,539560.66025203,1197554.11349806,54,48,0.831924387463598,-2.2367789179651,352.446170695898,0.616853313266611,1,1319.23210536364,25.3201159645925,28.1398199704291,0.637903919819457,0.404415072260701
120,-46069.5245312417,1393210.11342782,191,160,0.88293846389196,-2.01900788003416,236.613347128086,0.463077654701703,0,1005.82374420151,27.2909081058049,15.0806137424626,0.138463426488024,1.1843856056957
121,200014.190531305,730040.273718133,191,137,0.678386733735591,-1.42885382418277,369.346886157803,0.801803736375534,0,1981.81873524696,21.5687651322387,196.223741116141,0.327625257596986,-1.45929991287808
122,431475.127229741,1390954.79064536,186,167,0.908536705281978,-2.59589588823319,275.676715426504,0.423477539044301,0,1164.1601695473,27.0957386409147,13.8996732273692,0.832052084700025,1.17539490101843
123,255066.206283246,1315921.62782823,87,81,0.840075913128542,-2.85032765573223,322.385413160031,0.37796145992392,1,1336.67861633923,26.7231878864838,33.0112394359146,0.904214126590618,0.876279841685732
124,592003.041761989,1124580.43728881,141,118,0.860834506568201,-1.75502956612619,299.814530581271,0.65843896715367,1,1534.5442415833,25.1962479458402,81.3554894033584,0.52177320182141,0.113510028816692
125,909337.16398926,1328529.29001592,108,108,0.996989414708306,2.34501117825682,296.946093602406,0.392374607359622,0,1029.31615910709,25.9912438641509,59.8328820768056,0.00754057232110827,0.926539506635599
126,209326.788828056,1181340.72362104,106,90,0.859610309907623,-1.75218418390639,352.306023085631,0.486660977113317,1,1446.82675952321,23.5250044096903,63.7997546827796,0.685602071987438,0.339781397056692
127,778792.082684592,901700.557575322,188,176,0.940761857970323,0.5106356205777,281.793430397106,0.703195370187023,1,1854.14688667657,22.1768769883622,122.071762812575,0.173041998674508,-0.774986816332282
128,642299.485533468,884701.758094299,137,123,0.878672862012497,-0.874539085038375,264.261188456671,0.785697121808163,1,1844.35662893855,22.9538527508744,144.685320910967,0.540710540971574,-0.842751478309059
129,-30091.9614452448,920165.629884514,117,77,0.706704554373017,-1.18342664264042,234.183003465592,0.794698499632526,1,1677.08750291925,21.121535500283,57.0718126520148,0.0435330157707474,-0.701376948482143
130,867691.728446079,1341455.91742166,81,81,0.998021573911874,2.52880566118903,250.046244856028,0.364173723786504,0,1242.83609413917,27.2548820587076,40.3669147398823,0.0142262723504452,0.978070706684586
131,883187.063699319,1364576.19455033,105,105,0.997284644190577,2.46397029686269,296.752576491534,0.352653471130401,1,1183.77512550481,26.6274909766586,93.2488722160098,0.0101449161327033,1.07023826040995
132,765838.939836792,1082401.23293936,82,80,0.967194677543692,0.441908608922808,298.298888470959,0.576895983014672,0,1572.13469226099,23.9429982429074,102.995863880906,0.126724074491951,-0.0546347586067078
133,671061.858507273,854227.808062255,62,61,0.925344344381412,0.0496942838961358,319.45626096217,0.787149952320874,1,1806.96932164944,21.3100375772397,275.267282774394,0.471283741509292,-0.964233993902234
134,496729.310997791,757494.157767924,99,91,0.886398997569909,-0.893057063851261,382.782576245991,0.864612054713448,1,2040.1211884113,21.4548408651879,167.19476653428,0.988037614407319,-1.34985670339375
135,494028.790618693,1128556.92780354,104,100,0.94898688589254,-1.26793424377967,320.857345753716,0.660860649349707,0,1463.6506290117,25.4627303386273,44.4507338707316,0.828852167525856,0.129362062125604
136,206129.140746868,1407405.76362652,80,76,0.979197423552119,-1.13114349059486,284.7635748244,0.316346444443252,0,1060.23688877093,28.3591182495131,9.81140067919869,0.836006383013079,1.24097568656168
137,333206.202658283,600532.14498762,199,118,0.580456894214659,-1.45109832566869,304.625560517163,0.871217655765565,1,2310.41946593995,18.2871392834141,114.277927290508,0.646390144429019,-1.97557605205281
138,70156.3436257548,1107478.59153283,111,73,0.643689527676508,-2.67503588867528,294.988305247362,0.632800373714348,0,1544.71076739667,24.7207651235816,28.9449905001316,0.227841435306528,0.0453345792429317
139,546702.102934745,1191172.01908589,122,112,0.862769338697964,-1.84823138504964,338.751120950452,0.621224150425276,1,1137.4359637591,24.6464813962121,24.5554504120714,0.619294062687835,0.378973247911437
140,170194.023714645,1152111.98354932,50,35,0.723017687026904,-2.38000209546127,331.778488349426,0.526559692530899,1,1387.73461220982,23.7714295536105,17.2376138073174,0.534719633934519,0.22326283389708
141,44681.3873800542,1214568.44190207,189,133,0.720572963114619,-2.5607222627383,364.321589628183,0.568955476164142,0,1215.72292258472,25.492520179202,47.839884583273,0.226947698634327,0.472241639327768
142,799191.341111133,1138280.7383881,137,133,0.979781919011041,0.876251998077124,329.689787607522,0.520191525010625,0,1488.25943075161,24.4059530068962,90.9144420760122,0.0734624410684397,0.168125431157909
143,432027.879577767,1069463.84532332,113,102,0.888257563932984,-1.86323759439432,284.367073042038,0.672246136430664,1,1501.76513788677,24.3678575501518,108.932690112435,0.980153682741845,-0.106208853568084
144,357115.140941947,887069.101263272,194,168,0.886120558474793,-1.30515228586241,273.975731971829,0.743885443101243,1,1863.76435813871,23.3506327722732,179.21944668822,0.907963598074958,-0.833314211294549
145,140924.466853276,695052.907400468,160,117,0.727565810415799,-0.849842644633923,371.426316285289,0.837387649931545,0,2096.99747632574,20.8324363001182,114.923882124686,0.177357726623012,-1.59877488313236
146,241917.305825012,1015052.19285616,111,45,0.405473213966682,-3.73668847488776,243.56424930978,0.612657342992912,0,1614.85436388981,22.6356576618628,53.3590078752308,0.665048001236957,-0.323117538275558
147,-23139.6355073333,893219.888575864,191,123,0.672485962407755,-1.38181307830993,298.794246756317,0.807463516856772,1,1776.26944088964,22.0897119360234,51.5485264810668,0.0439186492904294,-0.808794478380813
148,458789.564932302,747602.371373653,108,66,0.620879674930851,-2.65936018176122,365.16123012058,0.860004418301476,0,1957.35002274578,21.6573721511279,213.435074657239,0.997964457313405,-1.38928969759446
149,857226.456329895,1327496.88652273,161,161,0.998348230790868,2.76225754846807,290.607708758769,0.371800562391032,0,1193.11215721899,27.245609812065,87.5816389825372,0.0176395831735828,0.922423894011406
150,244957.053307394,799587.478449727,196,113,0.629976027732727,-1.59143067257706,326.942883663211,0.758737125237269,1,1825.05865968742,19.7770390191296,43.6389187142351,0.509740104844802,-1.18205428589557
151,547555.544456531,821357.755870838,132,92,0.748825831946953,-1.94363061550308,328.008433968917,0.842082668989658,1,1937.16747349469,22.0189728803943,156.934095384613,0.876743127378196,-1.09526842244508
152,-58498.3483351635,1180464.42942158,82,57,0.739976332018435,-2.1300858381205,344.016655503227,0.629495039709052,0,1350.77007276578,24.5683089930788,25.7228701489734,0.0667172931448413,0.336288104469509
153,864485.497610941,1300204.83957498,149,148,0.994492083460981,2.05362651982329,340.057456108487,0.394197031907877,1,1155.71354981213,25.5337744427304,64.8866003181392,0.017402748275609,0.813625838117339
154,547757.239634236,988119.142836146,80,47,0.64343195838928,-2.67431013923673,250.11305818212,0.758027714396097,1,1624.5804881555,22.0428270289698,105.865164998394,0.768184397327595,-0.430484475137622
155,80477.7302177571,1462134.82519766,87,83,0.926556773375582,-2.07467345624904,266.562972002807,0.349972073414705,0,1139.2711100896,27.3984378894808,16.6082131685628,0.479520869933592,1.45914970301587
156,205540.035476904,1187415.80607104,146,136,0.913134725999587,-1.60521184448855,341.572388258048,0.482928400101656,0,1231.96030034473,25.4609235473607,29.1829730513425,0.677923492990897,0.363999337221531
157,445585.189439989,1351499.9569009,88,83,0.918539151492602,-2.4317842185028,296.250447499101,0.464153526167934,0,1115.75240026816,27.6934941232557,54.5234588290639,0.818479141986946,1.01811064838472
158,359456.99908573,1464337.12114426,117,113,0.960146609336443,-1.8605666508819,228.95043415005,0.316995517413072,1,994.75198150652,27.7809482272955,22.268695299231,0.953668581609688,1.46792901949415
159,122827.41053763,988038.553525057,137,82,0.606787448155673,-2.4388964621588,218.869393293489,0.680971080091087,0,1607.76930630694,22.8645437422673,24.7737612912734,0.284562607471033,-0.43080573943814
160,86921.664642893,1479799.2382824,166,161,0.964966908714202,-1.39407570650833,203.279264037579,0.332694683675888,0,931.749742098242,27.6620507305735,10.3787092803115,0.513315402726391,1.52956779242517
161,708408.904939257,804123.478091663,61,47,0.875598124501947,-0.363604252672707,333.469596623352,0.793938913236047,1,1937.9779984669,21.8531099583879,266.689930744028,0.393373743144719,-1.16397180408233
162,429144.930533074,1420379.80257387,132,123,0.967886861293227,-1.43226438878813,264.312250979582,0.399123651679815,0,1065.35756565805,26.3667849665132,25.2444936989992,0.819393874331882,1.29269588978675
163,819551.354630809,1119299.64314045,156,156,0.986969485094053,1.60033497319695,329.967136171651,0.531861702619961,1,1413.73917490329,24.4311611381492,61.5660517188243,0.0600472611017842,0.0924584698032491
164,557239.049554056,941749.839284547,101,79,0.79172838941289,-2.20993976648729,216.095708667991,0.783186717459855,0,1760.76112489794,23.2789655002553,52.6586780278172,0.772322835431704,-0.615332833680855
165,501398.152862303,1361079.33933209,96,89,0.92684764598371,-1.91496105419214,266.849710476161,0.483742103763943,1,1144.65430014771,27.4902268677147,30.7197551672763,0.637586374822561,1.0562982635231
166,586617.001431916,778502.274856069,182,163,0.862691130341743,-0.913046011037127,321.695218090603,0.854386723590044,1,1998.04554068668,21.1683833057179,244.187021358585,0.798493306256173,-1.26610914493611
167,148482.42925157,1370710.6730242,66,62,0.905650354964454,-2.08725259654507,268.639472409725,0.368923228129334,0,1010.67636437968,25.8068395267729,12.6888818523684,0.631488551355224,1.09469297914755
168,169097.906242854,748260.143193442,157,126,0.818527287692907,-0.411066517116885,359.640932519346,0.801668051590773,0,1923.90032077408,19.8764633887778,115.246784729575,0.261060433214422,-1.38666753094819
169,-113267.030195302,834009.169671408,59,38,0.644643372430225,-1.36373020382151,320.312827487442,0.828070769268931,0,1850.27581984566,20.8115235328314,60.8195948474354,0.00909884545753644,-1.04483434439851
170,542449.749821063,1065593.06300761,59,45,0.806810840911709,-2.21589674684446,261.324833526622,0.710236201630075,0,1619.29791653615,22.5412837058312,114.031887860085,0.728476051990626,-0.1216394876845
171,146466.747029229,672791.041922643,99,74,0.750413312727508,-0.388384808217701,292.599100209376,0.84480589280214,1,2048.30964222194,19.8132151876955,148.86240023448,0.177957442299724,-1.6875204319437
172,485789.40262425,799558.569275362,50,40,0.752453463450688,-1.98075725581508,351.570613172237,0.846043278381706,1,1831.12837640937,22.0229335208489,162.48219901415,0.988936265196339,-1.18216953052982
173,590758.980544404,1414534.19354165,109,107,0.977215788223546,-0.115512569310361,267.37481179079,0.433860380083584,1,1117.45218331633,25.2161266946924,16.9254131967821,0.323239979223781,1.26939273119846
174,154451.684191333,1017785.8000229,65,47,0.75411840191125,-2.05298989785647,236.123731716874,0.639422378140803,0,1646.50559701233,23.8261598573249,37.1768120976544,0.388269569821135,-0.312220182504139
175,-40179.493668316,1329360.07401269,143,112,0.757286330113583,-2.59873869901919,291.642706570135,0.513506216190599,0,1076.49833318106,26.1624991157428,19.320602501169,0.125400350228311,0.929851375616648
176,-66387.5164338362,724885.205606265,64,20,0.458629331074504,-1.78400838357641,353.880001014112,0.878672317208969,0,2181.68177470776,19.6850672401716,84.8379774050356,0.0129028675360665,-1.47985027282897
177,786155.097461234,1203890.57379338,93,92,0.992172296688173,1.76644432507115,360.703741901789,0.471904675789301,1,1469.50771325209,25.6901944966977,55.5224661084757,0.0713736140111227,0.429674979027687
178,-133863.892773696,951962.378234756,123,90,0.759420944972072,-1.3346143405537,256.105191962381,0.759448535414991,0,1590.00148597005,23.0821551788988,38.0526155618808,0.0102181572259393,-0.574621179269132
179,271403.380168255,1014276.81484719,144,70,0.454834449976486,-3.55050871923934,276.524834109176,0.616672469195707,1,1786.44310424831,23.2614525661059,54.077210441737,0.758345093368413,-0.326208534715663
180,800372.209714171,1398874.33789869,127,127,0.995546118122764,1.73651967760033,246.701505693784,0.320508594908776,0,939.232670671064,26.2816995323573,78.3976030190362,0.0320411552479063,1.2069656859571
181,296051.355036667,508265.092986137,72,29,0.467996168025748,-1.37880464238062,252.93094096007,0.893127770922852,1,2328.35092917731,17.5776282184257,237.085515467893,0.455695363942512,-2.34339294391357
182,467759.539200827,1127466.71984,140,117,0.809647649527989,-2.49337920655523,349.647315651338,0.65113743559903,0,1364.94206435485,23.0187527890735,48.9813164807987,0.89609083193198,0.125016015558235
183,518320.45718588,1340943.69071751,95,91,0.955541112906386,-1.53524814000264,286.48736199019,0.503497940038867,0,1128.22921162208,27.9447869932766,30.9683232683622,0.59732363855098,0.976028746633194
184,152166.69357559,525305.124657267,113,60,0.485351272955442,-0.983206901553896,249.863631022869,0.895615696430403,1,2268.5098014261,18.1868647304143,126.259583879996,0.131380424184832,-2.27546391236304
185,254811.775991878,794234.526853455,78,39,0.595186371917152,-1.89207155390621,300.353235578992,0.762315852045678,1,1947.01853013639,20.3879052607028,169.16232993352,0.537609271943678,-1.20339349610888
186,287123.220888874,1017838.64891802,171,101,0.668477240433304,-2.68902158054858,255.911693487587,0.618584962414111,0,1519.256156844,21.4912142855271,61.0027541812068,0.807595875245712,-0.312009503654889
187,366228.963638271,1228931.23148987,115,88,0.83149426588592,-2.62112616949149,346.918713127075,0.501007420194718,1,1094.11171835623,24.9801756833176,28.4825484531809,0.998976767063487,0.529498011023179
188,833800.250512423,967711.30932639,156,148,0.934543356036513,0.170089715897007,221.542742934945,0.647904534176701,0,1671.47877616319,22.2811000756257,195.51397837826,0.0784311667855001,-0.51183904026505
189,772553.500649945,1249185.29124004,193,189,0.99114064133336,1.52278201648493,340.837984298374,0.441576686563727,0,1226.68016730189,24.4037462101324,96.540222493268,0.0740949106762495,0.610239566575947
190,170717.407071255,609210.369594605,137,115,0.833547834254629,-0.0987632995097809,319.951282817816,0.862541967725519,0,2196.20580982139,21.0547253414929,123.719712726669,0.195391472689308,-1.94098084680274
191,402537.971737278,1467290.61374647,141,140,0.972029024083262,-1.47834384730925,196.87255830209,0.345157588628,1,914.223188088876,28.3976128181429,17.5508286901042,0.861453436171556,1.47970293494405
192,179625.300083799,891712.861618432,119,69,0.58364634947847,-2.19043165479631,258.51724851141,0.714390066619122,0,1848.56193308014,20.7344619200907,66.0202291045341,0.375806992992775,-0.814802148067973
193,663686.5602293,1368680.26337047,109,109,0.994865195440372,1.21851146096199,263.602765333115,0.423246192858396,0,1122.02538774817,27.6236773929498,18.2960198594106,0.183575730627977,1.08659887673681
194,345493.435088686,914781.78623943,65,58,0.889209434110393,-1.47236047474246,234.869806886164,0.719821265841333,0,1801.26479877629,23.0287738586548,89.4835198846564,0.896529766690944,-0.72283930793595
195,1054336.98011115,1421947.24239479,186,186,0.995316956904159,1.61275656657301,261.068895626233,0.42170216513626,1,965.774254549709,27.7192255300337,69.5073423357962,0.000292432652426459,1.2989443916149
196,121124.125229997,692870.856549908,105,87,0.81890141778007,-0.207155813140136,363.647470502055,0.846163859145024,0,2045.70912617442,20.3005992534451,95.9677652090411,0.143533213653574,-1.60747349378833
197,799046.593479285,982091.183951243,192,180,0.969091056556974,1.01238132802832,238.471135406799,0.640853154820199,1,1686.60178304412,22.9796729474068,100.320515594521,0.113627479632591,-0.45451456012694
198,-47001.7606089398,1142706.09309074,173,136,0.778266202218015,-1.90401423693118,343.812430079342,0.657255003118258,0,1427.83132586213,24.9597460585089,34.9262343372584,0.0689969331587696,0.185766833769101
199,638349.67273369,785214.897412543,60,56,0.853902368167886,-0.837623647589906,328.941285441429,0.835878585341007,0,2066.09538903058,20.0755304886268,165.569219964354,0.630276800681238,-1.23934969059788
200,207919.441904571,1356589.23402675,131,122,0.950894399086436,-1.39704175282923,252.313597971421,0.351906420757429,1,979.527745118568,26.0765119309846,20.4652196988545,0.807744192629542,1.03839873664204
201,265821.428936911,821905.289437615,179,74,0.523449811715241,-2.51980183305991,340.385645118455,0.747242681487349,0,1943.07004073986,20.4656799090182,221.498718812588,0.595006319691895,-1.09308571377116
202,385692.992523653,1047634.36592793,126,106,0.849040807557601,-2.25469590315535,261.159210248066,0.655658639518628,0,1568.78424534409,23.3842184269475,49.0536783806915,0.996835914655337,-0.193230722024689
203,396818.952438426,1407267.38892787,113,102,0.953115369507346,-2.01662835585802,251.567165182697,0.385275565663266,0,1141.50868178825,27.2183851970689,17.7707228300342,0.908282395644564,1.24042406439031
204,52015.8367158467,991000.753823368,136,96,0.639341266598225,-2.22605320483803,245.082669639952,0.725114212247361,0,1638.74430956294,23.4341524410725,43.8464881760221,0.144525554359572,-0.418997111296685
205,523190.976752942,1014754.29007199,67,54,0.78400335511255,-2.43759871772256,264.228795303253,0.742069512229332,0,1394.32644877903,23.6124816471799,76.8244204434519,0.821795966764084,-0.324305109285731
206,699184.348928018,811910.383659031,185,170,0.904974172837871,-0.152457350715504,332.856427937047,0.794594192537776,1,1930.14989340902,22.3242322050722,168.091331272117,0.415282464660291,-1.13292978701477
207,337259.407368223,1053245.13705039,190,161,0.841177907921029,-2.09661726515759,287.862798851107,0.617492436793152,1,1542.33196459898,24.0506881043727,66.3786796511592,0.94513237061666,-0.170863730228166
208,337708.26255949,795306.881759965,118,102,0.856987655067462,-1.2034877206842,336.055264893658,0.78629748322386,0,1840.54309050906,22.0072569879108,126.944894751864,0.8033321295234,-1.19911861964834
209,-6636.54391275591,1260356.19100545,140,121,0.881102813254734,-1.65622894397067,342.960350879308,0.560379457991561,0,1218.3124048346,26.5148828018915,11.44689815918,0.15139623936698,0.654771667058953
210,54100.9707241807,1110012.81907556,175,93,0.519045114242415,-3.01916491582003,304.387916446261,0.64208151689766,0,1485.05009168671,23.6678244707308,17.0865503050485,0.196456208017649,0.0554371204839759
211,338790.771177374,1231849.91536439,192,177,0.924782586208131,-1.88018974127759,375.95805379522,0.478394740677213,1,1506.76846830987,25.9538739342921,43.5962881694879,0.994982807312033,0.541133163634647
212,259531.016817701,968822.953696749,122,81,0.629384461946037,-2.63212153717301,223.030870182908,0.648177603879949,1,1692.64652447507,23.0942926258422,44.6485375278236,0.687165787077103,-0.507407538788732
213,324004.773635587,1153171.46625251,81,75,0.832371687451925,-2.60377495801745,320.249871557355,0.531393103398371,0,1342.00405188924,24.6640585776247,28.4420315221744,0.961323666998699,0.227486396115838
214,247761.932861833,1077736.5008555,200,94,0.461214186565175,-3.77773255045884,292.587408202993,0.564416068171121,0,1677.91948591646,23.0942137725266,74.0780514192006,0.730998364024424,-0.0732304243316951
215,284495.612376537,1226408.61941301,111,91,0.866079099916887,-2.52645804830459,372.13758478033,0.453780367078198,0,1283.1137964831,25.7689904006501,32.7448120642228,0.922159147679473,0.519441774117864
216,46368.3932008224,1506043.42146241,56,54,0.91697787969648,-2.2875480212709,211.431377727548,0.341497794083275,0,861.655900859522,28.1364545092539,7.81825564975783,0.406331738290687,1.63418860426754
217,57645.9415043248,1509909.55997093,71,59,0.894175098210654,-2.53821099969491,262.199455225826,0.33152526832237,0,822.861240352136,27.8401331313856,13.3315426048728,0.443152158508855,1.64960072613401
218,423329.725832878,578624.829406025,75,56,0.741922528482089,-1.16770440828416,288.457625814706,0.905351814846974,1,2168.11314032977,19.5807260714151,275.267282774394,0.894671291253492,-2.06290820964798
219,309343.12562058,1350742.89092703,137,127,0.951943093172644,-1.80978961058441,293.531062266342,0.368657251095406,1,1299.53095300868,27.3315919242242,34.7359838705332,0.994058657591595,1.01509265173909
220,293693.718667056,580346.831576273,68,30,0.42972376796018,-1.95991088645828,311.629621488751,0.868661249381056,1,2292.14015889247,19.5587422349823,130.604590792732,0.501523952633654,-2.05604355458099
221,341575.550317552,1002797.737583,147,127,0.816915682100582,-2.00700275065043,274.376261549277,0.657406366607227,0,1689.11134971711,20.9812423168074,51.2739914399224,0.931516032649132,-0.371969165722698
222,159367.235700929,940613.574904681,72,43,0.515747962777489,-2.66519350693016,221.255884832254,0.691357352136279,0,1728.68189277903,21.732490330579,64.673528797152,0.35101211514211,-0.619862481301197
223,482096.328982423,838541.399596659,141,114,0.748464874069367,-2.11995872489595,325.272583340131,0.828258510424365,1,1882.01807535375,22.1828710290649,76.05875519494,0.984161314176818,-1.0267668903275
224,209769.580446985,1456646.84037207,74,74,0.984356164857435,-0.864228966987511,228.519891709887,0.282549674965996,0,1044.09687074445,26.9969114101389,12.6260197334299,0.875328355116507,1.43727219119187
225,65850.7897008472,1317545.59679493,64,40,0.535878669634304,-3.65520055078922,324.251270226983,0.471915766027763,1,1208.30416541706,26.5337159374305,16.8739905010371,0.336453777257721,0.882753693454595
226,780037.101356744,985358.649765499,116,115,0.986456690138463,1.60675550772919,250.629338643221,0.64422099743306,0,1666.92541225523,23.0426076133621,141.058219152818,0.139072827200534,-0.441489009900824
227,-27080.478953671,1331981.34084655,106,80,0.744109990138627,-2.85078673237417,313.850713919704,0.509454741176275,0,1247.20081814276,27.2366740669573,15.2143304363679,0.145581251215589,0.940300893604425
228,441918.981856795,672204.709839933,117,102,0.874381732690332,-0.533823259128119,320.38260547895,0.882148465030239,1,2078.18201677663,19.2070581424465,209.843533203206,0.968850543796185,-1.68985780849993
229,812478.221717354,1102921.26353723,102,101,0.989454500125909,1.83533790811337,294.986622360764,0.545632407482967,1,1510.8918240019,24.0216757876813,157.404763855927,0.0689976280628497,0.0271670732679387
230,535681.548865146,988188.307013524,94,70,0.725726966371965,-2.65528121101355,272.229687761388,0.758443881504743,0,1578.77527600054,23.2004168423064,92.7460688467802,0.803938364586761,-0.430208756425477
231,407052.689476039,1170427.89715803,158,145,0.877858765355303,-2.29951218381424,351.581214501629,0.579479681318249,1,1523.02027693921,25.7588187825253,32.8333036054429,0.981572894856773,0.296278089820044
232,235162.876211289,686440.578610883,54,35,0.760028201496291,-0.835201160499729,338.113557129432,0.81866843997534,0,2183.00827982804,19.7753268348437,125.54536473422,0.397584473075041,-1.63310739878505
233,901127.169512766,1180119.34978922,140,137,0.980954541790744,1.08342967164049,338.991139852171,0.50419704336683,1,1237.79997840576,25.0696059622678,95.0418443899081,0.015229238908817,0.334912465874074
234,670746.248616627,1264867.9426282,116,113,0.967101148561095,-0.0967613586543931,372.529322430431,0.499810899869267,0,1247.22930573725,24.6076151493082,55.9795248640988,0.217196766226983,0.672757485644551
235,108569.36104699,889485.096602469,127,93,0.800087143358356,-1.14081646912022,275.360357347025,0.753473946237812,0,1832.27753293205,22.4472325354135,108.981604122146,0.202049255591465,-0.823682995414812
236,879696.656179357,1362294.8522718,170,168,0.998336840420387,2.73049810573716,270.601675329532,0.352955806626917,0,1167.21855828367,26.8183153414217,75.1862050563132,0.0108380785672129,1.06114383062209
237,755242.557454762,737474.824404766,182,155,0.819344527462696,-0.419512009517552,358.666400874198,0.807347577516896,1,2061.24978617266,20.9372895321752,275.267282774394,0.307406956358416,-1.42966253673329
238,150097.505799841,1209128.94171475,195,174,0.918453270399098,-1.31305246480074,371.211056163035,0.493529817934904,0,1306.65226566564,24.7978570693088,41.3963360129,0.512827694476762,0.450557408513254
239,958201.286387546,1448418.75255145,127,127,0.998736268443371,2.79432693330833,277.132830562305,0.336252456271283,1,912.008326497443,28.8594638679604,110.428229898598,0.00186754177666057,1.40447142837907
240,443439.886018991,866723.203026419,111,87,0.821736640239632,-1.91080447846024,266.427541882092,0.80165742131097,0,1844.16499553271,21.6020844283809,65.8287066083225,0.999990874782101,-0.914421875290084
241,203235.623525307,1127500.86736171,177,123,0.71621854036448,-2.74087137359723,315.388579410462,0.531379734324733,0,1333.06513222336,24.40979135543,27.4652423679164,0.624406547202455,0.125152142539973
242,321254.972398541,508209.409678444,175,93,0.454115998227342,-1.59646032989217,267.018931739772,0.898066537806144,1,2371.09488057008,18.0564193540276,200.86036052475,0.536057557018149,-2.34361492197313
243,800874.579349715,1162186.28559342,70,70,0.99234507273033,1.91484930150546,334.994899005533,0.50072825000048,1,1464.0379465768,25.3356024516284,80.9128902394802,0.0670567034411168,0.263423415438905
244,355836.588366345,1087347.54632942,58,53,0.87437548583075,-2.00843039292302,322.636884619165,0.604364468100593,0,1359.75017608225,23.2979493147784,45.4896868720504,0.981833811376878,-0.034916586433252
245,667124.242139631,771659.182333266,175,152,0.890739321082169,-0.241535020517258,368.663028825432,0.829723846231505,1,2027.79976436635,20.9276981499162,260.523088607165,0.546009691997421,-1.29338870971956
246,189799.167545625,1122669.36936604,86,61,0.738615765506227,-2.63281366545682,286.413164170255,0.54025622842232,0,1444.97854536996,24.7243848658485,21.8025295817149,0.576373215197669,0.105891674829646
247,72242.1603914757,1459581.48067343,184,173,0.921168707399664,-1.98928548787909,249.248508427799,0.357752454202306,0,938.954824380001,26.6262354723919,9.34687831411796,0.451861556901691,1.44897095311132
248,-56989.5268633027,1323302.60843932,159,117,0.785525855733505,-2.457701341588,289.132343944757,0.51870590148438,0,1218.66671317041,26.446434206615,10.8416597250915,0.101955933103072,0.905703664040115
249,83935.6612344608,792667.294464845,50,42,0.838632687455664,-0.341546899087218,307.427106487512,0.818300941494876,0,2025.82377840923,20.5008554226326,65.1834542015095,0.123394766218671,-1.20964117102097
250,970061.494081327,1363807.38027461,51,51,0.994968876993628,1.65942024481853,288.84029862447,0.407952467987682,1,1251.69971027994,27.8109822033252,54.6687821417201,0.00217433982795743,1.06717342988616
