"id","group","utm_x","utm_y","n_tested","n_pos","prevalence_true","S_shared","S_specific","elevation","ndvi","urban"
1,"children_u5",271193.402905763,646941.368291811,156,68,0.470161968880295,0.679613778118198,-0.021981709479129,326.091724331491,0.165517274988815,1
2,"children_u5",1031215.00470102,1072154.94388176,199,57,0.253348637766899,-0.0229200559279453,-0.324107946932888,403.479345026426,0.74408393772319,0
3,"children_u5",1028892.84516274,1232997.73869947,83,18,0.216461994719258,-0.600221460362505,-0.428476689123312,151.799019426107,0.548991765826941,1
4,"children_u5",861521.916884744,1114421.16655979,193,137,0.711624475954785,0.975565266886384,-0.235551682831486,58.529915404506,0.913114609429613,1
5,"children_u5",80788.0696817167,840085.906891361,76,45,0.491073540309016,0.655973033782091,-0.285841063563386,468.662392348051,0.736467543523759,1
6,"children_u5",541539.762753377,987225.323014343,117,61,0.552237703789113,1.41514621370754,-0.266203258199817,205.837964080274,0.296234535751864,0
7,"children_u5",-53110.9276822397,1237480.47345048,192,126,0.706522811554722,0.515367548661076,0.546356351770673,3.96229221951216,0.911993297515437,0
8,"children_u5",497462.94922635,730621.801919996,173,116,0.640995376164841,0.721045874067345,0.246767383650693,82.4513526167721,0.771472300169989,0
9,"children_u5",557280.92142395,1165020.02345132,62,54,0.872944645265266,2.07858830641056,0.226944464844542,9.90884040948004,0.701805955497548,0
10,"children_u5",850827.90187305,933136.217891216,176,91,0.519694002811042,0.906990221916277,0.364681008019485,456.262113759294,0.292675190139562,0
11,"children_u5",274878.501870888,1322589.2677405,174,119,0.72440716541558,0.976896579780356,0.144216320457662,60.6853631325066,0.562223934335634,1
12,"children_u5",224614.609142095,1190802.3133823,78,43,0.610778324716442,0.47976973579039,0.265286532864712,171.599529567175,0.974587006960064,0
13,"children_u5",545481.538996626,763868.713291981,91,63,0.634718564909983,0.998769066760901,-0.00531537534302484,448.980753775686,0.675600718474016,1
14,"children_u5",664999.664010252,574507.879619983,98,77,0.717576940400324,0.710789556223145,0.452848240059248,1.56630994752049,0.856002812739462,0
15,"children_u5",1048285.44742008,740265.836974478,81,38,0.414584268384915,-0.0176889035661133,0.542792740393802,376.317595830187,0.56240863003768,0
16,"children_u5",265992.775148953,605131.445021226,110,64,0.591499302197753,0.720948619560165,-0.114985483956031,343.706786981784,0.786567258415744,1
17,"children_u5",5996.87085786863,1489655.13689765,122,50,0.362139300608676,0.130369260219164,0.170322386244575,173.416889505461,0.340704743517563,0
18,"children_u5",127919.221321993,1220629.11488441,92,71,0.743099820776401,0.43578852207277,0.493926016558483,29.3207596987486,0.846387781435624,1
19,"children_u5",79742.0857812366,1224822.95375939,195,126,0.590780077815255,0.949618821040181,0.0196114368718551,307.269766461104,0.783589577069506,0
20,"children_u5",28086.5226403245,1356786.777411,53,18,0.317744377602791,0.290718022485216,0.0475741247524341,195.631915819831,0.10353620396927,0
21,"children_u5",137860.434155242,856782.067267079,118,58,0.59339577540871,0.884070508526955,0.0571656910544098,368.706925190054,0.894991136621684,0
22,"children_u5",863704.217247667,1514097.22360349,198,34,0.141928901449085,-0.526118658139204,-0.760543652295086,342.209362541325,0.921678832964972,0
23,"children_u5",739134.761226329,1489006.36009106,136,52,0.398022085505727,0.526827503048885,0.215943364564579,303.181815892458,0.162997428327799,0
24,"children_u5",931338.642419358,1314877.14903254,60,7,0.15030137927732,-0.0770073450027429,-1.16322212709795,106.566967675462,0.682841322850436,0
25,"children_u5",994502.03674746,1211487.62816026,157,34,0.195846654170539,-0.302430417993576,-0.338464335925319,403.12231099233,0.701732290675864,0
26,"children_u5",864200.080891915,1425454.8282898,112,18,0.191687953889609,-0.482951497343791,-0.358058207710922,64.2804862000048,0.0735675792675465,1
27,"children_u5",606551.39525661,797541.743059624,53,23,0.495469184691122,0.884473441553955,-0.189741754460435,39.2785894218832,0.362692383350804,0
28,"children_u5",339755.488860292,959996.581366572,128,74,0.603381853602487,0.750664271152253,0.442152332838065,364.885264541954,0.657383270328864,0
29,"children_u5",302577.497059912,1378430.52179464,70,42,0.590171972818672,0.388122891824682,0.308453525267342,36.6716765565798,0.338635119376704,1
30,"children_u5",456587.626340827,520040.616934734,95,53,0.461206675352945,0.00740273954936537,0.215140206141661,71.881941636093,0.770948003279045,0
31,"children_u5",-41316.6556365513,581930.073364825,74,10,0.161523116527987,-0.263171571982266,-0.298259057940694,219.124099588953,0.148462207056582,0
32,"children_u5",729375.789037122,1421515.74449622,174,64,0.380574966135515,0.884374873765518,-0.408970629521254,246.644704951905,0.315702172927558,0
33,"children_u5",615539.973207779,550207.708811349,98,52,0.510335545461518,0.675861006053788,0.190026037999812,177.146821748465,0.391786499414593,0
34,"children_u5",715053.977151406,469031.519756055,155,97,0.629324887885194,0.985413804856343,0.624800502146717,427.924574585631,0.385591039434075,0
35,"children_u5",367750.512937465,1421043.19280539,115,69,0.617033228690846,0.439209449409638,0.602615788401597,31.1015325132757,0.518056606641039,0
36,"children_u5",8940.04035620473,1525677.58614949,71,39,0.501826078033899,-0.0423249298697661,0.511248237365138,142.701227217913,0.756758071482182,0
37,"children_u5",740973.381751784,542096.292546772,195,144,0.707046978623233,1.4940595087133,0.38499591690317,170.213726349175,0.191381280776113,0
38,"children_u5",903064.528337666,1208060.9762082,144,26,0.154281650948995,-0.286546485140755,-0.600487230129069,230.784655665047,0.462679801974446,0
39,"children_u5",-131054.827686334,892710.159261241,106,27,0.248461191576862,0.0203468293037046,-0.203793361610306,472.135724965483,0.609717856394127,0
40,"children_u5",538806.588668148,664531.904646479,110,74,0.597791127354641,1.27026354988417,0.360307283685979,286.740574287251,0.0582662343513221,0
41,"children_u5",962461.182432275,1228277.42591233,153,28,0.202742121613652,-0.239346879829074,-0.446315717990536,69.6420550812036,0.428956999676302,0
42,"children_u5",1018105.41847205,1445399.43973527,95,18,0.178003827511754,-0.32230402513919,-0.00923363891967356,471.92649601493,0.303926082560793,0
43,"children_u5",369417.049177595,1175960.64288867,188,129,0.695409708130044,0.788035394640127,0.279073966775066,78.8838459411636,0.930342329200357,0
44,"children_u5",575251.225145918,1016395.18738873,64,39,0.635627410605144,1.74455589231944,-0.156268143676642,313.29217297025,0.312711158068851,0
45,"children_u5",400559.431454757,629889.640736908,186,110,0.537613829932428,-0.00866901191017137,0.42685276194138,7.71395768970251,0.82252257107757,0
46,"children_u5",959316.128376724,964939.802488535,103,43,0.401881264761921,-0.00214270698924428,-0.0479098392386962,198.667671182193,0.945652903290465,0
47,"children_u5",967103.928496768,695322.471017467,194,80,0.381497430116461,0.279354317730036,0.403003481621626,454.455429688096,0.321000442141667,0
48,"children_u5",568647.385557508,1324186.09658907,52,26,0.524303788013385,1.76319065634677,-0.615762661784386,418.531849863939,0.409328532638028,0
49,"children_u5",614989.232531492,583416.280779207,175,115,0.661338566203261,0.484280714197893,0.566858287356259,266.943531692959,0.983410615473986,0
50,"children_u5",558820.227826444,1263725.00927547,99,82,0.802700517487004,2.28947647999496,0.105100370950292,44.4859374547377,0.0590755401644856,0
51,"children_u5",845833.8864296,482737.298382727,84,57,0.695920774057785,0.89557426243869,0.763411743560462,278.824681299739,0.0530957996379584,1
52,"children_u5",488663.473955718,449364.37401848,181,57,0.300150524785326,-0.226015261193791,-0.00135302304708292,283.282501623034,0.737855119397864,0
53,"children_u5",-84924.5006274382,1553918.69339407,128,53,0.332228368645098,-0.363710273958141,0.0584908294512712,83.2633875543252,0.767065751133487,0
54,"children_u5",1037837.8088926,851780.911224674,127,55,0.452428162802109,0.551321325446989,-0.329935757047916,123.482223018073,0.345813318155706,1
55,"children_u5",247573.973659364,537588.703581604,109,14,0.16861681260714,0.00209613138552838,-0.196940946261551,483.609990449622,0.0922141780611128,0
56,"children_u5",474646.032935443,1536193.79224407,101,62,0.636874094207731,0.716271414579446,0.544019279991679,439.303608611226,0.823150304146111,0
57,"children_u5",172702.113067842,575818.395980225,73,20,0.260460968036641,0.158802452596841,-0.42061264905154,46.0195197956637,0.293617410119623,0
58,"children_u5",812833.829774562,971996.186595086,133,88,0.691460039525509,1.22402516739816,-0.0129040557408782,148.912866250612,0.827495277160779,0
59,"children_u5",232171.719999878,1032631.2513087,175,95,0.523388276867481,0.771762790274274,0.356121863063907,427.414447185583,0.436834693187848,0
60,"children_u5",-65541.9265807674,722792.222463086,195,65,0.32630923792348,0.342167498845684,-0.264258361231782,137.14676478412,0.371457717614248,0
61,"children_u5",29361.0328465481,1512292.52045781,134,58,0.415540887955991,0.00453481802807731,0.569706444852396,65.5564649496228,0.166899326024577,0
62,"children_u5",676721.120206988,1232061.54743161,63,40,0.622420956778598,1.70628935311612,-0.0192518950267083,316.794827813283,0.14399342238903,0
63,"children_u5",309872.669533051,1221420.1402661,86,48,0.541638737985451,0.12416145068771,0.589694319855432,285.918880486861,0.821116332430393,0
64,"children_u5",-41520.9007004718,1200745.68013945,117,33,0.295870499091614,0.00364081793758561,0.0902036954265941,243.332138867117,0.313830212922767,0
65,"children_u5",895128.836947822,1395192.63602203,155,24,0.134337260676039,-0.753371922105406,-0.893080659119045,65.2529721846804,0.94284852873534,0
66,"children_u5",832285.815377321,1227073.11846431,166,51,0.283674661433881,0.885995743582447,-1.14628860777606,482.65911755152,0.907383952988312,0
67,"children_u5",555089.749702409,612415.347258687,171,91,0.579907657593726,0.624227934197346,0.447621080474128,179.308302584104,0.477615130832419,0
68,"children_u5",270179.615410906,890497.434225739,102,53,0.546148126413395,0.709135002456107,0.22341047573282,474.628577940166,0.808002730365843,0
69,"children_u5",758231.214794778,908734.425607058,147,77,0.513753198316567,0.59122784591116,-0.134723622531567,255.319529445842,0.948713310994208,0
70,"children_u5",547592.431734243,937542.820987118,94,38,0.398602373260857,1.0370080199492,-0.484585231474442,381.337277707644,0.0195805851835757,1
71,"children_u5",647126.5753224,1183828.05723342,113,91,0.803544408633543,2.02894218446297,-0.226717053437781,18.6083427397534,0.694421396357939,0
72,"children_u5",425891.868690804,1540879.03443184,161,101,0.549855967370571,0.478380356259363,0.189855393896167,211.069332319312,0.381024827249348,1
73,"children_u5",422555.508693219,1207798.46136132,161,110,0.672549680691901,1.29229024165665,0.398467657646251,404.263188596815,0.0369388065300882,1
74,"children_u5",446556.29697306,795520.490633451,65,39,0.608658731664984,1.10183183603066,0.243783647526342,329.086111159995,0.0279426388442516,1
75,"children_u5",-120553.93793738,1029949.08739167,152,45,0.294500541425714,-0.085501011468319,-0.354753257602369,190.001965500414,0.396256746957079,1
76,"children_u5",526473.962195306,1130525.26771059,143,117,0.841050972308717,2.12743846792203,-0.00540912112077917,218.873852049001,0.847681335872039,0
77,"children_u5",1000700.41142033,1049737.71341714,131,48,0.316548229870104,0.276920679978012,-0.15504695397739,2.86543625406921,0.123679149663076,0
78,"children_u5",298812.789831204,995713.436687528,75,48,0.600456102118979,0.66657898244764,0.625840351722054,164.823409868404,0.3108555234503,0
79,"children_u5",368140.574129444,531659.318662954,89,46,0.406423827974689,0.05561648496592,0.225069924965014,221.43037605565,0.624416603241116,0
80,"children_u5",667200.034330044,946300.954393231,163,74,0.47225134992336,0.755809161376777,-0.168963438058796,8.33973230328411,0.344872494461015,0
81,"children_u5",330426.261906877,971912.231377642,175,127,0.634266117845026,0.708372408114483,0.47260597105103,455.334678874351,0.916576599236578,0
82,"children_u5",-138663.42123538,1454734.40921236,93,27,0.191795702107604,-0.100546685478182,-0.300280211854207,428.639119607396,0.43453544494696,0
83,"children_u5",42905.8876464882,1393305.31754827,188,80,0.418776242413734,-0.250778198707396,0.456780695671744,407.301719416864,0.526111293816939,1
84,"children_u5",-145501.704244354,1447746.12931641,185,26,0.142939962428457,-0.363529312078614,-0.381355182893302,459.333835286088,0.459038952831179,0
85,"children_u5",-46107.2921764752,1299815.42694921,182,128,0.671737303052772,0.373653527268939,0.669598617283752,54.9326074542478,0.364148461958393,1
86,"children_u5",982733.563875765,1132173.20871457,133,51,0.391830535485818,0.595135505756788,-0.325217838360764,487.052815617062,0.863901132717729,0
87,"children_u5",355166.786610699,1462913.55667444,68,27,0.38340826312474,0.121013518895607,0.408222479408847,87.5804024981335,0.0924863028340042,0
88,"children_u5",-64279.2983974851,1044991.44424781,154,38,0.196104022281036,-0.0521648833110132,-0.347516348844642,159.427140839398,0.164759708335623,0
89,"children_u5",12642.4505634492,781425.118905472,148,39,0.233320838775339,0.368607666212486,-0.58981171550868,494.227320421487,0.139752729097381,1
90,"children_u5",148731.632004548,455215.818952894,84,20,0.208147143196513,-1.09420212083044,0.0327508886598695,110.014374717139,0.483705853344873,1
91,"children_u5",-32281.290492513,1178346.94181715,142,22,0.246267723141082,-0.015330990078059,-0.0304725517807316,419.6450462332,0.385367336915806,0
92,"children_u5",-135417.420160331,1253296.89574402,180,106,0.568337881082855,0.680506598542665,0.10465230087479,294.434327515773,0.871498201042414,0
93,"children_u5",136465.968636965,1099631.04218667,198,108,0.526079902134763,0.333834839558523,0.198229457145262,84.4385945238173,0.729765185154974,0
94,"children_u5",1020990.35128067,1403026.92499344,145,22,0.140931756895466,-0.537895221909217,-0.248529048619381,145.956020220183,0.138675229623914,0
95,"children_u5",240874.458009408,585803.39734869,93,34,0.373974611834967,0.324341850579645,-0.398346678022573,203.924410510808,0.847473582020029,0
96,"children_u5",216299.313205912,1539924.45513602,176,90,0.43480576793024,0.646240134297588,0.0963734847242917,210.300728911534,0.228241205681115,0
97,"children_u5",-129115.453362191,1212446.69164489,183,73,0.485071575771446,0.332095550864868,0.379019984520126,228.971081087366,0.509026773041114,0
98,"children_u5",729976.268090051,1164156.58840549,111,40,0.392413183981686,0.736424200790025,-0.550362082574658,196.909847203642,0.637408869341016,0
99,"children_u5",382542.89215566,579105.484843422,109,31,0.329458856051291,0.00269787959081126,0.600281579414813,465.650708181784,0.168930737301707,0
100,"children_u5",353688.614221958,1458344.50523897,157,44,0.293329557359757,0.178386148688107,0.291904693344934,419.484963756986,0.077696050517261,0
101,"children_u5",581846.082086229,1215790.23718076,163,130,0.790210851325948,2.54205235322273,0.106017649180967,492.976446286775,0.190114757511765,0
102,"children_u5",517089.473497354,1294179.59005654,175,114,0.658182139504286,1.66900184681114,0.302248706741873,356.499966932461,0.0449478784576058,0
103,"children_u5",117600.701615349,1226639.32218789,124,76,0.639862941286141,0.59752849850047,0.41767015013519,28.8774548098445,0.209386808564886,1
104,"children_u5",658757.231653191,1500151.72501122,124,91,0.669836984897263,0.736967808026687,0.334674591684008,231.541843852028,0.963719225721434,0
105,"children_u5",378694.84944368,1198937.76813567,97,63,0.590176811146646,0.570406367192404,0.238259255556057,108.218852779828,0.293610646622255,1
106,"children_u5",232457.876794808,1111096.99578796,132,78,0.540571105553607,0.518107178743335,0.671331414337794,399.587698397227,0.414212338393554,0
107,"children_u5",555365.610787769,878186.055368805,150,88,0.59911715770363,1.09653597335109,0.167563338261799,267.078557168134,0.449741325108334,0
108,"children_u5",66864.1463628401,1235889.16668552,192,99,0.454649883899172,0.911616451994293,-0.00233574565026003,430.029316805303,0.376498048892245,0
109,"children_u5",943006.595153363,1500448.12365569,162,35,0.233187583127939,-0.55238258119315,-0.530677307075048,339.629631489515,0.924767247866839,1
110,"children_u5",645904.126394294,789163.981330379,176,102,0.574235959349519,0.502887200044758,-0.00453036497709126,29.8789029475302,0.478530179010704,1
111,"children_u5",370431.336971408,748229.282826831,187,113,0.657838268728051,0.525094140729479,0.348823270001982,34.2858787626028,0.904493392445147,0
112,"children_u5",831012.350994183,684031.552553941,96,75,0.720895871634495,1.12375121985277,0.461940737217879,299.379071453586,0.736218763282523,0
113,"children_u5",533566.562202453,464141.416212093,108,26,0.212922035318963,0.111762286048078,-0.0943091602910969,396.602960652672,0.079720658948645,0
114,"children_u5",-88608.2072996112,985497.551894798,162,77,0.416024856777914,0.374444629760196,-0.521458268364989,60.6696030590683,0.965077592292801,0
115,"children_u5",-80898.3871769615,1098419.03733734,124,43,0.36948413587173,-0.203037007860818,-0.117710082685892,167.545667500235,0.615402496885508,1
116,"children_u5",333639.776688728,907912.670302869,176,49,0.315113797072691,0.109917743502421,0.38954422390983,494.381181546487,0.242889278801158,0
117,"children_u5",242230.542810585,1441613.19224732,59,35,0.488162872380876,0.56081895265565,0.594552379008497,256.803714670241,0.0600833597127348,0
118,"children_u5",804480.150240378,1419655.84039522,128,30,0.267509196431765,-0.23303358430424,-0.0172481057980943,119.748704251833,0.403037281474099,0
119,"children_u5",-57433.7518765626,701551.246858245,184,92,0.438314739097155,0.0952246606530217,-0.238057218729081,211.620780755766,0.784943238366395,1
120,"children_u5",142906.395974448,1096119.85041684,123,83,0.634590130805163,0.457465080740272,0.398092506030903,47.4322254303843,0.382038125535473,1
121,"children_u5",643453.319998117,699032.030155794,54,44,0.805466946741596,1.21679494031055,0.34495768004519,340.320567949675,0.88820891850628,1
122,"children_u5",262134.733294513,1336947.52613703,154,84,0.556176734217579,0.909400605311593,0.270112429020416,225.692595820874,0.3020435993094,0
123,"children_u5",175364.824436595,1173967.87703638,135,45,0.382582570993479,0.576593584918679,0.358781945048535,463.47036503721,0.0549933284055442,0
124,"children_u5",-130251.989255456,1536543.87432286,173,47,0.262621356584037,-0.635668278756989,0.282776341948485,291.736315470189,0.680266683222726,0
125,"children_u5",881698.543783608,1187018.33498295,95,32,0.292845688279246,-0.0850197794334985,-0.473767739391978,38.0253326147795,0.7946775064338,0
126,"children_u5",796138.152566609,1086844.52303418,194,101,0.538776374187406,1.03595889252393,-0.328318337300566,357.37379512284,0.894612022908404,0
127,"children_u5",-89312.1371411819,1081015.26851699,138,68,0.43259378581669,0.264157080959248,-0.302747236712258,103.867904166691,0.96797970472835,0
128,"children_u5",986733.481853373,1167510.5227119,72,17,0.285171574420806,0.0756203689775562,-0.223730222796843,59.5660866238177,0.320804894901812,0
129,"children_u5",-68258.3548889044,470301.706786197,86,15,0.241711562051009,-0.285585648006182,-0.134178733365373,289.725859416649,0.629079472739249,0
130,"children_u5",435024.241444787,1007764.06329532,175,143,0.840714532379971,1.51300873964631,0.476514431421138,285.185050801374,0.621351175010204,1
131,"children_u5",-75640.753128403,1354507.5146745,78,43,0.61380942312881,0.178868529638954,0.420717186432796,342.04015485011,0.895342180971056,1
132,"children_u5",680886.089673702,603128.867082963,164,77,0.389509438768057,0.438362619739972,0.275600900668243,268.696142244153,0.11706431908533,0
133,"children_u5",788552.95711001,965732.596449077,199,108,0.608513395395602,0.879868886104679,-0.114342972323583,49.3800205877051,0.805468592792749,0
134,"children_u5",1042875.06100349,1232876.70679281,137,18,0.163514963675874,-0.508084631082126,-0.383111826176528,323.605050914921,0.647219314938411,0
135,"children_u5",1012298.73887364,984937.364753421,82,32,0.482227176302753,0.233137725892205,0.188942919899082,415.397389326245,0.580217205453664,1
136,"children_u5",858310.125505943,544823.745703193,153,49,0.340270528749065,0.624637332157939,0.0300970010037918,374.948605429381,0.0645837637130171,0
137,"children_u5",1019542.23305056,1254348.74793826,53,12,0.30740359175197,-0.32045705044635,-0.135893584005144,211.708769667894,0.950859414879233,0
138,"children_u5",124075.277614496,880005.386743145,77,21,0.266011659883978,0.538122927169858,-0.123385352779844,435.041850083508,0.00594586064107716,0
139,"children_u5",976871.761074468,1289997.52734172,156,13,0.0965024220262399,-0.757091521213792,-0.796847800425656,237.187580903992,0.616023977752775,0
140,"children_u5",-57144.8466980247,813861.004517638,127,37,0.363969153936778,0.886209708500409,-0.529931949707068,79.8806331586093,0.183805482462049,0
141,"children_u5",137040.656579691,1087680.77893379,146,50,0.432564324190892,0.578307609332465,0.28068907219992,231.043683132157,0.111834052251652,0
142,"children_u5",334081.073625456,1162430.12484638,200,130,0.682918137855395,0.894618488888674,0.651300574093347,263.597173732705,0.0943256951868534,1
143,"children_u5",628568.494297363,1501277.83544057,92,57,0.636624827543761,1.09450421713715,0.264665694923546,316.466385498643,0.575601282529533,0
144,"children_u5",-20721.663395079,1382142.08822289,74,25,0.383192382065251,0.145604363085417,-0.182281257200549,40.217622066848,0.667638343758881,0
145,"children_u5",623133.511084927,1168762.64747773,120,96,0.815954562131886,2.00450294425365,-0.0441918621128964,215.606696205214,0.827190679730847,0
146,"children_u5",986265.142261191,1415437.57608522,78,10,0.132592946321888,-0.433304673938273,-0.506410892120019,293.124020798132,0.394016782986,0
147,"children_u5",628693.651521005,445508.748288624,165,70,0.424830146092105,-0.273606435683693,0.343970350075584,131.443543126807,0.842337406938896,0
148,"children_u5",632801.605668395,1482488.0388299,68,48,0.758694356153178,1.16467753447006,0.156542026545654,353.963907924481,0.864754431881011,1
149,"children_u5",242034.558420944,1474125.89443725,182,97,0.492494754362618,0.338043362477227,0.681823199081607,249.556946451776,0.22185238590464,0
150,"children_u5",889807.881645559,1141921.46028448,116,62,0.492082695061572,0.808527719224398,-0.336905346390482,213.232429348864,0.344375766115263,1
151,"children_u5",469533.869205396,1227255.61599778,119,101,0.808371874922538,1.6293863790677,0.404225006908862,406.184489722364,0.902265169192106,0
152,"children_u5",461155.619153796,937692.20721826,166,103,0.659153512505658,0.989763528374087,0.243564189326774,93.2644597487524,0.577178893843666,0
153,"children_u5",705015.855942587,1268726.66463728,189,169,0.884029670451406,2.65732812887436,-0.402815389108399,7.35739339143038,0.426667667692527,1
154,"children_u5",675522.963626968,626473.020977349,63,28,0.513221912719324,0.540077497968273,0.234425809918378,134.411960374564,0.014231818029657,1
155,"children_u5",886045.910315069,1502771.4617749,57,15,0.188064616599552,-0.386993419121756,-0.836439043238748,109.716798411682,0.522793455515057,1
156,"children_u5",234259.273929405,527961.779071138,148,25,0.171140545321663,0.0812252660986235,-0.466795579622081,497.054158826359,0.338954432168975,0
157,"children_u5",55932.0878918611,1119722.10609137,188,95,0.530153520301656,0.451636575644547,0.220450422370805,52.4595930473879,0.556814686860889,0
158,"children_u5",307563.006207047,930935.78609092,192,113,0.568442286091035,0.529505929020978,0.0398743385191164,155.463175149634,0.512868269579485,1
159,"children_u5",5975.80663121823,1109743.39072976,123,39,0.368628414723908,-0.202773256811723,0.166843039946479,75.5646501202136,0.192654916783795,1
160,"children_u5",400123.107089191,628720.822698058,81,33,0.362317354669503,0.0299419407923721,0.451100021895971,464.935383410193,0.465081311529502,0
161,"children_u5",1037056.36963653,889283.768945761,127,23,0.167858811784413,0.187757512365785,-0.551729807904888,489.598318119533,0.280768566532061,0
162,"children_u5",-67129.9280933522,1027941.90729474,143,36,0.242891126645667,-0.101036727970506,-0.290372988688516,223.561098333448,0.0867522824555635,1
163,"children_u5",49269.6801085104,1210637.4216618,116,73,0.583514818957396,1.04603199227217,0.275655466748793,326.976223150268,0.380564145511016,0
164,"children_u5",395874.645666574,1039093.19452667,134,101,0.757549003113838,1.25964932859266,0.802528580030732,470.233573578298,0.163715861737728,1
165,"children_u5",325696.736362813,463404.13787184,86,37,0.274070854625139,-0.313053943383268,0.245222290996757,413.817864377052,0.563981965649873,0
166,"children_u5",815005.198504463,471411.994832685,195,138,0.716560685817251,1.53499972560246,-0.00947590741059233,27.2606506478041,0.0324463697616011,1
167,"children_u5",516749.564898914,603743.241186256,197,115,0.587900021698867,0.460686550429052,0.362135140010775,2.62050330638885,0.594544143881649,0
168,"children_u5",23199.258785693,1067502.19404524,188,90,0.469973312770491,0.181860208534232,0.0709356490396501,206.180919660255,0.481259572552517,1
169,"children_u5",353937.2293682,1300408.57169662,99,21,0.283073933004583,0.404849484265602,-0.226616079312255,361.23938660603,0.281934857368469,0
170,"children_u5",71903.0704368807,1518487.7276999,70,50,0.524231168145873,0.0209247091024538,0.437072305735869,238.833146519028,0.975374211557209,0
171,"children_u5",609660.366030563,1449455.62089447,142,107,0.724912854565548,1.43927129324018,0.186553253854344,331.767332856543,0.749895880930126,0
172,"children_u5",854069.107202535,661959.918687802,107,86,0.833756769409208,1.04105567945649,0.758141408314712,330.991681781597,0.826982611091807,1
173,"children_u5",-166341.959874423,460378.32224217,136,61,0.447747678075974,0.0854625347981057,0.441692630098679,256.806082441472,0.577639695489779,0
174,"children_u5",573985.633649184,1228130.60502259,105,90,0.81054161085628,2.31788160630781,0.274064022061433,370.737504796125,0.258139042183757,0
175,"children_u5",540355.581209018,1294999.13185095,113,91,0.849344874263361,1.7943636579836,0.0896679637517701,359.060662565753,0.893890075385571,1
176,"children_u5",948816.511937264,1193798.34478514,55,9,0.191685546842612,-0.504365307444808,-0.54340782295134,246.702407021075,0.950422924943268,0
177,"children_u5",881894.135828893,1546393.87575484,186,32,0.155208396646162,-1.14018101641609,-0.336513233759664,64.8540385300294,0.94136335933581,0
178,"children_u5",127894.623832636,1326827.67076538,116,78,0.625827072504925,1.05094373570751,-0.187170985695355,78.0615474795923,0.809605360962451,0
179,"children_u5",-120865.922509025,723691.900770239,130,60,0.451867185220999,0.629455393945755,-0.636250811271807,312.400241848081,0.806740375002846,1
180,"children_u5",532053.494467209,896390.753031232,175,116,0.636031014456774,1.33138319858878,-0.0427523543278472,64.4892585696653,0.371152313193306,0
181,"children_u5",926974.187595027,1168388.75393622,188,17,0.0669344356250885,-0.312852658157357,-1.05291589685814,334.082787274383,0.0723215986508876,0
182,"children_u5",287648.538596215,975908.413782953,62,46,0.707556775316262,0.727882795235015,0.702567372324363,177.445579669438,0.70060304668732,0
183,"children_u5",646992.832397308,498983.433151356,190,134,0.671328507066746,0.405136309077018,0.59340993344447,75.1761007122695,0.878699670545757,0
184,"children_u5",876785.953412873,1337738.15061248,114,26,0.199567774708893,0.498060514900102,-0.676908324697986,211.087765404955,0.00104179256595671,0
185,"children_u5",606065.21247096,1191023.34841789,126,97,0.811197040968526,2.02190870953416,-0.0614560894016179,32.9134963685647,0.589186594355851,0
186,"children_u5",1042841.43230312,1193965.50369178,93,12,0.139486851123691,-0.464339284671887,-0.672615481257579,314.914797432721,0.702567785512656,0
187,"children_u5",1019463.48051498,1287149.71743783,99,12,0.122136375118195,-0.620677064880543,-0.611827756427032,365.207225549966,0.694843376986682,0
188,"children_u5",580963.738732281,774191.270710169,95,52,0.505053822494125,0.772813812554056,0.0291228626550972,15.7922813668847,0.260079538449645,0
189,"children_u5",120579.978231462,1348768.90832431,109,46,0.547983606399635,0.992613987600251,0.246496537713895,420.034846523777,0.414945826865733,0
190,"children_u5",-123015.597707662,730805.50146215,66,9,0.238300861525383,0.557111931954599,-0.674980750116606,146.556578343734,0.113786388421431,0
191,"children_u5",681578.774559066,748196.808337575,98,58,0.622977721829041,0.855402623958465,-0.09932490474929,92.3254856606945,0.931615829002112,0
192,"children_u5",504176.026843191,792359.741064631,189,100,0.557194858689483,0.915255224383443,0.273133133624552,248.662813799456,0.322288509923965,0
193,"children_u5",-94744.1805107889,585481.261311427,138,16,0.156878225255559,-0.229633576458442,-0.197079958936757,390.214911894873,0.150318794185296,0
194,"children_u5",311574.705831106,1155947.59869161,152,98,0.592158573459757,0.698260185615711,0.708251740209083,296.61910305731,0.292225776007399,0
195,"children_u5",297193.864283449,673237.9072473,180,95,0.514383021207409,0.150822801682978,0.291365174696789,56.8438622867689,0.746893164003268,0
196,"children_u5",653373.307555286,1226828.80705928,90,65,0.771935695208585,1.85986619849493,0.0197229684115969,46.5224891668186,0.42911882745102,0
197,"children_u5",1701.1315697768,1273307.0968208,122,94,0.746548853947858,1.2346855416712,0.308754742227058,163.328379625455,0.777975630946457,0
198,"children_u5",467381.142613431,468768.313673206,70,10,0.147386506180698,-0.456915843837662,-0.106641425825469,230.838629766367,0.0434977761469781,0
199,"children_u5",459749.74568544,573582.415816744,62,34,0.459314000777849,0.184449760267336,0.420884140640755,277.594296378084,0.565728629939258,0
200,"children_u5",779504.29071743,522092.699113933,82,67,0.686927939217726,1.38550709100524,0.292453536905074,110.488011036068,0.242581541882828,0
201,"children_u5",1009104.8179568,1242217.76924721,167,20,0.157850690992961,-0.465510013368162,-0.278920256747689,85.3980289539322,0.172800629399717,0
202,"children_u5",781564.131723825,1103653.89608424,178,79,0.527759459477481,1.01656446266024,-0.349625439733892,199.323995737359,0.715041231131181,0
203,"children_u5",605253.485052266,620764.750760344,112,55,0.497664820132576,0.243533265162366,0.21088607532521,361.952768056653,0.997991822427139,0
204,"children_u5",854412.208206873,1348885.24791632,78,17,0.317575586887251,0.501271910989347,-0.683900617543161,145.753776887432,0.626051746075973,0
205,"children_u5",879136.334658924,595929.58628222,161,84,0.55391887968718,0.873338537899548,0.310481275926383,403.779023676179,0.484974044142291,0
206,"children_u5",860161.347286253,904370.742483023,91,45,0.447831393042247,0.475196138114878,0.545779484763481,477.306039188989,0.274326417827979,0
207,"children_u5",972791.831090719,982649.419090536,120,43,0.40495270744178,-0.102442208776829,0.218765395186862,349.566082120873,0.942635887302458,0
208,"children_u5",827352.115983895,1080878.5911431,126,60,0.516159633186618,0.837870942516351,-0.26664567621034,86.1684263218194,0.644004680681974,0
209,"children_u5",352850.84908125,1065469.70010535,147,107,0.651957388460004,1.01996393772815,0.659391566505424,53.3281397074461,0.00180768989957869,0
210,"children_u5",712779.133985432,1231785.78706909,120,84,0.722869588135719,1.81388313557909,-0.457845201477369,213.612609775737,0.462572565767914,1
211,"children_u5",527170.521258387,537528.781677846,113,50,0.513934330782457,-0.00973423851167135,0.464504579902118,222.701250109822,0.470758520299569,1
212,"children_u5",534938.728113258,936252.496103608,101,50,0.516468020253916,0.830816114973279,-0.464082489069873,103.003360214643,0.891295166453347,0
213,"children_u5",481805.275071019,1409884.5846098,194,105,0.499571127094077,1.02213810639353,0.116573236653848,408.664666349068,0.298042034730315,0
214,"children_u5",569928.091176043,697641.792963914,189,121,0.629987908587415,1.09378303189238,0.287685038004373,267.367491032928,0.464515958912671,0
215,"children_u5",208140.248244093,1510028.75447475,82,50,0.590813145313823,0.608096531124246,0.0665547584483038,204.881707555614,0.997287010308355,0
216,"children_u5",99150.5712135071,894790.112954644,106,43,0.451884921686024,-0.038695291244732,0.151267230953041,141.303794691339,0.928526825038716,0
217,"children_u5",495436.129565428,1499236.11419907,61,25,0.397473442533249,0.522377038502004,0.163573603978907,486.131936311722,0.426864079199731,0
218,"children_u5",1029039.71000713,1438041.1650273,65,14,0.219553109635381,-0.354440069914228,0.064884335781154,401.677167974412,0.0255115230102092,1
219,"children_u5",79193.8241710422,748166.348975662,153,37,0.272676428658814,0.263851537740378,-0.17082961137572,77.0484711974859,0.0032677089329809,0
220,"children_u5",679415.426488256,1353547.13314159,68,53,0.79116261911321,1.79110097857094,-0.0949606913043762,282.828663359396,0.576262269169092,1
221,"children_u5",726087.910016758,570674.925494607,169,128,0.787309423800179,0.993229389551085,0.518963574108683,195.446148514748,0.657817899016663,1
222,"children_u5",616982.71426757,1046092.54403096,75,38,0.593108114307744,1.51606135969084,-0.352669655975291,443.848461611196,0.285873271990567,1
223,"children_u5",427512.245202477,579719.064220916,55,17,0.369067932050025,0.071708806264241,0.219941410883987,29.76375434082,0.224328958895057,0
224,"children_u5",160921.204274691,796277.887475172,55,34,0.520056304541969,0.971720688298768,0.01446268445806,252.750166226178,0.385372312506661,0
225,"children_u5",1017078.28481345,565785.957088811,56,26,0.500083780037352,0.380220044442953,0.531383082859511,244.95257739909,0.370760633610189,0
226,"children_u5",421643.604363031,810487.534631124,132,58,0.453659416377879,0.155869225160024,0.293388840625761,311.147845699452,0.751104390481487,0
227,"children_u5",592018.624622834,468871.783970862,143,57,0.425294701586528,0.305235096015424,0.250395490130284,408.416054560803,0.613011586247012,0
228,"children_u5",667587.134644185,1025747.5904113,56,24,0.451228401628216,0.870615306442588,-0.279983090002406,369.031821028329,0.647434363141656,0
229,"children_u5",66199.8722678046,1235885.84680128,90,45,0.484845844994339,0.894090229116508,0.030602900939341,56.442866451107,0.0790161616168916,0
230,"children_u5",791495.022220577,542518.990737337,123,81,0.760332177997821,1.17359846408756,0.621341092182177,6.55293790623546,0.406794340116903,0
231,"children_u5",406611.885096292,1506289.54340924,66,45,0.645147156153295,0.383058604950827,0.0450189209068526,10.6369474669918,0.867038535885513,1
232,"children_u5",547493.466400631,1419793.78403118,51,36,0.629041611016133,1.51258174112321,-0.267952297315069,4.80309827253222,0.320312406634912,0
233,"children_u5",17700.0208287713,1248134.83573107,198,138,0.740404536570127,1.17252171940804,0.322780383067878,152.413062984124,0.783536843257025,0
234,"children_u5",333070.955690145,966841.259126317,62,36,0.596180509006312,0.770708504026598,0.450865752441169,277.225354453549,0.494696236681193,0
235,"children_u5",962029.425581076,600057.579909289,146,111,0.718534250166549,0.65484599091181,0.61892307945315,220.920979161747,0.982616124674678,0
236,"children_u5",682897.033397355,1315185.54783091,123,107,0.853949085587585,2.07942235420537,0.131591354681077,21.5950236888602,0.640552886994556,0
237,"children_u5",272193.547172096,1103709.82395162,185,136,0.676230891664827,0.771625700007554,0.639356386340308,156.026674900204,0.535053920932114,0
238,"children_u5",262877.484365839,1078385.10294306,63,49,0.673680675127562,0.758938395325098,0.804444753001799,349.52927113045,0.567806577309966,0
239,"children_u5",181638.483663595,577311.823952521,154,53,0.317169829141962,0.106368168129938,-0.36270908748982,183.828267967328,0.748178199399263,0
240,"children_u5",7124.61929898936,983837.766850618,126,24,0.201328602356173,-0.495945399489728,-0.150291500437763,330.985954846255,0.665790745988488,0
241,"children_u5",882939.875178628,1455067.94377558,154,28,0.173504810210647,-0.126504954522616,-0.593703072318358,358.609654125758,0.130921008065343,1
242,"children_u5",101094.200312516,1008941.7738292,133,26,0.191571685247176,0.22494063282225,-0.230623651007635,473.316557472572,0.0435218212660402,0
243,"children_u5",777640.971661634,544420.849799083,56,38,0.577987144351103,0.834632317515504,0.478300678052584,86.1492180265486,0.0974800800904632,0
244,"children_u5",207899.634361956,1047829.73715916,74,52,0.629070862946067,0.48315330351845,0.599931051056679,88.9521328499541,0.593445165781304,0
245,"children_u5",448274.820567518,856397.524090701,200,121,0.651593746393621,0.703451197787717,0.527124179543463,491.84928345494,0.985917767975479,0
246,"children_u5",281488.971757923,946405.318879836,76,36,0.50999964733117,0.796956568390225,0.391992604763758,353.504486498423,0.227288040798157,0
247,"children_u5",1006301.35079484,1102861.18785047,125,35,0.290962335767124,0.307200727820757,-0.619930713284412,131.39709411189,0.170458066510037,1
248,"children_u5",521019.338948151,879209.257407427,161,108,0.705167753592184,1.09418474180302,0.29324897528328,231.436372851022,0.795590933645144,0
249,"children_u5",388793.609745824,1183274.41325555,166,94,0.563535110114733,0.624598423707358,0.186013856490748,75.4692857153714,0.133754119742662,1
250,"children_u5",-126804.160321645,675936.351726762,74,26,0.28056777418901,0.170865221034468,0.0595094441282993,386.317342170514,0.238106295932084,0
1,"pregnant_women",271193.402905763,646941.368291811,22,15,0.657319502264159,0.679613778118198,0.41676919437287,326.091724331491,0.165517274988815,1
2,"pregnant_women",1031215.00470102,1072154.94388176,70,30,0.405154582940146,-0.0229200559279453,-0.0591881124324832,403.479345026426,0.74408393772319,0
3,"pregnant_women",1028892.84516274,1232997.73869947,72,28,0.366194355470892,-0.600221460362505,0.0887883050889705,151.799019426107,0.548991765826941,1
4,"pregnant_women",861521.916884744,1114421.16655979,23,21,0.836826811580953,0.975565266886384,0.366883429856592,58.529915404506,0.913114609429613,1
5,"pregnant_women",80788.0696817167,840085.906891361,26,16,0.567996353598587,0.655973033782091,-0.222889430343032,468.662392348051,0.736467543523759,1
6,"pregnant_women",541539.762753377,987225.323014343,69,54,0.791577119941477,1.41514621370754,0.376618199279326,205.837964080274,0.296234535751864,0
7,"pregnant_women",-53110.9276822397,1237480.47345048,53,15,0.404811357486192,0.515367548661076,-1.03605025007429,3.96229221951216,0.911993297515437,0
8,"pregnant_women",497462.94922635,730621.801919996,29,22,0.76548990093999,0.721045874067345,0.487901966841889,82.4513526167721,0.771472300169989,0
9,"pregnant_women",557280.92142395,1165020.02345132,28,26,0.918352716432338,2.07858830641056,0.358247586951162,9.90884040948004,0.701805955497548,0
10,"pregnant_women",850827.90187305,933136.217891216,41,17,0.388796009665233,0.906990221916277,-0.699229121199706,456.262113759294,0.292675190139562,0
11,"pregnant_women",274878.501870888,1322589.2677405,99,59,0.584241598532997,0.976896579780356,-0.681694775758785,60.6853631325066,0.562223934335634,1
12,"pregnant_women",224614.609142095,1190802.3133823,82,47,0.639505970174118,0.47976973579039,0.0485195438851796,171.599529567175,0.974587006960064,0
13,"pregnant_women",545481.538996626,763868.713291981,50,38,0.790897883515849,0.998769066760901,0.51784116654564,448.980753775686,0.675600718474016,1
14,"pregnant_women",664999.664010252,574507.879619983,52,27,0.662852432154888,0.710789556223145,-0.132706808994572,1.56630994752049,0.856002812739462,0
15,"pregnant_women",1048285.44742008,740265.836974478,63,21,0.321655371028917,-0.0176889035661133,-0.321117825829858,376.317595830187,0.56240863003768,0
16,"pregnant_women",265992.775148953,605131.445021226,64,44,0.724843469258829,0.720948619560165,0.272035317780281,343.706786981784,0.786567258415744,1
17,"pregnant_women",5996.87085786863,1489655.13689765,84,29,0.418994724688976,0.130369260219164,-0.0570305759951718,173.416889505461,0.340704743517563,0
18,"pregnant_women",127919.221321993,1220629.11488441,70,47,0.651724654661806,0.43578852207277,-0.0781745865498033,29.3207596987486,0.846387781435624,1
19,"pregnant_women",79742.0857812366,1224822.95375939,68,38,0.627109166021263,0.949618821040181,-0.232480784364506,307.269766461104,0.783589577069506,0
20,"pregnant_women",28086.5226403245,1356786.777411,51,20,0.443291096671031,0.290718022485216,0.065496336626422,195.631915819831,0.10353620396927,0
21,"pregnant_women",137860.434155242,856782.067267079,29,21,0.642176781466527,0.884070508526955,-0.130774199145856,368.706925190054,0.894991136621684,0
22,"pregnant_women",863704.217247667,1514097.22360349,50,19,0.368658303476526,-0.526118658139204,0.116733941429974,342.209362541325,0.921678832964972,0
23,"pregnant_women",739134.761226329,1489006.36009106,84,32,0.486475905195477,0.526827503048885,0.0475101724376104,303.181815892458,0.162997428327799,0
24,"pregnant_women",931338.642419358,1314877.14903254,94,50,0.467282287728297,-0.0770073450027429,0.0532138753442709,106.566967675462,0.682841322850436,0
25,"pregnant_women",994502.03674746,1211487.62816026,39,14,0.362413644630982,-0.302430417993576,0.0688121602609654,403.12231099233,0.701732290675864,0
26,"pregnant_women",864200.080891915,1425454.8282898,20,6,0.476247310033372,-0.482951497343791,0.687796251819955,64.2804862000048,0.0735675792675465,1
27,"pregnant_women",606551.39525661,797541.743059624,56,36,0.634326761215892,0.884473441553955,-0.0561111648757006,39.2785894218832,0.362692383350804,0
28,"pregnant_women",339755.488860292,959996.581366572,89,61,0.659312680389034,0.750664271152253,0.241308444955788,364.885264541954,0.657383270328864,0
29,"pregnant_women",302577.497059912,1378430.52179464,93,36,0.415328796398075,0.388122891824682,-0.637809291224001,36.6716765565798,0.338635119376704,1
30,"pregnant_women",456587.626340827,520040.616934734,80,42,0.560760649890365,0.00740273954936537,0.254688895760272,71.881941636093,0.770948003279045,0
31,"pregnant_women",-41316.6556365513,581930.073364825,93,18,0.261605156995037,-0.263171571982266,-0.203095059765134,219.124099588953,0.148462207056582,0
32,"pregnant_women",729375.789037122,1421515.74449622,32,17,0.610927522107342,0.884374873765518,0.0431620547731811,246.644704951905,0.315702172927558,0
33,"pregnant_women",615539.973207779,550207.708811349,60,44,0.682324712945356,0.675861006053788,0.456081813776646,177.146821748465,0.391786499414593,0
34,"pregnant_women",715053.977151406,469031.519756055,20,11,0.546460781492094,0.985413804856343,-0.226607076238731,427.924574585631,0.385591039434075,0
35,"pregnant_women",367750.512937465,1421043.19280539,49,19,0.430738640751009,0.439209449409638,-0.555806003357876,31.1015325132757,0.518056606641039,0
36,"pregnant_women",8940.04035620473,1525677.58614949,94,40,0.493479019924682,-0.0423249298697661,0.100669862259327,142.701227217913,0.756758071482182,0
37,"pregnant_women",740973.381751784,542096.292546772,69,49,0.737540205175453,1.4940595087133,0.0413672703150259,170.213726349175,0.191381280776113,0
38,"pregnant_women",903064.528337666,1208060.9762082,55,22,0.418359785706405,-0.286546485140755,0.3177880738785,230.784655665047,0.462679801974446,0
39,"pregnant_women",-131054.827686334,892710.159261241,91,31,0.221194841913647,0.0203468293037046,-0.828157694682061,472.135724965483,0.609717856394127,0
40,"pregnant_women",538806.588668148,664531.904646479,58,39,0.705106710880275,1.27026354988417,0.290078140706953,286.740574287251,0.0582662343513221,0
41,"pregnant_women",962461.182432275,1228277.42591233,39,16,0.389029041747276,-0.239346879829074,0.0433951958596862,69.6420550812036,0.428956999676302,0
42,"pregnant_women",1018105.41847205,1445399.43973527,92,24,0.222229242831187,-0.32230402513919,-0.265625385557506,471.92649601493,0.303926082560793,0
43,"pregnant_women",369417.049177595,1175960.64288867,34,22,0.684374836100377,0.788035394640127,-0.102217494126067,78.8838459411636,0.930342329200357,0
44,"pregnant_women",575251.225145918,1016395.18738873,33,27,0.8509699109802,1.74455589231944,0.529408580818224,313.29217297025,0.312711158068851,0
45,"pregnant_women",400559.431454757,629889.640736908,96,46,0.513021304316048,-0.00866901191017137,-0.0088286245995702,7.71395768970251,0.82252257107757,0
46,"pregnant_women",959316.128376724,964939.802488535,43,27,0.435433604062621,-0.00214270698924428,-0.260595858491483,198.667671182193,0.945652903290465,0
47,"pregnant_women",967103.928496768,695322.471017467,98,36,0.306647568470553,0.279354317730036,-0.456329609892533,454.455429688096,0.321000442141667,0
48,"pregnant_women",568647.385557508,1324186.09658907,21,12,0.676383411476485,1.76319065634677,-0.477694503606919,418.531849863939,0.409328532638028,0
49,"pregnant_women",614989.232531492,583416.280779207,82,50,0.612879686185364,0.484280714197893,0.000319793376454631,266.943531692959,0.983410615473986,0
50,"pregnant_women",558820.227826444,1263725.00927547,91,81,0.870723945550963,2.28947647999496,0.11213430391988,44.4859374547377,0.0590755401644856,0
51,"pregnant_women",845833.8864296,482737.298382727,70,43,0.657833633279352,0.89557426243869,0.243973414067176,278.824681299739,0.0530957996379584,1
52,"pregnant_women",488663.473955718,449364.37401848,39,12,0.448108202303928,-0.226015261193791,0.227825396770164,283.282501623034,0.737855119397864,0
53,"pregnant_women",-84924.5006274382,1553918.69339407,78,34,0.527176792748975,-0.363710273958141,0.502189371006351,83.2633875543252,0.767065751133487,0
54,"pregnant_women",1037837.8088926,851780.911224674,50,29,0.498564243967962,0.551321325446989,-0.400347909654614,123.482223018073,0.345813318155706,1
55,"pregnant_women",247573.973659364,537588.703581604,72,29,0.387199085485215,0.00209613138552838,0.361140819084644,483.609990449622,0.0922141780611128,0
56,"pregnant_women",474646.032935443,1536193.79224407,45,31,0.597819314360872,0.716271414579446,-0.0446466365998857,439.303608611226,0.823150304146111,0
57,"pregnant_women",172702.113067842,575818.395980225,28,17,0.517249017764777,0.158802452596841,0.241504437850362,46.0195197956637,0.293617410119623,0
58,"pregnant_women",812833.829774562,971996.186595086,47,29,0.603049485527274,1.22402516739816,-0.765953933733779,148.912866250612,0.827495277160779,0
59,"pregnant_women",232171.719999878,1032631.2513087,60,30,0.494550040284712,0.771762790274274,-0.257416220013523,427.414447185583,0.436834693187848,0
60,"pregnant_women",-65541.9265807674,722792.222463086,67,37,0.538267719916947,0.342167498845684,0.160900324926388,137.14676478412,0.371457717614248,0
61,"pregnant_women",29361.0328465481,1512292.52045781,36,8,0.316232063236664,0.00453481802807731,-0.340061439208923,65.5564649496228,0.166899326024577,0
62,"pregnant_women",676721.120206988,1232061.54743161,99,76,0.765006341736934,1.70628935311612,0.126676709441151,316.794827813283,0.14399342238903,0
63,"pregnant_women",309872.669533051,1221420.1402661,77,25,0.412451150785285,0.12416145068771,-0.324049392737201,285.918880486861,0.821116332430393,0
64,"pregnant_women",-41520.9007004718,1200745.68013945,61,15,0.238937546702728,0.00364081793758561,-0.687169470875253,243.332138867117,0.313830212922767,0
65,"pregnant_women",895128.836947822,1395192.63602203,27,9,0.284499334564417,-0.753371922105406,-0.276671284687918,65.2529721846804,0.94284852873534,0
66,"pregnant_women",832285.815377321,1227073.11846431,55,40,0.75630842364999,0.885995743582447,0.49750864976194,482.65911755152,0.907383952988312,0
67,"pregnant_women",555089.749702409,612415.347258687,92,58,0.653374477989919,0.624227934197346,0.318793544461819,179.308302584104,0.477615130832419,0
68,"pregnant_women",270179.615410906,890497.434225739,70,42,0.697407338549087,0.709135002456107,0.439948056141235,474.628577940166,0.808002730365843,0
69,"pregnant_women",758231.214794778,908734.425607058,35,19,0.575711861286731,0.59122784591116,-0.245877042202495,255.319529445842,0.948713310994208,0
70,"pregnant_women",547592.431734243,937542.820987118,95,69,0.691837163510432,1.0370080199492,0.363077674501969,381.337277707644,0.0195805851835757,1
71,"pregnant_women",647126.5753224,1183828.05723342,51,51,0.912852586331672,2.02894218446297,0.348822824340851,18.6083427397534,0.694421396357939,0
72,"pregnant_women",425891.868690804,1540879.03443184,68,35,0.557768096247729,0.478380356259363,-0.0441334052140953,211.069332319312,0.381024827249348,1
73,"pregnant_women",422555.508693219,1207798.46136132,52,36,0.714758358125129,1.29229024165665,0.223870982297274,404.263188596815,0.0369388065300882,1
74,"pregnant_women",446556.29697306,795520.490633451,42,35,0.788943060863511,1.10183183603066,0.760443406942649,329.086111159995,0.0279426388442516,1
75,"pregnant_women",-120553.93793738,1029949.08739167,49,12,0.336110661030414,-0.085501011468319,-0.420552162365627,190.001965500414,0.396256746957079,1
76,"pregnant_women",526473.962195306,1130525.26771059,99,92,0.871006449438408,2.12743846792203,-0.13582934739693,218.873852049001,0.847681335872039,0
77,"pregnant_women",1000700.41142033,1049737.71341714,62,29,0.468644763170097,0.276920679978012,0.0132105176263969,2.86543625406921,0.123679149663076,0
78,"pregnant_women",298812.789831204,995713.436687528,23,17,0.549225862168866,0.66657898244764,-0.0547757685861552,164.823409868404,0.3108555234503,0
79,"pregnant_women",368140.574129444,531659.318662954,52,20,0.451339060578941,0.05561648496592,-0.0108256060881638,221.43037605565,0.624416603241116,0
80,"pregnant_women",667200.034330044,946300.954393231,45,31,0.592933354426253,0.755809161376777,-0.114443036490325,8.33973230328411,0.344872494461015,0
81,"pregnant_women",330426.261906877,971912.231377642,30,21,0.693544863802891,0.708372408114483,0.331036274937294,455.334678874351,0.916576599236578,0
82,"pregnant_women",-138663.42123538,1454734.40921236,71,27,0.305165171194919,-0.100546685478182,-0.183537816296979,428.639119607396,0.43453544494696,0
83,"pregnant_women",42905.8876464882,1393305.31754827,24,11,0.363630144303395,-0.250778198707396,-0.0513009958680804,407.301719416864,0.526111293816939,1
84,"pregnant_women",-145501.704244354,1447746.12931641,35,12,0.253164982101349,-0.363529312078614,-0.17213380847264,459.333835286088,0.459038952831179,0
85,"pregnant_women",-46107.2921764752,1299815.42694921,100,47,0.43113281258613,0.373653527268939,-0.561842165034932,54.9326074542478,0.364148461958393,1
86,"pregnant_women",982733.563875765,1132173.20871457,63,36,0.566036179191693,0.595135505756788,-0.0445272176045787,487.052815617062,0.863901132717729,0
87,"pregnant_women",355166.786610699,1462913.55667444,31,10,0.342233023269238,0.121013518895607,-0.269048479142883,87.5804024981335,0.0924863028340042,0
88,"pregnant_women",-64279.2983974851,1044991.44424781,40,9,0.357780339075128,-0.0521648833110132,-0.0206363759131417,159.427140839398,0.164759708335623,0
89,"pregnant_women",12642.4505634492,781425.118905472,22,6,0.319929782212532,0.368607666212486,-0.525147233405157,494.227320421487,0.139752729097381,1
90,"pregnant_women",148731.632004548,455215.818952894,55,14,0.222729317361263,-1.09420212083044,-0.106211924655358,110.014374717139,0.483705853344873,1
91,"pregnant_women",-32281.290492513,1178346.94181715,58,22,0.278409798698061,-0.015330990078059,-0.371073373991833,419.6450462332,0.385367336915806,0
92,"pregnant_women",-135417.420160331,1253296.89574402,69,23,0.345174794151605,0.680506598542665,-1.19532527753849,294.434327515773,0.871498201042414,0
93,"pregnant_women",136465.968636965,1099631.04218667,41,18,0.471154649918746,0.333834839558523,-0.392629254873747,84.4385945238173,0.729765185154974,0
94,"pregnant_women",1020990.35128067,1403026.92499344,55,10,0.177733833344343,-0.537895221909217,-0.474189656114058,145.956020220183,0.138675229623914,0
95,"pregnant_women",240874.458009408,585803.39734869,45,34,0.639233038034245,0.324341850579645,0.31760303490329,203.924410510808,0.847473582020029,0
96,"pregnant_women",216299.313205912,1539924.45513602,53,20,0.458099384977166,0.646240134297588,-0.305764854314129,210.300728911534,0.228241205681115,0
97,"pregnant_women",-129115.453362191,1212446.69164489,58,22,0.316512697605634,0.332095550864868,-0.77508214618769,228.971081087366,0.509026773041114,0
98,"pregnant_women",729976.268090051,1164156.58840549,47,32,0.669261139292891,0.736424200790025,0.1797626716004,196.909847203642,0.637408869341016,0
99,"pregnant_women",382542.89215566,579105.484843422,94,30,0.306540342581067,0.00269787959081126,-0.0647725246442248,465.650708181784,0.168930737301707,0
100,"pregnant_women",353688.614221958,1458344.50523897,24,9,0.288797547479594,0.178386148688107,-0.298416630788175,419.484963756986,0.077696050517261,0
101,"pregnant_women",581846.082086229,1215790.23718076,56,52,0.890929064051559,2.54205235322273,0.319514824914898,492.976446286775,0.190114757511765,0
102,"pregnant_women",517089.473497354,1294179.59005654,33,23,0.72030449361315,1.66900184681114,0.0307071079732763,356.499966932461,0.0449478784576058,0
103,"pregnant_women",117600.701615349,1226639.32218789,50,24,0.586803032267762,0.59752849850047,-0.0702324856483484,28.8774548098445,0.209386808564886,1
104,"pregnant_women",658757.231653191,1500151.72501122,96,66,0.630477059314456,0.736967808026687,-0.19207384533021,231.541843852028,0.963719225721434,0
105,"pregnant_women",378694.84944368,1198937.76813567,47,29,0.545810162866883,0.570406367192404,-0.205602763482113,108.218852779828,0.293610646622255,1
106,"pregnant_women",232457.876794808,1111096.99578796,43,32,0.543405922332321,0.518107178743335,0.185676175185543,399.587698397227,0.414212338393554,0
107,"pregnant_women",555365.610787769,878186.055368805,98,57,0.685560254814125,1.09653597335109,0.0817518704686194,267.078557168134,0.449741325108334,0
108,"pregnant_women",66864.1463628401,1235889.16668552,66,34,0.553427241483585,0.911616451994293,-0.116613681012747,430.029316805303,0.376498048892245,0
109,"pregnant_women",943006.595153363,1500448.12365569,58,16,0.339941365504356,-0.55238258119315,-0.186806310002075,339.629631489515,0.924767247866839,1
110,"pregnant_women",645904.126394294,789163.981330379,22,14,0.57528977818001,0.502887200044758,-0.210488432451062,29.8789029475302,0.478530179010704,1
111,"pregnant_women",370431.336971408,748229.282826831,63,48,0.756835870069925,0.525094140729479,0.504598954060173,34.2858787626028,0.904493392445147,0
112,"pregnant_women",831012.350994183,684031.552553941,58,40,0.672939782691626,1.12375121985277,-0.178089552020986,299.379071453586,0.736218763282523,0
113,"pregnant_women",533566.562202453,464141.416212093,44,25,0.488746089463983,0.111762286048078,0.604692375082904,396.602960652672,0.079720658948645,0
114,"pregnant_women",-88608.2072996112,985497.551894798,70,39,0.53348216157322,0.374444629760196,-0.367333886749673,60.6696030590683,0.965077592292801,0
115,"pregnant_women",-80898.3871769615,1098419.03733734,55,27,0.454094821187461,-0.203037007860818,0.0221525320311023,167.545667500235,0.615402496885508,1
116,"pregnant_women",333639.776688728,907912.670302869,85,34,0.390974142402431,0.109917743502421,0.172345406491572,494.381181546487,0.242889278801158,0
117,"pregnant_women",242230.542810585,1441613.19224732,95,31,0.375234465593904,0.56081895265565,-0.407259694947985,256.803714670241,0.0600833597127348,0
118,"pregnant_women",804480.150240378,1419655.84039522,28,14,0.513316187188672,-0.23303358430424,0.599983798057303,119.748704251833,0.403037281474099,0
119,"pregnant_women",-57433.7518765626,701551.246858245,86,64,0.626191731056296,0.0952246606530217,0.340525284862313,211.620780755766,0.784943238366395,1
120,"pregnant_women",142906.395974448,1096119.85041684,69,28,0.533844131016443,0.457465080740272,-0.251362142397024,47.4322254303843,0.382038125535473,1
121,"pregnant_women",643453.319998117,699032.030155794,95,71,0.729461496151445,1.21679494031055,-0.274392574889421,340.320567949675,0.88820891850628,1
122,"pregnant_women",262134.733294513,1336947.52613703,71,35,0.459562941104941,0.909400605311593,-0.602379318899407,225.692595820874,0.3020435993094,0
123,"pregnant_women",175364.824436595,1173967.87703638,29,8,0.508608141535213,0.576593584918679,0.290123345915349,463.47036503721,0.0549933284055442,0
124,"pregnant_women",-130251.989255456,1536543.87432286,61,29,0.40548926900297,-0.635668278756989,0.510226296039194,291.736315470189,0.680266683222726,0
125,"pregnant_women",881698.543783608,1187018.33498295,75,38,0.599595727043995,-0.0850197794334985,0.462946711778058,38.0253326147795,0.7946775064338,0
126,"pregnant_women",796138.152566609,1086844.52303418,86,70,0.755918342369622,1.03595889252393,0.254142253419792,357.37379512284,0.894612022908404,0
127,"pregnant_women",-89312.1371411819,1081015.26851699,39,23,0.616237463091534,0.264157080959248,0.114959862510441,103.867904166691,0.96797970472835,0
128,"pregnant_women",986733.481853373,1167510.5227119,52,23,0.503648749646117,0.0756203689775562,0.262064331561207,59.5660866238177,0.320804894901812,0
129,"pregnant_women",-68258.3548889044,470301.706786197,89,22,0.223905459718364,-0.285585648006182,-0.666039730464226,289.725859416649,0.629079472739249,0
130,"pregnant_women",435024.241444787,1007764.06329532,72,61,0.844097523975467,1.51300873964631,0.269230858071613,285.185050801374,0.621351175010204,1
131,"pregnant_women",-75640.753128403,1354507.5146745,59,31,0.584417039842096,0.178868529638954,0.108956647051537,342.04015485011,0.895342180971056,1
132,"pregnant_women",680886.089673702,603128.867082963,36,18,0.438990098395873,0.438362619739972,-0.0506124266756371,268.696142244153,0.11706431908533,0
133,"pregnant_women",788552.95711001,965732.596449077,69,35,0.545236885443934,0.879868886104679,-0.72274918819756,49.3800205877051,0.805468592792749,0
134,"pregnant_women",1042875.06100349,1232876.70679281,95,23,0.261771315855094,-0.508084631082126,-0.222867212992006,323.605050914921,0.647219314938411,0
135,"pregnant_women",1012298.73887364,984937.364753421,72,31,0.461334221098997,0.233137725892205,-0.161944388725335,415.397389326245,0.580217205453664,1
136,"pregnant_women",858310.125505943,544823.745703193,42,19,0.530903293261147,0.624637332157939,0.253883855395566,374.948605429381,0.0645837637130171,0
137,"pregnant_women",1019542.23305056,1254348.74793826,56,29,0.456643052607275,-0.32045705044635,0.150358029315889,211.708769667894,0.950859414879233,0
138,"pregnant_women",124075.277614496,880005.386743145,23,9,0.32878707728895,0.538122927169858,-0.407927597904173,435.041850083508,0.00594586064107716,0
139,"pregnant_women",976871.761074468,1289997.52734172,76,19,0.238351746909262,-0.757091521213792,-0.146112526684055,237.187580903992,0.616023977752775,0
140,"pregnant_women",-57144.8466980247,813861.004517638,78,34,0.444118106540326,0.886209708500409,-0.675434356767276,79.8806331586093,0.183805482462049,0
141,"pregnant_women",137040.656579691,1087680.77893379,100,48,0.369752374351868,0.578307609332465,-0.505035775069948,231.043683132157,0.111834052251652,0
142,"pregnant_women",334081.073625456,1162430.12484638,100,50,0.553814376946469,0.894618488888674,-0.233674226216626,263.597173732705,0.0943256951868534,1
143,"pregnant_women",628568.494297363,1501277.83544057,100,66,0.621957574956664,1.09450421713715,-0.246386548447159,316.466385498643,0.575601282529533,0
144,"pregnant_women",-20721.663395079,1382142.08822289,77,54,0.569121632112059,0.145604363085417,0.197491228716252,40.217622066848,0.667638343758881,0
145,"pregnant_women",623133.511084927,1168762.64747773,51,43,0.893221138590758,2.00450294425365,0.21302314266252,215.606696205214,0.827190679730847,0
146,"pregnant_women",986265.142261191,1415437.57608522,21,2,0.168014498220318,-0.433304673938273,-0.707772597827042,293.124020798132,0.394016782986,0
147,"pregnant_women",628693.651521005,445508.748288624,27,11,0.347197925599562,-0.273606435683693,-0.342253887900978,131.443543126807,0.842337406938896,0
148,"pregnant_women",632801.605668395,1482488.0388299,71,54,0.728623149882365,1.16467753447006,-0.199186299018791,353.963907924481,0.864754431881011,1
149,"pregnant_women",242034.558420944,1474125.89443725,52,19,0.361522287013393,0.338043362477227,-0.362457553857024,249.556946451776,0.22185238590464,0
150,"pregnant_women",889807.881645559,1141921.46028448,90,72,0.77691036847463,0.808527719224398,0.668746550001957,213.232429348864,0.344375766115263,1
151,"pregnant_women",469533.869205396,1227255.61599778,95,81,0.828184621402545,1.6293863790677,0.136791176433693,406.184489722364,0.902265169192106,0
152,"pregnant_women",461155.619153796,937692.20721826,33,23,0.776891215548987,0.989763528374087,0.428463673408206,93.2644597487524,0.577178893843666,0
153,"pregnant_women",705015.855942587,1268726.66463728,24,23,0.962523469710503,2.65732812887436,0.595733990335324,7.35739339143038,0.426667667692527,1
154,"pregnant_women",675522.963626968,626473.020977349,93,50,0.537580173549394,0.540077497968273,0.00809451297003541,134.411960374564,0.014231818029657,1
155,"pregnant_women",886045.910315069,1502771.4617749,89,42,0.505431301204383,-0.386993419121756,0.430537498365301,109.716798411682,0.522793455515057,1
156,"pregnant_women",234259.273929405,527961.779071138,55,28,0.470391529842295,0.0812252660986235,0.460577350583741,497.054158826359,0.338954432168975,0
157,"pregnant_women",55932.0878918611,1119722.10609137,87,38,0.483433145806624,0.451636575644547,-0.365730865167577,52.4595930473879,0.556814686860889,0
158,"pregnant_women",307563.006207047,930935.78609092,73,58,0.724133914404884,0.529505929020978,0.500917611470789,155.463175149634,0.512868269579485,1
159,"pregnant_women",5975.80663121823,1109743.39072976,65,19,0.30336051176044,-0.202773256811723,-0.402979602234934,75.5646501202136,0.192654916783795,1
160,"pregnant_women",400123.107089191,628720.822698058,89,35,0.351020443721861,0.0299419407923721,-0.0981073020094005,464.935383410193,0.465081311529502,0
161,"pregnant_women",1037056.36963653,889283.768945761,89,27,0.341367017390233,0.187757512365785,-0.149825107189252,489.598318119533,0.280768566532061,0
162,"pregnant_women",-67129.9280933522,1027941.90729474,24,8,0.323418935912466,-0.101036727970506,-0.218944762138283,223.561098333448,0.0867522824555635,1
163,"pregnant_women",49269.6801085104,1210637.4216618,41,21,0.551192840398179,1.04603199227217,-0.345354491960767,326.976223150268,0.380564145511016,0
164,"pregnant_women",395874.645666574,1039093.19452667,45,26,0.659736727973398,1.25964932859266,-0.0359423619783402,470.233573578298,0.163715861737728,1
165,"pregnant_women",325696.736362813,463404.13787184,70,26,0.328484753722491,-0.313053943383268,0.0342745634619612,413.817864377052,0.563981965649873,0
166,"pregnant_women",815005.198504463,471411.994832685,63,55,0.84148843375589,1.53499972560246,0.433441041021226,27.2606506478041,0.0324463697616011,1
167,"pregnant_women",516749.564898914,603743.241186256,85,64,0.750935074293204,0.460686550429052,0.728834538899692,2.62050330638885,0.594544143881649,0
168,"pregnant_women",23199.258785693,1067502.19404524,70,41,0.473674180505919,0.181860208534232,-0.159197920819473,206.180919660255,0.481259572552517,1
169,"pregnant_women",353937.2293682,1300408.57169662,98,27,0.243863530205293,0.404849484265602,-0.944825484240797,361.23938660603,0.281934857368469,0
170,"pregnant_women",71903.0704368807,1518487.7276999,71,27,0.403644597053556,0.0209247091024538,-0.402922162461295,238.833146519028,0.975374211557209,0
171,"pregnant_women",609660.366030563,1449455.62089447,28,20,0.671299933197638,1.43927129324018,-0.48471419607543,331.767332856543,0.749895880930126,0
172,"pregnant_women",854069.107202535,661959.918687802,92,74,0.805442059004909,1.04105567945649,0.365511090678052,330.991681781597,0.826982611091807,1
173,"pregnant_women",-166341.959874423,460378.32224217,48,23,0.340999430522711,0.0854625347981057,-0.443209047082863,256.806082441472,0.577639695489779,0
174,"pregnant_women",573985.633649184,1228130.60502259,84,71,0.860249759001735,2.31788160630781,0.11537699599955,370.737504796125,0.258139042183757,0
175,"pregnant_women",540355.581209018,1294999.13185095,98,74,0.806936005885823,1.7943636579836,-0.402615524020605,359.060662565753,0.893890075385571,1
176,"pregnant_women",948816.511937264,1193798.34478514,25,9,0.411702685265432,-0.504365307444808,0.179500179328973,246.702407021075,0.950422924943268,0
177,"pregnant_women",881894.135828893,1546393.87575484,81,29,0.278531132085237,-1.14018101641609,0.0813505055214328,64.8540385300294,0.94136335933581,0
178,"pregnant_women",127894.623832636,1326827.67076538,58,47,0.794918308241775,1.05094373570751,0.299612705906941,78.0615474795923,0.809605360962451,0
179,"pregnant_women",-120865.922509025,723691.900770239,58,44,0.718752002177938,0.629455393945755,0.294026080138867,312.400241848081,0.806740375002846,1
180,"pregnant_women",532053.494467209,896390.753031232,44,30,0.704686285547576,1.33138319858878,-0.169883922341315,64.4892585696653,0.371152313193306,0
181,"pregnant_women",926974.187595027,1168388.75393622,52,17,0.346199928826771,-0.312852658157357,0.393708602928227,334.082787274383,0.0723215986508876,0
182,"pregnant_women",287648.538596215,975908.413782953,82,56,0.613624219357242,0.727882795235015,-0.113776164863262,177.445579669438,0.70060304668732,0
183,"pregnant_women",646992.832397308,498983.433151356,31,18,0.62239294789945,0.405136309077018,0.0396323342043249,75.1761007122695,0.878699670545757,0
184,"pregnant_women",876785.953412873,1337738.15061248,78,48,0.597963937718393,0.498060514900102,0.567069098177422,211.087765404955,0.00104179256595671,0
185,"pregnant_women",606065.21247096,1191023.34841789,84,71,0.892891683858781,2.02190870953416,0.212616127543667,32.9134963685647,0.589186594355851,0
186,"pregnant_women",1042841.43230312,1193965.50369178,54,10,0.186918659015918,-0.464339284671887,-0.745683938495339,314.914797432721,0.702567785512656,0
187,"pregnant_women",1019463.48051498,1287149.71743783,87,15,0.280920144073568,-0.620677064880543,-0.0134494912361454,365.207225549966,0.694843376986682,0
188,"pregnant_women",580963.738732281,774191.270710169,67,42,0.649011968104763,0.772813812554056,0.172463367278169,15.7922813668847,0.260079538449645,0
189,"pregnant_women",120579.978231462,1348768.90832431,61,36,0.704608381539949,0.992613987600251,0.422291975939994,420.034846523777,0.414945826865733,0
190,"pregnant_women",-123015.597707662,730805.50146215,32,18,0.552310355800619,0.557111931954599,0.190492752011298,146.556578343734,0.113786388421431,0
191,"pregnant_women",681578.774559066,748196.808337575,41,29,0.675690563440899,0.855402623958465,-0.199636202005012,92.3254856606945,0.931615829002112,0
192,"pregnant_women",504176.026843191,792359.741064631,74,60,0.718188448266407,0.915255224383443,0.493566475795309,248.662813799456,0.322288509923965,0
193,"pregnant_women",-94744.1805107889,585481.261311427,57,17,0.253156767770976,-0.229633576458442,-0.14526401762547,390.214911894873,0.150318794185296,0
194,"pregnant_women",311574.705831106,1155947.59869161,44,29,0.55659630032519,0.698260185615711,0.061836614752372,296.61910305731,0.292225776007399,0
195,"pregnant_women",297193.864283449,673237.9072473,96,56,0.598047063706907,0.150822801682978,0.269161518181407,56.8438622867689,0.746893164003268,0
196,"pregnant_women",653373.307555286,1226828.80705928,56,47,0.841005771743804,1.85986619849493,0.0426992352397408,46.5224891668186,0.42911882745102,0
197,"pregnant_women",1701.1315697768,1273307.0968208,78,57,0.697062792556672,1.2346855416712,-0.315255831051699,163.328379625455,0.777975630946457,0
198,"pregnant_women",467381.142613431,468768.313673206,41,12,0.31033256166823,-0.456915843837662,0.312573298412639,230.838629766367,0.0434977761469781,0
199,"pregnant_women",459749.74568544,573582.415816744,84,40,0.507818808502614,0.184449760267336,0.172893419559339,277.594296378084,0.565728629939258,0
200,"pregnant_women",779504.29071743,522092.699113933,100,74,0.775871933718985,1.38550709100524,0.27484609825029,110.488011036068,0.242581541882828,0
201,"pregnant_women",1009104.8179568,1242217.76924721,28,11,0.315289448872977,-0.465510013368162,0.137362902309243,85.3980289539322,0.172800629399717,0
202,"pregnant_women",781564.131723825,1103653.89608424,85,66,0.792661911413764,1.01656446266024,0.483411922533506,199.323995737359,0.715041231131181,0
203,"pregnant_women",605253.485052266,620764.750760344,75,36,0.57407560626424,0.243533265162366,0.145933928435326,361.952768056653,0.997991822427139,0
204,"pregnant_women",854412.208206873,1348885.24791632,80,66,0.772470480626534,0.501271910989347,0.899408698066755,145.753776887432,0.626051746075973,0
205,"pregnant_women",879136.334658924,595929.58628222,20,5,0.627390509721289,0.873338537899548,0.131241091159542,403.779023676179,0.484974044142291,0
206,"pregnant_women",860161.347286253,904370.742483023,51,11,0.290698845260816,0.475196138114878,-0.677372160162348,477.306039188989,0.274326417827979,0
207,"pregnant_women",972791.831090719,982649.419090536,94,34,0.36366606157045,-0.102442208776829,-0.337237499318505,349.566082120873,0.942635887302458,0
208,"pregnant_women",827352.115983895,1080878.5911431,79,47,0.644319597001009,0.837870942516351,-0.125577189550713,86.1684263218194,0.644004680681974,0
209,"pregnant_women",352850.84908125,1065469.70010535,20,12,0.599923385535852,1.01996393772815,-0.0734209175301384,53.3281397074461,0.00180768989957869,0
210,"pregnant_women",712779.133985432,1231785.78706909,34,30,0.888535226380776,1.81388313557909,0.409071840719584,213.612609775737,0.462572565767914,1
211,"pregnant_women",527170.521258387,537528.781677846,69,35,0.502312078718593,-0.00973423851167135,0.167612655183436,222.701250109822,0.470758520299569,1
212,"pregnant_women",534938.728113258,936252.496103608,28,20,0.802858680610681,0.830816114973279,0.531937836996655,103.003360214643,0.891295166453347,0
213,"pregnant_women",481805.275071019,1409884.5846098,84,38,0.396001724151975,1.02213810639353,-0.825988575835859,408.664666349068,0.298042034730315,0
214,"pregnant_women",569928.091176043,697641.792963914,65,54,0.791817669686353,1.09378303189238,0.630866656194711,267.367491032928,0.464515958912671,0
215,"pregnant_women",208140.248244093,1510028.75447475,51,35,0.588390852592384,0.608096531124246,-0.284974857664501,204.881707555614,0.997287010308355,0
216,"pregnant_women",99150.5712135071,894790.112954644,39,15,0.308598216638752,-0.038695291244732,-0.804911396325565,141.303794691339,0.928526825038716,0
217,"pregnant_women",495436.129565428,1499236.11419907,85,37,0.426282852339497,0.522377038502004,-0.229309747083323,486.131936311722,0.426864079199731,0
218,"pregnant_women",1029039.71000713,1438041.1650273,98,23,0.208716295837486,-0.354440069914228,-0.374756936833115,401.677167974412,0.0255115230102092,1
219,"pregnant_women",79193.8241710422,748166.348975662,21,10,0.399659216769093,0.263851537740378,-0.111385397159885,77.0484711974859,0.0032677089329809,0
220,"pregnant_women",679415.426488256,1353547.13314159,48,36,0.892106428713008,1.79110097857094,0.44421851365973,282.828663359396,0.576262269169092,1
221,"pregnant_women",726087.910016758,570674.925494607,80,57,0.730792044730861,0.993229389551085,0.00129978984045762,195.446148514748,0.657817899016663,1
222,"pregnant_women",616982.71426757,1046092.54403096,94,75,0.770179377516938,1.51606135969084,0.148230462342537,443.848461611196,0.285873271990567,1
223,"pregnant_women",427512.245202477,579719.064220916,67,27,0.389778269844667,0.071708806264241,-0.15317241861181,29.76375434082,0.224328958895057,0
224,"pregnant_women",160921.204274691,796277.887475172,26,19,0.754368973952848,0.971720688298768,0.582769913767418,252.750166226178,0.385372312506661,0
225,"pregnant_women",1017078.28481345,565785.957088811,25,9,0.439840350756024,0.380220044442953,-0.185600435206449,244.95257739909,0.370760633610189,0
226,"pregnant_women",421643.604363031,810487.534631124,79,49,0.583670283372797,0.155869225160024,0.405134683812433,311.147845699452,0.751104390481487,0
227,"pregnant_women",592018.624622834,468871.783970862,79,37,0.520819650603398,0.305235096015424,0.175716420158019,408.416054560803,0.613011586247012,0
228,"pregnant_women",667587.134644185,1025747.5904113,72,51,0.685938383708239,0.870615306442588,0.252604703319327,369.031821028329,0.647434363141656,0
229,"pregnant_women",66199.8722678046,1235885.84680128,54,33,0.566520863807031,0.894090229116508,-0.136577006308849,56.442866451107,0.0790161616168916,0
230,"pregnant_women",791495.022220577,542518.990737337,38,31,0.733500690321335,1.17359846408756,0.059344733592986,6.55293790623546,0.406794340116903,0
231,"pregnant_women",406611.885096292,1506289.54340924,62,31,0.557170332300583,0.383058604950827,-0.451790224679505,10.6369474669918,0.867038535885513,1
232,"pregnant_women",547493.466400631,1419793.78403118,62,37,0.653856629248046,1.51258174112321,-0.596922896625024,4.80309827253222,0.320312406634912,0
233,"pregnant_women",17700.0208287713,1248134.83573107,55,39,0.684488187453158,1.17252171940804,-0.324591793910859,152.413062984124,0.783536843257025,0
234,"pregnant_women",333070.955690145,966841.259126317,56,39,0.657740038316445,0.770708504026598,0.258023618376177,277.225354453549,0.494696236681193,0
235,"pregnant_women",962029.425581076,600057.579909289,69,43,0.582070866180579,0.65484599091181,-0.334660173173589,220.920979161747,0.982616124674678,0
236,"pregnant_women",682897.033397355,1315185.54783091,37,33,0.903954899971549,2.07942235420537,0.231428240472013,21.5950236888602,0.640552886994556,0
237,"pregnant_women",272193.547172096,1103709.82395162,98,72,0.71343689057866,0.771625700007554,0.390793088669948,156.026674900204,0.535053920932114,0
238,"pregnant_women",262877.484365839,1078385.10294306,92,56,0.666486358850673,0.758938395325098,0.315556322515242,349.52927113045,0.567806577309966,0
239,"pregnant_women",181638.483663595,577311.823952521,28,11,0.568946890052033,0.106368168129938,0.294525489884832,183.828267967328,0.748178199399263,0
240,"pregnant_women",7124.61929898936,983837.766850618,93,26,0.245176785623044,-0.495945399489728,-0.329823403205999,330.985954846255,0.665790745988488,0
241,"pregnant_women",882939.875178628,1455067.94377558,55,29,0.506176057846153,-0.126504954522616,0.6464534600912,358.609654125758,0.130921008065343,1
242,"pregnant_women",101094.200312516,1008941.7738292,55,11,0.250093052850881,0.22494063282225,-0.47486873008327,473.316557472572,0.0435218212660402,0
243,"pregnant_women",777640.971661634,544420.849799083,63,46,0.634445763704667,0.834632317515504,0.217388148050338,86.1492180265486,0.0974800800904632,0
244,"pregnant_women",207899.634361956,1047829.73715916,85,41,0.464310713698043,0.48315330351845,-0.470403546829014,88.9521328499541,0.593445165781304,0
245,"pregnant_women",448274.820567518,856397.524090701,98,58,0.657017391736277,0.703451197787717,0.149916539858027,491.84928345494,0.985917767975479,0
246,"pregnant_women",281488.971757923,946405.318879836,65,31,0.547598129252803,0.796956568390225,0.0177161899971676,353.504486498423,0.227288040798157,0
247,"pregnant_women",1006301.35079484,1102861.18785047,43,18,0.453808952130826,0.307200727820757,-0.206696218961833,131.39709411189,0.170458066510037,1
248,"pregnant_women",521019.338948151,879209.257407427,57,40,0.758457140036884,1.09418474180302,0.178290062591172,231.436372851022,0.795590933645144,0
249,"pregnant_women",388793.609745824,1183274.41325555,31,16,0.549462776999266,0.624598423707358,-0.159350546778274,75.4692857153714,0.133754119742662,1
250,"pregnant_women",-126804.160321645,675936.351726762,79,34,0.5072490976251,0.170865221034468,0.500512667964017,386.317342170514,0.238106295932084,0
