"id","utm_x","utm_y","n_tested","n_pos","prevalence_true","S_nonstationary","weight_north","S_smooth","S_rough","elevation","ndvi","urban"
1,112422.386319018,652608.67320748,164,30,0.152116339807615,-0.792751422357482,0.168466724039649,-0.273383892021172,-0.746302690784643,352.125287285309,0.158473622481642,1
2,1048433.13835699,1300815.7698583,198,69,0.342331822192841,-0.074287853128556,0.812995806595425,0.405211863119115,-1.01667862573739,327.001369682502,0.560461518428411,1
3,340741.35231425,715554.537736354,143,40,0.277919280337121,-0.037241373407669,0.23105542528204,0.168701170583706,-0.134945520410518,328.149160865599,0.138230393214244,1
4,265462.658171684,573963.735689833,62,14,0.210010055948418,-0.0808601273186214,0.0902680284563922,-0.293688813448066,0.00773498021035851,314.311987564728,0.0878841419894728,0
5,382939.334182573,966629.124061454,160,30,0.16980441212345,-0.857313476415287,0.480705380694915,-0.17267555506274,-1.02355118199999,254.737346241163,0.281295949198897,1
6,-182831.535233282,910277.327708695,197,44,0.259965607479711,-0.0662630395059309,0.424673332000485,0.159399990482927,-0.224309192042457,213.164498814567,0.29160027520652,0
7,266239.930396427,998267.178764155,168,34,0.225659665430531,-0.174852139374427,0.512163916827489,0.267587774556085,-0.524520910167581,265.585895046406,0.259318134764257,0
8,443918.420768908,844467.914168912,58,6,0.167326092785057,-0.531577042274569,0.359237329908736,0.561409737752991,-1.08443640496052,277.19508162142,0.255093232725716,0
9,391817.310342251,1455324.00240134,124,87,0.683257443267178,1.1837820737794,0.966627338682645,1.19583894359731,0.0441566144777979,227.967099077549,0.641209279883524,1
10,722740.080903829,1125746.36597595,164,76,0.499008005540212,0.661122154933493,0.638919770015619,0.949374763869916,-0.162650190612726,328.985005289576,0.454868584138312,1
11,446116.741665291,586868.51777201,193,37,0.212090423764225,-0.0587070626565679,0.103099587072432,0.151771120694128,-0.113446637089058,362.705184447258,0.136302032156322,0
12,632871.913284093,969411.149200652,163,29,0.180647880911547,-0.587323122273054,0.483471620249956,-0.230321933162115,-0.594373080545099,249.515054071154,0.406092467777273,0
13,610384.263418937,939427.967904872,62,12,0.197908152759969,-0.745657156325255,0.453658567550408,0.175273642174058,-1.16852100648756,266.970929978612,0.391510012966265,1
14,-24379.2319760068,1025135.44571596,62,12,0.227947101873217,-0.287164528380562,0.53887972962526,-0.0356853952827364,-0.384309290741598,298.425399056123,0.457063064472326,0
15,-52947.1512312355,965257.392040054,148,35,0.26746913419997,-0.0589172035554766,0.479341432065173,0.616397201201035,-0.673086242757792,277.631791565694,0.41130961377122,0
16,316692.798575954,523403.73616547,194,21,0.0857938834511255,-1.13711116105689,0.0399949131575442,0.289150729638168,-1.21957488021326,291.774008266336,0.078471035437175,0
17,398793.759352562,512137.448268243,135,35,0.205543174539957,-0.445440793715134,0.0287925516904641,-0.0702595796353134,-0.43989803642233,282.020744579603,0.0943237531544199,1
18,454878.997959134,631415.068512199,76,18,0.210175594866037,-0.110752307503439,0.147393374702875,0.439415267404547,-0.302644488676124,339.20348071695,0.157610608502351,0
19,-44298.5671442305,772600.302723057,177,27,0.222732463789634,-0.147342683346569,0.287777504939211,-0.247331477400129,-0.017373381023618,327.230154740844,0.280949456020562,0
20,646039.796359807,1027661.18687328,155,35,0.278902756037105,-0.319955224963886,0.541391139388147,0.109988595639834,-0.591967079432341,284.267561837509,0.44288995158978,1
21,831922.99941971,1139569.1391258,122,39,0.328308634013033,0.315499616149757,0.652664110894762,0.772134162364959,-0.523098628823528,327.122836137837,0.369722981360034,0
22,364533.810102947,1425200.01669798,124,63,0.586759755180545,1.12846897139766,0.936674280518637,1.29316703624653,-0.489112046373265,255.880535335849,0.597497367372719,0
23,530119.32555133,1057944.64539643,91,22,0.230711392966849,-0.581905332538857,0.571502765501767,-0.647319959740705,-0.141378086616482,295.275813473773,0.466103116850132,1
24,631633.140600376,852194.946395061,111,7,0.0703870590663484,-1.59804367616886,0.366920517916598,-0.0590157172335772,-1.96351429417472,242.082052950609,0.324208560419398,0
25,309945.783946586,912054.016173276,111,25,0.251737568752168,-0.0259798457998783,0.426439939296179,0.582669167795188,-0.536717943605616,235.920258925419,0.215666869264294,0
26,438705.102728647,867888.659104944,107,15,0.156272393082908,-0.649926924809953,0.382525182393518,0.219985280394141,-1.00024068152424,248.115406669817,0.264766529592173,0
27,797389.596179303,1410117.26995871,119,53,0.431816824585242,0.466400727190551,0.921677115309375,0.68889694057198,-0.696657005640163,218.612122684602,0.597211272493094,0
28,428017.142867826,779760.913146472,136,18,0.1283453404953,-0.759711427779735,0.294897485097697,0.440453187906607,-1.18958273347643,322.954080010634,0.208745998181462,0
29,754232.042491526,1032161.65388098,198,34,0.229896601796039,-0.19042581656928,0.545866070141808,0.468665284508788,-0.796398452826367,303.396450679407,0.356158910584799,0
30,204678.094897965,662646.732341362,77,4,0.10436138648132,-1.16959519365035,0.178447825878291,-0.0704898680980618,-1.25752889810808,377.799261786796,0.122146503365395,1
31,-87285.1788619741,939014.914166759,76,24,0.300116522151622,0.0805852964604248,0.453247857534661,0.210772387088042,-0.0829215728905674,231.954426896575,0.380782594853901,0
32,221220.177243199,810086.00435031,103,38,0.371931566188702,0.637176266736013,0.325050507662579,-0.0532050379805754,0.812497894290631,299.61704380184,0.1731269012365,0
33,430888.422494281,665131.17712104,119,40,0.331862599109023,0.225690128332775,0.180918173584726,0.68031097779877,-0.0703584301664043,352.2475617216,0.158480770243926,1
34,1006962.56994901,1385986.34122911,80,20,0.28668977623721,-0.140346101566205,0.897683108709225,0.273870786209711,-1.24997016083824,238.930283362504,0.584700843513917,0
35,212891.219879928,809995.243421188,55,28,0.374912195053963,0.629208680983486,0.324960261723155,-0.0820768378186604,0.822772904701911,281.060187565912,0.17581403853867,0
36,423848.949489343,1023789.43554881,147,26,0.172556244456525,-0.579761638148964,0.537541356900514,-0.139286190684207,-0.702368531442008,270.041996323267,0.35273217101287,0
37,709322.957351317,1464089.51387995,200,122,0.615686018174098,0.839636541974272,0.975343113472269,0.918796139429292,-0.431533345485577,237.142805292428,0.71097938332328,1
38,701348.57150409,1090111.69784184,64,17,0.347533181932841,0.361424078922769,0.603487297772828,0.827011837445549,-0.446305864729748,349.968751140585,0.448305669842115,0
39,496454.355983126,1259764.42156924,155,66,0.463205834243712,0.426853874713591,0.77217738916813,1.01165890130686,-0.968196197178374,350.509414222207,0.595265430210618,1
40,668430.365298551,1329228.57630228,70,34,0.541316241147605,0.959583150753074,0.841247394960922,1.03975817985293,0.0148623859288135,315.864999175148,0.652405639589645,0
41,387400.654591257,1049469.58276939,129,23,0.170419598635637,-0.528368724326506,0.56307579151794,0.0885762235642437,-0.899898184903327,325.076685728014,0.338486251082789,0
42,730835.134845102,953724.441110608,133,12,0.156241899943271,-1.01214667223332,0.467873920647722,-0.346712935840927,-1.06240253152086,233.339369485918,0.323782058026286,1
43,215670.355464659,1233056.55332387,178,71,0.406104875156804,0.636441278333316,0.745621064952996,1.07598917123565,-0.580276875969812,363.887946988544,0.434194202278069,0
44,139802.759928941,1114866.01592825,98,33,0.257265955689068,-0.039449071220085,0.628101156534888,0.599338784259209,-0.843575651825318,346.913152048073,0.407668234895073,0
45,35543.9189589966,1167589.16146272,192,61,0.33552679537503,-0.0424994587806717,0.680525143862956,0.802725413573316,-1.24676765001828,373.979489312415,0.541482768851181,1
46,645732.150234712,840355.877420225,157,20,0.09352393798562,-1.50883324968862,0.355148625408646,-0.0315581859924337,-1.85551357088034,310.797421802728,0.310354341815938,1
47,565891.262035167,1346328.57623288,112,78,0.655824665373434,1.07044812395225,0.858250367196059,1.27431845402895,-0.292442190904663,277.237918709445,0.689415060470405,1
48,753212.037599168,1472648.88844738,191,126,0.627284297230369,0.920083407885329,0.983853920999218,0.955328305043848,-0.216429605892049,243.157620263131,0.679572670990278,1
49,250855.653741258,1266058.51387723,147,78,0.565872749634342,1.22273701417413,0.778435767951311,1.43050670658531,-0.0836718462530434,313.110797215662,0.444256646585367,0
50,-138764.268183871,777671.075994687,161,21,0.184063124983345,-0.384245420154824,0.292819505962494,-0.12081146457041,-0.379183844433013,301.247754402984,0.245543688712101,0
51,867922.954490323,1023447.82501737,193,59,0.32508522977104,0.0209091099840451,0.537201684713095,0.705564048642596,-0.729431945855413,273.650017164764,0.277802355008355,1
52,-77165.6888718363,842237.908041385,141,33,0.23296123577561,-0.169138269104385,0.357019977135379,-0.187069014410708,-0.0715366260953823,277.121506629708,0.318243131561216,0
53,-10717.5951295199,1298051.25552522,154,51,0.36858664764158,-0.0463077528857246,0.810246978487832,0.194964813179038,-0.509181645958466,317.27627680272,0.656623908276161,1
54,307600.397047741,1018953.80774189,186,37,0.189226598855423,-0.390774699207054,0.532733167095003,0.0283643995382261,-0.601954385147547,284.333949764122,0.275081591596244,0
55,575153.61558119,1038040.84588198,152,43,0.2531313475934,-0.1705217032919,0.551711902818057,-0.184010412407162,-0.050547471399457,284.729643138407,0.466588155843688,0
56,895931.364950604,1296343.65391558,173,50,0.308026856103106,-0.183501557119498,0.808549066038988,0.547493766053412,-1.54451556176122,296.95540023245,0.463870982746484,1
57,143288.093522206,1185267.16297464,97,39,0.324156526860028,0.250010776023313,0.698102838020839,0.751786723092349,-0.688188236919685,350.184932348732,0.456798953036986,0
58,787993.601229138,1402188.80633782,87,41,0.455142493505838,0.615648766244575,0.913793638855556,0.87038810674907,-0.736957345235402,275.100920005828,0.599422989650708,0
59,952669.456661098,1406821.90511835,89,49,0.532757949703619,0.600279793752182,0.918400448811557,0.969815470191719,-1.15217294584128,218.423947244138,0.561704892494466,1
60,261904.802683547,1231839.87113011,100,49,0.459482935369132,0.844360625442857,0.744411286377363,1.05067806674856,-0.122946899300589,340.03255354509,0.416559404127663,0
61,160784.330388724,1312883.10830091,117,59,0.507180430726341,0.867592189729396,0.824994673339541,1.03595574621128,-0.175357226150705,268.394151543067,0.536907074289913,0
62,348992.394091268,679181.977858213,163,36,0.200469970717818,-0.134009102011212,0.194889248192048,0.104955477597473,-0.20098864897104,351.686349935886,0.127919779811746,0
63,104628.919835808,811599.912013418,157,26,0.205121892798233,-0.258037781954631,0.326555825210349,-0.408467503921038,-0.0299996042058287,288.232807257634,0.23960776504754,0
64,695044.031181618,1340343.23737672,97,56,0.612602679213789,0.935606827301724,0.85229898995616,1.10972378143377,-0.231293908571605,289.53663737366,0.640244428636831,1
65,379052.164909564,1455950.9537947,54,32,0.621574781249914,0.954809953144447,0.967250732669628,0.971075821076685,-0.00128472769583665,263.394930046891,0.631028404657039,1
66,669283.678975779,1443865.02624493,143,92,0.633479792480578,0.879818008204424,0.955233382295437,0.994268928880221,-0.434542726996353,213.661996988504,0.726273041919727,1
67,527843.784089347,1309398.72851284,101,49,0.584841001839455,0.82871094090131,0.821530064390197,0.903731098173333,0.0226874580768406,306.916124426518,0.651104533917506,1
68,20290.1657723506,1133768.39916439,84,26,0.258460254855424,-0.423340646756194,0.646896285110704,0.525365152849149,-1.42351917668644,350.611992859816,0.524957259525693,1
69,492725.464404381,813458.996457593,94,17,0.22605952065933,-0.475028883747857,0.328404360959786,0.449326245940322,-0.893854760292903,273.368847032437,0.272126363213806,1
70,-91160.1087814123,820331.113394934,191,42,0.214428175022842,-0.249755381911538,0.33523748458297,0.0169804086608115,-0.318382842933496,287.330490445076,0.298311017764484,0
71,401700.381407759,1407822.16676448,110,81,0.676334174707181,1.48435595821021,0.919395034838814,1.53342236594298,0.0494260389074066,240.350443005709,0.616212749827875,0
72,798487.858496482,1067349.90438843,62,14,0.290438195256997,-0.157468769416657,0.580854657791488,0.611702369383088,-0.963325140587868,309.732121001884,0.342430110002657,1
73,180827.968483315,622644.521409803,65,5,0.0822501885617586,-1.14648459257398,0.138672592862277,-0.137421363382509,-1.18019329994595,359.188874562577,0.116892915509475,0
74,641671.511532353,1267968.72505747,189,93,0.46867840153172,0.692799438146781,0.780335140336853,0.608665485901266,0.33098015661992,318.270965329678,0.62502608082153,0
75,469138.2247234,629168.030382887,52,17,0.267284057330621,-0.0804726464622485,0.145159086569597,0.0731583253585061,-0.117184283658778,359.25092173081,0.164096808096766,1
76,433830.421008785,918851.308038589,173,28,0.136016549458794,-1.13052348593638,0.43319866241484,-0.0763242617185068,-1.43490888657748,251.804757208657,0.291938993150517,1
77,378974.581657844,1457028.34853807,114,75,0.628935801722634,0.96537015459995,0.968322014130573,0.980172301368677,0.00476299107696319,243.098783104415,0.631728408932034,1
78,456997.125980591,891305.871248171,134,14,0.130003387613328,-0.927110947394055,0.405809522131037,0.0932018144825033,-1.27975539027302,208.80334218621,0.293731850534704,0
79,595736.720000403,1108964.92309014,115,39,0.264704693117361,-0.0715946818525338,0.622233547289828,0.227748019284652,-0.408778564304811,366.811285727652,0.520935762514106,0
80,609776.526567509,1290199.28882626,192,107,0.530081762818719,0.599755000895868,0.80243956490213,0.446595921573361,0.449288851371117,300.636536521554,0.651692604520247,1
81,753997.45447265,1035744.84901881,106,23,0.256247195999941,-0.0711658025387173,0.549428933749345,0.473907547581227,-0.629340953416104,281.503155997177,0.35887852444068,0
82,7907.67565674856,868953.927112609,58,15,0.21188537687328,-0.341720750092693,0.383584405927485,0.485584438799219,-0.81829836169859,240.562929106652,0.335856990534532,0
83,228478.871167209,1052953.9033265,58,6,0.163111023823371,-0.56971212620378,0.566540341572398,0.0998620476938504,-0.979495977545535,306.865828918615,0.301647043845728,0
84,394959.35523822,720538.011249281,98,32,0.286532894542699,-0.00131974587538242,0.23601062189717,0.444301153150174,-0.248454506623656,340.654027698536,0.162113481893457,1
85,773659.747580229,772162.65797135,188,37,0.155025976719796,-0.528841280671216,0.287342343442584,-0.260869360477217,-0.460801218393535,317.707001944949,0.18854386503712,0
86,640969.636018834,1466768.41938701,193,122,0.616173104432917,1.08374371550281,0.978006818509806,1.17278941909889,-0.512992675210996,213.1626329053,0.753443996241001,0
87,148197.199458698,530311.48486838,135,21,0.131535048041525,-0.670287350296777,0.0468634663668754,-0.100622708666824,-0.664256000373434,298.084810725258,0.101147839967909,0
88,112356.403198079,1217438.79305707,54,15,0.323484521940157,0.198192648375507,0.730091921954804,0.75305235660384,-0.857041618937648,345.720309137989,0.512154501210965,0
89,145512.257414177,507659.527442611,157,21,0.153991272999219,-0.785957672707818,0.0243400391888048,0.049257042776402,-0.803481025748073,294.441915920227,0.0959573068036512,1
90,401521.686600365,1258823.37205835,121,71,0.562324394265328,0.85657329012417,0.771241679298511,1.10881373229594,-0.245022400632553,309.896406408915,0.504905004811154,1
91,978086.392938247,1266343.09118007,110,36,0.307833552564225,-0.148636498388407,0.778718730524336,0.317543040659564,-0.911665676842287,338.502504733505,0.47108971074443,1
92,227608.726156105,1207865.0450029,115,33,0.30529519699405,0.226839075653401,0.720572496632469,0.754826872102597,-0.783012266156018,376.528912928442,0.40935249168323,0
93,80938.514501941,969755.515087432,150,34,0.31268094818851,0.196686577049016,0.483814032158461,0.343231454590964,-0.0585335170564371,271.051328007212,0.358436861536438,0
94,678935.673608899,942729.45757451,72,16,0.248150174334177,-0.476220152397101,0.456941324124401,0.0440489127820214,-0.686631590796194,219.74826963833,0.35933240313677,1
95,613313.594591855,1177765.23767898,98,56,0.480516816151113,0.526697799409745,0.690643479656519,0.698699037470381,-0.0970081647980204,360.524863424793,0.569818561084258,1
96,527272.667192495,720454.425198059,63,12,0.136393840954004,-0.712098221011058,0.235927510124425,-0.208815513309803,-0.698619052899223,323.136163515321,0.237080180222055,0
97,497053.933163312,988797.565446954,138,25,0.145394210229502,-1.1064234144575,0.502748035367645,-0.525930888650371,-1.040207278404,278.832821884731,0.392580853783017,1
98,123941.086861608,706934.662574206,161,29,0.183525300086806,-0.290882214359487,0.222484460448871,-0.130075438033949,-0.260304056482998,341.733341088797,0.174965203328536,0
99,747554.514905045,873891.210134087,112,39,0.24887155755806,-0.373279063144186,0.388493674142217,0.144615498996594,-0.592613211616921,239.26300320363,0.259877913666372,1
100,416611.27296538,999029.110599403,194,26,0.124044578899463,-0.972604279439587,0.512921525359206,-0.164647225522705,-1.22463676849965,245.508814401337,0.329298627006986,0
101,877947.119347293,1222474.90406755,161,43,0.246867827273723,-0.0415315774482918,0.735099457395257,0.444248023080801,-0.820736511846796,402.511749154687,0.410819583961994,0
102,716338.339781512,1085607.86631677,134,42,0.359920839563177,0.104910916695215,0.599009021592521,0.749948132543406,-0.750927967896535,325.370562783673,0.430939882961819,1
103,-68006.0098348586,1312528.37129429,98,19,0.266353593544711,-0.250385482570731,0.824641949158327,0.158408363356346,-0.941441204780212,294.212322009855,0.664244190248025,0
104,309995.764423913,1034792.18800731,152,16,0.150966155998042,-0.657098300664101,0.548481678264326,0.0159467676388888,-0.995471805183487,298.284769744977,0.285424625939334,0
105,-10478.7002512944,1128442.62194419,66,13,0.210565557132077,-0.374579077186502,0.641600727065496,0.296736337373561,-1.02271765993638,373.335731067353,0.53299381776907,0
106,840925.771489087,1352043.55321905,129,52,0.434306186652653,0.29529525855697,0.863932916635507,0.918279031736985,-1.51333137432232,277.863747539507,0.522831634405066,1
107,367264.553303421,1111816.10323707,110,39,0.35549375293282,0.480702074475662,0.625068549457801,0.644664179353611,-0.0473246413811259,368.465645104173,0.365983414842041,0
108,689207.620533647,1414022.83522797,185,118,0.563279056729351,0.959204214345302,0.925560519876935,1.02465048180462,-0.0973903803878879,260.281889572335,0.694448029329837,0
109,727712.089122023,1056218.09607204,154,44,0.279137972087738,0.0362244298340541,0.569786012850046,0.471985095670964,-0.487949679912625,303.669255784942,0.39837906536718,0
110,441451.100206868,659821.917163193,128,30,0.195298977480593,-0.177213314165736,0.175639039080704,0.399797733581341,-0.379721737497058,368.355298845113,0.162036759262574,0
111,309965.691827557,1418902.81414449,172,86,0.517633017727183,0.884356830634109,0.9304128091379,1.20417756265578,-1.05069799187678,263.647516772074,0.562315023715633,0
112,317219.406865188,987582.089681497,81,25,0.233778265342178,-0.425507430164594,0.501539456374873,-0.17073184532151,-0.431428578571171,268.877443426934,0.25910794626905,1
113,666906.299359556,1163377.70887624,129,65,0.469192172358012,0.532880080048887,0.676337587623885,0.921150081856384,-0.39491322574179,382.154937732659,0.532359052680356,1
114,-70629.5196568022,1365123.40965771,62,14,0.275924191717946,-0.252973720911125,0.876938556212625,0.208500509762795,-1.2777153771794,270.339992477178,0.698179724015769,0
115,688137.72070025,1022748.42249952,150,60,0.301843319908588,-0.180179475065157,0.536506250699038,0.288119677035259,-0.574640347645886,286.072645806736,0.409645809689681,1
116,31105.2644400184,1173218.4285089,86,18,0.233308384277875,-0.273690283443957,0.686122469692125,0.591730330903188,-1.36338857561493,354.875979801829,0.548553405518697,0
117,84134.2013801636,953254.391070324,130,50,0.358514987546252,0.392900054851747,0.467406537734476,0.319619741660157,0.238952556559968,250.135892046824,0.344275602658933,0
118,103647.714080561,1451549.18070088,154,74,0.436824051563537,0.431633994656621,0.962873935827324,0.842405590336768,-2.04994567040703,236.912721806604,0.689021393033869,0
119,773267.117321815,791608.577799008,53,8,0.148363798022148,-0.600623664639765,0.30667792451032,-0.223324426873178,-0.57280298501177,305.268570794714,0.198000181389407,0
120,484924.177022679,656659.521142186,170,51,0.257000180852857,-0.18494985750539,0.172494586919305,0.136135006432182,-0.26546904207743,324.138683578718,0.184336910472408,1
121,732808.688453357,842041.929861161,62,9,0.145657927990034,-1.01152639193034,0.356825110961661,-0.148055042540153,-1.15100603364073,259.736694896874,0.252740417808044,1
122,611293.990883328,1021056.70742914,130,18,0.178640675747481,-0.586680260106584,0.534824134647095,-0.140105127036184,-0.709959008921453,300.317401875612,0.451766714959607,0
123,463764.969768857,1375675.94825523,173,131,0.723932193665406,1.40631344845247,0.887431218289355,1.45207427084081,0.11447458410053,262.825792650242,0.650704457962493,1
124,470669.35736997,1167271.10180938,123,31,0.337821904649334,0.287160915900484,0.680208888922797,0.141725497160607,0.30110150046254,363.051817546161,0.503594003720363,0
125,332748.407545416,586667.701735011,155,31,0.21623038538512,-0.0647034699476783,0.102899910492588,0.015924530030183,-0.0737068807901055,300.0019562296,0.0961684327477791,0
126,349108.943873693,976587.040470893,126,18,0.128886835727689,-0.845809752132816,0.490606794549691,-0.174183818373067,-1.01413406076117,277.895925938832,0.266085702574103,0
127,451386.452031999,634655.708397008,128,40,0.247786842354726,0.132012749858508,0.150615626761887,0.482136456869004,-0.059786746980558,368.136236310918,0.15709077286978,0
128,-122260.21422942,868793.505853798,170,52,0.238234016317959,-0.184406269083285,0.383424894920435,-0.258438324466096,-0.0310457888970293,227.591513403397,0.312014793028173,0
129,183809.311237146,781816.67836418,111,27,0.249569663139552,-0.261802639546133,0.29694158562755,-0.719762772953908,0.155533926368893,279.426145666208,0.175400059939033,1
130,348591.773088115,590962.157480486,176,44,0.228868469273019,0.0552769231506489,0.107169998919587,0.120768077486907,0.0166592621534983,350.590706828468,0.100752869559664,0
131,844704.190110863,943075.554789985,140,32,0.260257825979467,-0.274424363863044,0.457285457537808,0.134587407719355,-0.496050507510707,261.032108354916,0.238534422831427,1
132,604294.522188061,1168690.37201268,113,37,0.382846218581883,0.421539647584752,0.681620105996403,0.495115050334138,0.0226339427606559,350.96674650929,0.564927820017662,0
133,975599.385234042,1257570.76863554,101,37,0.331961144000422,-0.0190332573280924,0.769996183315699,0.40711300885933,-0.784576071150218,350.442226644403,0.46268383798425,1
134,695221.751979036,877906.694701303,73,12,0.17261970248457,-0.860422491659756,0.392486374310877,-0.0924891161072154,-1.02956978895227,249.538713429241,0.303484608917194,1
135,410633.930094488,914252.322579473,141,26,0.141482778980802,-0.769062860454455,0.428625772216681,-0.117111748776135,-0.915989913106769,250.23424371676,0.270335463709408,0
136,-5768.64093343011,1107629.36037395,156,32,0.244723077944236,-0.200456899320426,0.620905562735803,0.425620731560936,-0.870277795198193,339.25033158218,0.515937552372589,0
137,686152.027990632,1005010.0780117,119,33,0.240045965880024,-0.209702582128866,0.518868555959402,-0.0163052357610972,-0.285390891280026,261.350989563334,0.398282563956999,0
138,640496.862858307,1465312.83935984,121,75,0.6054225479222,1.04677585853608,0.976559497639143,1.14656824274838,-0.563507437791769,220.905971918571,0.75280162900104,0
139,386389.930232738,751775.132258208,174,35,0.216127824336297,-0.129887275967499,0.267070499287579,0.44452182336922,-0.420050971130928,295.218001175043,0.170911654145769,0
140,201176.507570696,771889.422036238,70,8,0.219621063179914,-0.100798584067229,0.287070657884853,-0.471000046191758,0.179496839559961,298.092871255858,0.163769322911982,0
141,686862.824724268,1047457.10869954,60,17,0.238924383933835,-0.208411894846751,0.561074736496149,0.372033361445842,-0.735203992074706,293.374605300103,0.42900112474604,0
142,377547.59480577,835546.963276518,86,15,0.169663447123429,-0.484733014575619,0.350366997689438,0.221436470615874,-0.764028142624353,267.247076185561,0.204957173461938,0
143,355907.164080754,540527.627490294,69,12,0.217072270314447,-0.0398676703635644,0.0570216412239282,0.433123264424511,-0.147562949542196,314.406937457897,0.0893306954504473,0
144,156874.755820433,715693.224450871,51,11,0.151885236941355,-0.508074851277474,0.231193325069518,-0.104696949250085,-0.52204083666415,340.282373040466,0.160583099299536,0
145,5161.83668125191,759583.4672932,171,39,0.219256315492874,-0.163511080608135,0.274834528781231,-0.256390785744855,-0.0341712314237584,320.083643300895,0.266986565760553,0
146,650798.982018455,907418.466618424,64,10,0.219002336367977,-0.275525274811075,0.421830692471872,0.195350440725121,-0.529216156211531,278.303668078256,0.352923978336169,0
147,-50103.6669124663,911781.26672517,139,42,0.337742757108196,0.260980039870715,0.426168737465061,-0.070005511999191,0.404850263532275,232.761973692607,0.373015501263255,0
148,558111.589581194,1153427.43474893,108,36,0.355173078819574,0.303093257344114,0.6664437726879,0.308266926181812,0.0890607665731407,339.85144690153,0.550476830825429,0
149,927056.166778741,1409915.81725073,179,89,0.488989768538621,0.468953350886663,0.921476805671115,0.71246719818447,-0.767145518934542,256.089499679677,0.553860127978145,1
150,623831.230551295,1426287.81651367,199,126,0.678258794402122,1.09129147748822,0.937755908012122,1.35826599605516,-0.897933797931727,234.115497693951,0.735756781125801,1
151,313278.412274086,1006194.29940333,186,35,0.216776687287441,-0.209959355986501,0.520046057919862,-0.068985450815497,-0.231255808459168,289.731469165664,0.268925876530376,0
152,784035.245224445,1308824.28648978,113,44,0.380843286559191,0.381879121276815,0.820958881828304,0.764988497834084,-0.735590693401999,294.530867070965,0.533351627925003,0
153,539303.072782588,1156173.10099424,70,27,0.447776571976962,0.407784093771035,0.669173859654306,0.305257718660653,0.274827679207507,353.71591621621,0.5453418523698,1
154,979147.435933678,1349807.41408391,197,69,0.364612997421726,0.0082776292854051,0.861709465654045,0.336112367946445,-0.816753805428939,291.86343925615,0.535235067363015,1
155,383512.738485291,936424.831323478,73,20,0.28507839343713,-0.200193283977477,0.450672471169179,0.279441898099193,-0.523214027280592,230.012753637854,0.26349668655018,1
156,463471.098358353,1354887.06109662,170,119,0.68446271284942,1.50028029180271,0.866760290067613,1.50711306986939,0.266173246512558,234.673797398318,0.635938519964595,0
157,138005.245824206,611104.148021959,118,5,0.0672473189564285,-1.3711494315819,0.127197701102452,-0.0502069202985919,-1.44849808615929,362.815637951357,0.130252667451641,0
158,522593.044076851,1245344.80643298,106,50,0.426216142535573,0.594443618439488,0.75783959286414,0.667001611563971,0.0280272444407706,373.880341141098,0.602663183347511,0
159,433824.618644032,1376771.24661261,132,90,0.654334626508583,1.39494154118437,0.888520301776803,1.42374085849692,0.158449761488985,256.03936895226,0.624056914062035,0
160,163745.421583529,1306335.65663314,111,51,0.481565389657987,0.810591440678058,0.818484372791596,1.01299973760796,-0.24849564052281,307.750271551498,0.529233687963777,0
161,337613.525143391,1351085.44865834,52,34,0.604166971664347,0.970709429003535,0.86298024848871,1.19911854668151,-0.386945643138775,266.935767853074,0.523855581267429,1
162,885868.969665527,1317697.86375829,136,36,0.291479300903249,-0.256927414421967,0.829782109228022,0.247486759567274,-1.16916760727947,315.997615126827,0.480893437282307,1
163,-15077.2496828643,878246.390758915,95,22,0.245049675427989,-0.146008420024914,0.39282414288745,0.341909847038354,-0.462392028226706,258.151940690966,0.348711694676987,0
164,327553.070520307,521671.758409396,162,22,0.163363455610958,-0.713029721027149,0.0382727628757946,0.405792661396014,-0.808030294771595,283.988356153443,0.0795073057925572,1
165,227160.600322639,822100.068376565,165,65,0.345355939737633,0.508043081701333,0.336996402276534,0.223647656502431,0.464491683152759,288.888539665132,0.176661730063285,0
166,535690.917694508,1183237.54042368,106,39,0.345115610524962,0.276571770259758,0.696084731820733,0.295556313147527,0.0543895263900852,368.291522127995,0.563925625372282,0
167,147724.203106712,1111721.85709818,78,18,0.233190708274824,-0.184946509966112,0.624974838084159,0.428050860516759,-0.854587876591826,323.744787451244,0.397887222525116,0
168,264292.025717561,1165640.56514419,102,36,0.360725575289926,0.192487542934688,0.678587604141559,0.603005557714674,-0.536654596165459,359.337254446546,0.368291724604225,1
169,-92378.0020268353,759003.215430668,88,20,0.254466474700768,-0.273154688665828,0.274257569345672,-0.318668009467677,-0.124743350167289,309.994212795192,0.260272369130688,1
170,861951.585056758,1202273.0282891,128,42,0.300687380839209,-0.140139135969069,0.715012209772287,0.506524118904544,-1.06482309613976,324.297457390951,0.400512295700213,1
171,855432.828454453,1430271.63977295,51,24,0.451169598634047,0.58909386426435,0.941717126523356,0.771629580559749,-0.661555737078674,244.707565374384,0.574584436446954,0
172,633495.555899325,1389942.33361507,63,36,0.604281683513434,1.09836689574503,0.901616654263256,1.30329158647349,-0.443644416865104,243.432393605672,0.710504142966679,0
173,374346.332433233,1401280.35046504,195,119,0.592015363086426,1.1524364525748,0.912890337683364,1.3785530853462,-0.558054573883031,250.249670134091,0.587645355243074,0
174,780688.85229955,1384326.08003436,177,101,0.52698185190684,0.591399398109771,0.896032268059397,0.837597363482006,-0.624803244349273,257.640818947276,0.592842220448692,1
175,906299.576681349,1119060.16340613,56,12,0.204875973224654,-0.294869109940973,0.632271505856867,0.578096529960115,-1.24429046514578,329.67223337529,0.335560024617676,0
176,188772.416630123,1241954.8425462,65,38,0.531500108955743,0.774219053184272,0.754468864087587,1.1571770559039,-0.465997483775617,315.311223116464,0.459074629494211,1
177,478139.564136616,1068079.3451865,92,20,0.276993603859924,-0.311429078524771,0.581579959644534,-0.45980403157707,0.0606379022962579,296.30632340532,0.435389685382542,1
178,761349.424337921,1397733.08746071,123,52,0.494417307048847,0.72466519737969,0.909363202325578,0.898328918153461,-0.438405369704954,243.351923149148,0.62044378241742,0
179,954678.955437665,1333421.56543056,153,38,0.273836727327787,-0.100575036888403,0.845416592505931,0.27644297798871,-0.902291414313421,280.481949263239,0.507267682795418,0
180,898014.082788769,1000517.16357228,75,14,0.255505218104611,0.00761230540146685,0.514401134919726,0.980177351457557,-0.997903326264937,285.26499435302,0.260237097835613,0
181,168758.930843123,1010463.20875702,184,58,0.303093923595246,0.197597357025818,0.524290744908724,0.062845505849323,0.220514031857891,278.056109908182,0.309813552027706,0
182,853690.972413056,1286831.48996157,187,46,0.262486124980762,-0.0589572673800789,0.799090875380364,0.313234805723608,-0.75622918840413,347.637383363341,0.466884965674444,0
183,472674.013995585,1126843.8871056,90,36,0.362901649768767,0.396496231696118,0.640011063663026,0.0773279964645629,0.557730736633752,339.078678984698,0.474737834931802,0
184,1035262.0947308,1306171.08697596,168,51,0.352437226675906,-0.025818081669723,0.818320736924746,0.404010853105208,-0.918008735843859,323.710126462122,0.551481247600807,1
185,476981.147735856,569104.981286904,197,50,0.252810753300615,0.134632569277797,0.0854368432782843,0.134660554076964,0.0996225745175149,333.57769356421,0.144084783870077,0
186,33153.7895307168,1196891.88944238,55,11,0.188756403186702,-0.535920397361097,0.709661604229857,0.30631926926399,-1.47350226940688,374.224580626752,0.565042393388265,0
187,377178.618243213,1428919.12485569,114,63,0.584566782615342,1.10811830509377,0.940372285957331,1.25547415374028,-0.447811215181033,254.689005599166,0.610149822251361,0
188,426362.114435352,731850.74688376,126,18,0.189458667478472,-0.570164730938789,0.247259167550805,0.383519614740285,-0.876976581723693,331.117930705021,0.184689015756746,1
189,-54411.7587204673,1275919.57401983,137,42,0.311030323197806,-0.272001296322843,0.788240875114721,0.19756144539803,-0.972247841203877,337.125216660957,0.642274578819152,1
190,613013.19575094,1071465.13589208,69,17,0.27340500997627,-0.339763417668328,0.584946538919076,0.276619945232909,-0.855770866659413,329.271867950064,0.489525387230476,1
191,237522.231584343,968535.916697753,154,45,0.285992472156309,0.121988687526363,0.482601353933789,0.330115326072202,-0.149228681290566,234.960687481703,0.247554979768187,0
192,-85601.2649173833,1260199.48469326,194,46,0.21267844500687,-0.451468637319463,0.772609983685575,-0.0660734939039287,-0.824971501934738,354.236897326331,0.621062704556189,0
193,870437.519288253,1270357.20798275,79,22,0.243055978861205,-0.170695972734616,0.782710070689338,0.391943984397995,-1.11007051932048,323.968678695055,0.448333914398064,0
194,599929.145594362,1141772.0211864,84,25,0.281038350708506,-0.00695151438386585,0.654854493506792,0.179263185827347,-0.258756037853762,368.636956747419,0.545339491498251,0
195,485570.690630756,917128.008734877,160,25,0.151046859575584,-0.728927550081141,0.431485141342748,0.00666459949696899,-0.972554505130384,264.22342287217,0.333421373749712,0
196,-120029.0835755,998963.981810676,139,44,0.301722175328989,0.0954791394145817,0.512856766119971,0.502133630841562,-0.378417485621014,257.965764738399,0.404220271074625,0
197,321368.5238122,568869.8306178,83,21,0.235697368865756,-0.232935881177005,0.0852030268856484,0.0474401800167809,-0.258020189059299,315.249875755213,0.0897132237045321,1
198,681924.188534401,1128091.04623572,117,35,0.308622578231227,0.17252311978676,0.641251146244793,0.5904941238133,-0.501428259129132,374.255740219752,0.493957312458614,0
199,499816.412165721,1359475.10171332,51,35,0.603051406392172,1.13158166953232,0.871322297525864,1.1203612227192,0.239142586395951,247.886411584901,0.668125501302483,0
200,719133.899559658,1263940.49938812,161,87,0.621618378470709,1.06118665436697,0.776329771360788,1.451951329272,-0.4612054707038,315.192733770143,0.563036471641073,1
201,117211.118479871,559053.329760589,189,35,0.132951200848422,-0.640944908337102,0.0754422261722701,-0.206646261750556,-0.607552822931826,331.780763356186,0.122015701763482,0
202,65154.9280934365,988121.109106094,194,63,0.330104505171731,0.254157250245038,0.502075417330885,0.519394102233794,-0.161373580987511,269.586874767329,0.384646486046479,0
203,632653.680477755,1014284.20087483,85,16,0.226649215045266,-0.296608011305363,0.528090056204252,-0.0183975158903066,-0.412309016710618,282.305748072179,0.43948066372341,0
204,157520.135076318,1427870.03978997,166,114,0.634783783499524,0.998754133835029,0.939329153541116,1.29932884426421,-1.05776270133956,245.773720102911,0.624768095724603,1
205,882422.775821613,1248989.71206342,126,37,0.260405335497951,-0.306063073882621,0.761463816810666,0.193122179641705,-0.971710751646339,381.504678727607,0.429631083628872,1
206,287930.304195806,782246.606733091,189,25,0.143478880252529,-0.604489030521435,0.297369074525174,-0.201388884486452,-0.590134026831497,305.155262048067,0.153691456672466,0
207,1023202.84440396,1355009.54256465,74,21,0.338052797908004,-0.176590249135368,0.86688207655935,0.241693295032501,-1.10077785523727,256.544554070087,0.576438869636896,1
208,395648.46407769,593076.426787906,63,18,0.308133465559897,0.430449392631417,0.109272271579094,0.217345173131558,0.379963105670084,332.371033718693,0.116326990288468,0
209,733672.510217445,1048476.12847175,143,31,0.261577298174013,-0.0668762766333735,0.562087974213365,0.524882246319669,-0.695722407630007,280.569981995064,0.387074583039163,0
210,-171745.754992896,933673.561927512,93,18,0.265228355652536,-0.0331532786376656,0.447936812845153,0.175883543668548,-0.203050904433686,238.626423959431,0.316013892478881,0
211,215335.840215115,761460.173322751,148,36,0.20169726804976,-0.196020541258338,0.276700586128802,-0.452433040555665,0.0493489552633585,303.439765984245,0.154675398291519,0
212,133390.111550425,833811.785561084,144,28,0.293701454738395,0.204110910591422,0.348641665605327,-0.390490768687862,0.538591278158623,266.349242706724,0.230955133374528,0
213,419048.122988052,1028387.7602976,90,16,0.152511168914927,-0.72258417524966,0.542113590137312,-0.137039706840793,-0.918736288411043,273.678337880231,0.35152835596856,0
214,-22755.9326006703,1284072.88658192,77,20,0.285282701368228,-0.0964520555834736,0.796347924686659,0.207059762066328,-0.623182514605932,341.157006109652,0.649003258707405,0
215,210980.295389104,504329.19774271,74,4,0.0901046499552711,-1.37244192482929,0.0210286062267537,-0.0447019023930274,-1.38055226154133,302.305497481633,0.0779870018412663,1
216,307136.628804128,795419.855046395,170,15,0.0940144494255611,-1.10618833858627,0.310467576058901,-0.341226770355788,-1.10317818945141,288.331033709245,0.161180628403707,0
217,113172.97398148,1488887.10527057,155,86,0.490574515121493,0.668913705375256,1,0.668913705375256,-1.96217218937805,270.580050343818,0.704949923241858,0
218,658103.57643088,1446103.06275374,52,32,0.628254090968419,0.902277693140142,0.957458719884618,1.05881344708684,-0.648561785480477,264.566625264862,0.733778799448385,1
219,503088.760711154,1104138.91944848,192,67,0.372915750115763,0.131366484178811,0.617434927040769,-0.0369704564040207,0.259356483104243,337.736959524403,0.483302621294966,1
220,298469.234398544,660480.77967545,108,24,0.209276646988989,-0.350871117354996,0.176294163118607,-0.373474401660793,-0.213819625929243,368.127932432729,0.112134916291826,1
221,158944.487778652,1011169.92791056,173,45,0.324709091788426,0.292833173836929,0.524993454042911,0.161047232387312,0.255574954575666,279.453212834347,0.318007681421045,0
222,431159.975678697,899222.531797146,137,15,0.127822863136812,-0.89263522453519,0.413681262485161,-0.0665826584669301,-1.10982686235786,249.780992970978,0.277586374187169,0
223,493617.465929572,712917.941233486,85,10,0.173535694328417,-0.3889497447276,0.22843378918172,0.0873704963700211,-0.490339176422457,344.94906785932,0.216406741019208,0
224,167596.480134122,1338486.03741914,128,73,0.613004476951466,0.989752523287776,0.850452328000493,0.958056837346187,0.274706346567927,269.836587334157,0.550053973362121,1
225,870015.999225579,1415482.49624419,142,71,0.556931078434798,0.753802732109972,0.927011898580582,1.03331529476372,-0.892380525012014,271.772450755566,0.5583573458975,1
226,703270.528029853,827096.703060634,178,30,0.105353837184823,-1.08913395056192,0.341964685384555,-0.351256417117067,-1.08941557188146,262.833272312124,0.26607936796695,0
227,129603.429632802,614385.044148921,199,21,0.125194001658885,-0.993183760225245,0.130459980984295,-0.136304698409311,-1.01228991220902,359.169820113363,0.135269977738387,1
228,550521.699767419,1217384.04530132,111,50,0.466114682674426,0.445893555871053,0.730037484845163,0.40048951950799,0.199596867984337,358.090514580643,0.595559510480296,1
229,367194.830499228,1284053.0905508,152,93,0.647466315688774,1.23847147455456,0.796328240980879,1.17520781063891,0.420448922376182,325.384539833704,0.493542074225904,1
230,325791.493306179,639196.377372455,190,49,0.231077227860728,-0.267087488313669,0.155130531371936,-0.195557161473211,-0.206778503854721,322.814036381897,0.109578701215807,1
231,152531.55611867,734028.268423813,181,40,0.260991109624675,0.11863522206714,0.249424333541284,-0.0988993544816849,0.19394752677615,295.911483330885,0.170565817639877,0
232,366467.018482711,1446646.27741626,185,112,0.589126390763305,1.0872711839985,0.957998852274209,1.14676320654259,-0.171517012161074,218.538786323893,0.614528376495814,0
233,611091.859746484,1182745.85943134,136,54,0.447162345366411,0.668622053635505,0.69559584069236,0.754606894969643,0.0711616147737475,340.0158118762,0.574063861657399,0
234,1064202.6640102,1324336.46594131,189,50,0.286511867420558,-0.153682074141047,0.836383043090958,0.425546897561101,-1.34206949595962,233.4444427984,0.593425837754781,0
235,-100260.547041615,983165.104884952,123,31,0.275269253859808,-0.00991982744356507,0.49714753414309,0.438391097967769,-0.449886108528985,282.802661842369,0.405840014558192,0
236,125783.933665499,928274.828508703,93,30,0.34181005965056,0.349073666885958,0.4425687125646,0.319846271555966,0.182548677472526,238.019669227106,0.292134563960795,0
237,216145.691954558,1005883.62082107,104,18,0.186774621301497,-0.427769832688177,0.519737142169583,-0.217261688211323,-0.391249483916246,265.346630858938,0.277513537675588,0
238,1008681.15521506,1364632.39284529,150,42,0.27400304937289,-0.491798609398577,0.876450325495523,0.00951979245213357,-1.4245125338959,238.896511651095,0.570360677370149,1
239,372118.715205292,1090806.99087036,113,41,0.330984734950064,0.0440830324449524,0.604178645615358,0.43201708150322,-0.463676870683537,331.74099050369,0.354904171019849,1
240,-70573.6853090016,873062.362420046,147,44,0.309079308077776,0.14063254441318,0.387669529421386,-0.336122650176215,0.447164282343392,218.023060275723,0.3412042199992,0
241,491500.109880769,1181523.00259482,196,83,0.371098342391594,0.380971078075439,0.694379922509707,0.348776581595803,0.163409306585219,334.757052127682,0.532847722616386,0
242,563568.121928879,1253308.0931556,168,79,0.438120415564059,0.61842087619992,0.765757694828742,0.702142877991038,0.00824945570075666,367.490568987118,0.625344902990164,0
243,287239.587948622,1348711.8198195,155,114,0.712268767650478,1.48818227746009,0.860620087938591,1.53999377386456,0.159470291208466,285.096316416492,0.50417817298673,1
244,205106.514581202,483180.591484624,198,14,0.0788735350983664,-1.51971907670015,0,-0.19048088934807,-1.51971907670015,297.647366810252,0.0745185654103792,1
245,833890.013640869,1191459.59089842,94,25,0.255928735232375,-0.0288315425851732,0.704260129277182,0.717098793349482,-1.15961657115537,363.212943327359,0.406008371769143,0
246,781066.369001204,1209954.387985,80,29,0.310949109249509,0.192620332825905,0.722649984401973,0.832112252567709,-0.977419469776205,357.157636548933,0.461064295769867,0
247,790953.941605424,854092.619444576,188,30,0.153928402418598,-0.652454100670319,0.368807423314448,0.182460732529057,-0.960710383725993,226.423650391175,0.21845167408841,0
248,53471.8387640843,1005268.56518741,113,44,0.329251622199403,-0.0757445512226318,0.519125576444167,0.484107557030005,-0.61222173775839,260.855535675513,0.406285354557321,1
249,364326.455427548,1234526.87021468,56,36,0.555592527543036,0.919452149150583,0.747083039068363,1.21744334744018,-0.264128391649414,359.154152287492,0.4537441153079,1
250,891620.142637135,1088148.73838478,144,21,0.164138371127433,-0.497321724146286,0.601535476411277,0.47742309365301,-1.37444445515445,382.390904629695,0.314949179458936,0
251,677373.987339327,1083303.35679839,138,56,0.378477534275345,0.159071962815419,0.596717588170548,0.647959905393042,-0.53769534348861,325.997302355219,0.463637497687199,1
252,61430.1499210053,955205.67954797,179,69,0.319565045047726,0.178776594391614,0.469346754339319,0.245457409064235,0.0145738456775129,225.866066581938,0.36414759479733,0
253,920286.08892982,1355734.67214114,124,48,0.387301006891869,0.403846870081788,0.867603091653266,0.898819089869482,-1.19099516042721,271.472521367152,0.511192576516704,0
254,365100.360465772,696806.366172457,113,34,0.286135891170608,0.293144544629813,0.212413633360736,0.3763221160877,0.134883591955874,319.04621602407,0.139594866080975,0
255,530424.625406878,729358.911615536,179,43,0.189901888021931,-0.636666260395418,0.244781471290448,0.031278591272821,-0.750421896549523,308.639525859319,0.243322474979535,1
256,95181.1401751674,1428184.75896528,183,84,0.444362058770683,0.502130027300064,0.939642086957574,0.987632313242982,-1.85296132691956,270.318179349165,0.68088866570991,0
257,446543.610658423,525612.503157529,92,33,0.349729511412828,0.274165558969173,0.04219114730914,-0.217507912318711,0.325789515869408,287.186164777835,0.115990280446959,1
258,120891.818178773,1287721.3051789,57,23,0.458509280638288,0.68805242042709,0.79997564166668,1.13034815972631,-0.722085947599136,299.799464524151,0.556752061698712,0
259,58869.2305872018,1246433.54923545,98,25,0.28821035881201,-0.0206410739911206,0.758922157993776,0.664667672227029,-1.2213397379071,350.192775408669,0.583427569333759,0
260,803881.284992234,1436812.78197934,51,24,0.474761214164616,0.364583516974921,0.94822115341065,0.519400490860688,-0.620485529248715,254.726576642668,0.611377551163268,1
261,1043296.45531133,1298630.20232378,67,15,0.282409826216088,-0.0694088918255143,0.810822640264528,0.435019294912452,-1.0601909860116,306.112341938195,0.553727395844497,0
262,-77711.9082709814,942797.371705806,156,55,0.327268923737797,0.206421515242271,0.457008852901797,0.338241192223956,-0.0301782784941294,237.160119366682,0.387718966886547,0
263,318127.28226969,697697.994749654,71,16,0.188640188101879,-0.499331423750495,0.213300202717675,-0.119338341242458,-0.500828886925203,360.864810892487,0.126657560459392,1
264,713350.372410879,1026573.93178426,137,26,0.231970867970815,-0.231151859562925,0.540310053530473,0.260224364697737,-0.623051756969196,278.311044861168,0.390308792945877,0
265,947739.656768225,1423327.40454457,97,43,0.415676461417953,0.444331037179261,0.934812293817999,0.851445381886105,-1.48400654331824,242.177319789898,0.571623336819719,0
266,14111.1614477376,1326667.73695378,125,40,0.301076822661828,-0.0897851623205035,0.838701086158703,0.41933439258118,-1.17975647242265,286.792806143054,0.668003241136604,0
267,-132613.00551515,866494.991550476,132,32,0.239416599387023,-0.137633271978255,0.381139422695869,-0.351146076688313,0.100615626711264,260.951063978969,0.303379616183473,0
268,781742.967468904,1100766.68891764,115,27,0.256753762434137,-0.0402720394539419,0.614081830998725,0.584607761292884,-0.802272781452654,326.421286116938,0.379729285776696,0
269,63871.4269830426,990808.403106368,123,39,0.301270622726299,0.102655440473678,0.504747463264204,0.432661792928743,-0.29091868985647,254.00581469712,0.38761975446858,0
270,367712.671778926,1101872.12196664,155,60,0.32995685627507,0.344086279925431,0.615180991672184,0.649351575679457,-0.266343140150755,339.926557807322,0.359325101629829,0
271,606255.292566856,874070.027937453,94,12,0.133734845199584,-1.2142572033636,0.388671477309358,-0.000709172795899033,-1.55244134043023,230.936691520203,0.346077402813795,1
272,368612.923110371,623978.00013759,75,20,0.189532935544858,-0.202065064965453,0.139998505252729,-0.129000842763893,-0.165844102206228,343.93964586639,0.116196022915512,0
273,691323.250221047,872787.830590611,177,14,0.132306995940342,-0.827101338185389,0.387396555322411,-0.00291247792902043,-1.05442602594423,296.093805083181,0.303102652772326,0
274,878943.153538344,1156820.39438453,143,46,0.281859503738984,-0.162641968036871,0.66981748021499,0.471153378196209,-0.954108394080654,363.247955264835,0.36329178656114,1
275,372321.339018886,1458516.89989371,89,44,0.590753290359622,1.10811415038235,0.969802119245969,1.12935926095271,-0.0233765380809353,243.042192811502,0.627510440046046,0
276,780064.190913417,1265305.85131707,74,39,0.476405031721631,0.529772949988861,0.777687376099576,1.03546540990508,-0.813082313284496,327.435410457418,0.504015544663098,1
277,100015.363537901,1079532.24285753,101,37,0.301395651494342,0.134083610577738,0.592967872036504,0.385020988442372,-0.254548412748539,310.975582973026,0.420289092300575,0
278,262180.105974993,1156733.13254356,108,40,0.297243286069638,-0.092221026540915,0.669730713509421,0.456460068147214,-0.81047889494063,358.05596222128,0.362271467158768,1
279,366711.475672239,784552.154652168,107,17,0.197113649151877,-0.559611584644644,0.299661540455814,0.0990924149954801,-0.733521072879809,285.276052641746,0.175568657124331,1
280,-132632.999238989,993123.269866203,125,47,0.303685926487472,0.140730298928242,0.507049195159249,0.571087581284865,-0.378755903481686,282.754593528185,0.39027188975268,0
281,761822.642041875,1271727.85550739,170,103,0.510248287205039,0.649418202118525,0.7840729409759,1.13694948823844,-0.768974314760632,329.658512939499,0.526549002033118,1
282,-22924.5785805511,1179869.23028915,134,24,0.191982483688592,-0.546527241653302,0.692735533930142,-0.140046300935467,-0.775671111683026,349.775552042843,0.573903992355271,0
283,272691.035460325,883153.451115893,85,27,0.258511884842755,0.0573268453217666,0.397703359925138,0.149236865004183,-0.0474018023186784,269.112069528364,0.197584699923066,0
284,777771.017939389,778695.441176093,188,34,0.133270332843946,-0.7047592414582,0.293838058758328,-0.40723468417482,-0.575973337920466,318.932160478147,0.18917989933618,0
285,848114.304503692,929899.582595537,156,41,0.315658665351279,-0.0215451665022285,0.444184247578605,0.373143233386924,-0.362472745366472,236.3249071619,0.230093387613438,1
286,418086.808864946,1075579.44795264,147,34,0.219618821025723,-0.548423893707094,0.589037505820614,-0.0124337065766943,-0.84060490298863,326.659732027143,0.383993182921548,1
287,392444.746599111,1120933.74704658,103,36,0.320770739527724,0.292159709156923,0.6341344585322,0.370813904593126,-0.00517285463653278,356.902757234361,0.393138742628223,0
288,-134815.200070977,723357.290686105,85,20,0.180818353159818,-0.339241985283554,0.238813904363951,-0.244718032556164,-0.251761439816649,346.418009584723,0.218558872799304,0
289,498768.55003618,707460.690342235,133,18,0.153246497399817,-0.539830784731498,0.22300750346472,0.0612380104756765,-0.645227260438121,342.654503258685,0.216404223584566,0
290,243474.491169034,1073179.73766066,179,63,0.266884898255206,-0.307181368930103,0.586651411807008,0.440785437950423,-1.00291016136391,250.996656574387,0.309615975525283,1
291,929835.265573672,1132910.36520391,110,38,0.26096480749311,-0.260839450538564,0.646043119750118,0.312248550184065,-0.860275822627389,359.402044051461,0.349101892525468,1
292,-26560.6580761065,753450.492145967,123,22,0.190753038805296,-0.298375058332666,0.268736352958401,-0.29366577881496,-0.170895316462899,362.266727218408,0.269396560881364,0
293,1099595.96660877,1354687.95978382,108,55,0.464317058235598,0.284665527578739,0.866562318482389,0.655044206734304,-0.89000420561586,245.493444509861,0.647316364344753,1
294,493741.287522712,1190887.60485409,177,79,0.383729387412949,0.457207996842995,0.703691388758457,0.273812352152956,0.417966555940932,364.372887561646,0.541770376726132,0
295,-18536.3564402859,1460173.41491547,180,66,0.337903926346582,-0.0475031303778612,0.971449234979091,0.214913252206664,-1.53474955687036,232.437901888484,0.759114967493792,0
296,916437.945970942,1185263.21630853,188,49,0.23947124906076,-0.11649503157899,0.698098913748642,0.472704784823105,-0.930832500648533,345.505369816239,0.383024811335968,0
297,-47469.0603668495,754216.550570691,154,24,0.195516608149637,-0.289433920072027,0.269498064664771,-0.45930834924822,-0.0596614001505185,340.734349816292,0.269516594653004,0
298,708619.374177877,787797.431900634,102,10,0.128878937832385,-1.14262719424206,0.30288840356546,-0.575268003533757,-0.989334034087922,260.058530007804,0.239722827763643,1
299,98190.5201296242,973616.257877612,74,21,0.426080550670763,0.687521210754902,0.487652868575703,0.593730304490071,0.381269334039981,262.203175212418,0.346026655801144,0
300,1032377.44630389,1472370.64613223,116,49,0.425359710127645,0.400646830610557,0.983577257468323,0.464183379391984,-0.465927475164638,236.145991726871,0.66836260828592,0
